material_idx,material_id,material_name,family_id,family_size,family_basis,series_id,series_size,category,major_oxide_sum_wt_percent,major_oxide_sum_rounded,major_oxide_fields_reported,major_oxide_closure_threshold,major_oxide_closure_excluded,stress_group,exclusion_reason,primary_include,cohort,complete_all10_unqualified,ood_score,radial_score,nearest_selection_train_distance,has_3mj,has_4mj,has_5mj,has_7mj,has_9mj
0,0201h,0201H,fam_664fd5bf84ff,1,singleton,family_fam_664fd5bf84ff,1,other,99.49000000000001,99.49,10,105.0,False,,,True,D_CORE,False,,,,True,True,True,False,False
1,0211h,0211H,fam_81976456f276,1,singleton,family_fam_81976456f276,1,other,99.25000000000001,99.25,10,105.0,False,,,True,V_IN,True,0.5853967436026728,0.47135721404602166,0.5226053412882951,True,True,True,False,False
2,0212h,0212H,fam_c8d351a04843,1,singleton,family_fam_c8d351a04843,1,other,98.7,98.7,10,105.0,False,,,True,A_SEEN_TEST,True,0.939813243253238,0.7080558982963112,0.0,True,True,True,False,False
3,0213h,0213H,fam_e7eab68c28e0,1,singleton,family_fam_e7eab68c28e0,1,other,98.91999999999999,98.92,10,105.0,False,,,True,D_CORE,False,,,,True,True,True,False,False
4,0214h,0214H,fam_a8d00a389642,1,singleton,family_fam_a8d00a389642,1,other,99.64999999999999,99.65,10,105.0,False,,,True,D_CORE,False,,,,True,True,True,False,False
5,0216h,0216H,fam_f439ee6f3d8f,1,singleton,family_fam_f439ee6f3d8f,1,other,99.11999999999999,99.12,10,105.0,False,,,True,D_CORE,False,,,,True,True,True,False,False
6,0228h,0228H,fam_a00950f2ff7a,1,singleton,family_fam_a00950f2ff7a,1,other,98.71,98.71,10,105.0,False,,,True,D_CORE,False,,,,True,True,True,False,False
7,0229h,0229H,fam_3a1239fd91ad,1,singleton,family_fam_3a1239fd91ad,1,other,99.22,99.22,10,105.0,False,,,True,D_CORE,False,,,,True,True,True,False,False
8,0230h,0230H,fam_7f3f490e2fec,1,singleton,family_fam_7f3f490e2fec,1,other,99.85,99.85,10,105.0,False,,,True,D_CORE,False,,,,True,True,True,False,False
9,0232h,0232H,fam_1fac110eef32,1,singleton,family_fam_1fac110eef32,1,other,99.63,99.63,10,105.0,False,,,True,T_IN,True,0.6830115567414767,0.47346523471400176,0.41195087267429414,True,True,True,False,False
10,0242h,0242H,fam_349a04f3eb3c,1,singleton,family_fam_349a04f3eb3c,1,other,99.78999999999998,99.79,10,105.0,False,,,True,D_CORE,False,,,,True,True,True,False,False
11,0243h,0243H,fam_1399f949335c,1,singleton,family_fam_1399f949335c,1,other,99.85000000000002,99.85,10,105.0,False,,,True,D_CORE,False,,,,True,True,True,False,False
12,0245h,0245H,fam_45a7f44d5e0a,1,singleton,family_fam_45a7f44d5e0a,1,other,100.2,100.2,10,105.0,False,,,True,D_CORE,True,0.8942221023317674,0.650722731985025,0.0,True,True,True,False,False
13,0248h,0248H,fam_f25453a568a8,1,singleton,family_fam_f25453a568a8,1,other,99.83999999999999,99.84,10,105.0,False,,,True,D_CORE,False,,,,True,True,True,False,False
14,0249h,0249H,fam_7d66fbf4778a,1,singleton,family_fam_7d66fbf4778a,1,other,99.82,99.82,10,105.0,False,,,True,D_CORE,True,0.8266561332316957,0.5883613921191108,0.0,True,True,True,False,False
15,0250h,0250H,fam_489e4d996d1b,1,singleton,family_fam_489e4d996d1b,1,other,98.97,98.97,10,105.0,False,,,True,D_CORE,False,,,,True,True,True,False,False
16,0254h,0254H,fam_9f6ba5679994,1,singleton,family_fam_9f6ba5679994,1,other,99.21000000000001,99.21,10,105.0,False,,,True,D_CORE,False,,,,True,True,True,False,False
17,0255h,0255H,fam_1c38dc6cbe8a,1,singleton,family_fam_1c38dc6cbe8a,1,other,99.17,99.17,10,105.0,False,,,True,D_CORE,False,,,,True,True,True,False,False
18,0257h,0257H,fam_dcb948590ef6,1,singleton,family_fam_dcb948590ef6,1,other,98.79999999999998,98.8,10,105.0,False,,,True,D_CORE,False,,,,True,True,True,False,False
19,0401h,0401H,fam_0e70b3dac833,1,singleton,family_fam_0e70b3dac833,1,other,97.61999999999998,97.62,10,105.0,False,,,True,D_CORE,True,0.7994060812664694,0.6911047158441775,0.0,True,True,True,False,False
20,04g029b,04G029B,fam_369eae2f24e8,1,singleton,family_fam_369eae2f24e8,1,other,100.08000000000003,100.08,10,105.0,False,,,True,D_CORE,True,,,,True,False,True,True,True
21,04g067,04G067,fam_ac7bc1384554,1,singleton,family_fam_ac7bc1384554,1,other,100.03999999999999,100.04,10,105.0,False,,,True,D_CORE,True,,,,True,False,True,True,True
22,0502h,0502H,fam_58bd477bc33a,1,singleton,family_fam_58bd477bc33a,1,other,97.91,97.91,10,105.0,False,,,True,D_CORE,True,0.6091098001214122,0.5312533145776686,0.0,True,True,True,False,False
23,0507h,0507H,fam_a7311372d3ca,1,singleton,family_fam_a7311372d3ca,1,other,99.91999999999999,99.92,10,105.0,False,,,True,A_SEEN_TEST,True,1.118531188897141,0.9135648991293145,0.0,True,True,True,False,False
24,0509h,0509H,fam_d6708131d94d,1,singleton,family_fam_d6708131d94d,1,other,99.57,99.57,10,105.0,False,,,True,V_OOD,True,1.4307478215862819,1.0579845031623234,0.9242767418487794,True,True,True,False,False
25,050a,050A,fam_550479b220b8,1,singleton,family_fam_550479b220b8,1,other,99.78,99.78,10,105.0,False,,,True,D_CORE,False,,,,True,False,True,True,True
26,0514h,0514H,fam_2fe5b0f52fe6,1,singleton,family_fam_2fe5b0f52fe6,1,other,99.17,99.17,10,105.0,False,,,True,D_CORE,True,0.9551972686874076,0.8151736676292439,0.0,True,True,True,False,False
27,0519h,0519H,fam_ca1059ca8237,1,singleton,family_fam_ca1059ca8237,1,other,99.00999999999999,99.01,10,105.0,False,,,True,D_CORE,True,0.8937644539201288,0.6236081499643239,0.0,True,True,True,False,False
28,0525ah,0525AH,fam_491f641c601f,1,singleton,family_fam_491f641c601f,1,other,99.83999999999996,99.84,10,105.0,False,,,True,D_CORE,False,,,,True,True,True,False,False
29,0529h,0529H,fam_72ba923999db,1,singleton,family_fam_72ba923999db,1,other,98.8,98.8,10,105.0,False,,,True,D_CORE,True,0.6957073925772534,0.5445796590041684,0.0,True,True,True,False,False
30,0530h,0530H,fam_585f43de7d14,1,singleton,family_fam_585f43de7d14,1,other,98.97,98.97,10,105.0,False,,,True,D_CORE,True,0.5892566314100314,0.3987572367385193,0.0,True,True,True,False,False
31,0531h,0531H,fam_39cd5c6cea16,1,singleton,family_fam_39cd5c6cea16,1,other,98.4,98.4,10,105.0,False,,,True,A_SEEN_TEST,True,0.8689016318297271,0.5899506076399295,0.0,True,True,True,False,False
32,0532h,0532H,fam_b1d7397a1ca4,1,singleton,family_fam_b1d7397a1ca4,1,other,97.47,97.47,10,105.0,False,,,True,D_CORE,True,1.04548068091278,0.7052979491600212,0.0,True,True,True,False,False
33,0547h,0547H,fam_27259d3f0b18,1,singleton,family_fam_27259d3f0b18,1,other,98.21,98.21,8,105.0,False,,,True,D_CORE,False,,,,True,False,True,True,True
34,0548h,0548H,fam_4736c37dedcb,1,singleton,family_fam_4736c37dedcb,1,other,99.77000000000001,99.77,9,105.0,False,,,True,V_OOD,True,1.819267998893754,1.2918073969263715,1.2267629488828984,True,True,True,False,False
35,05g062,05G062,fam_fae93f5b7b2c,1,singleton,family_fam_fae93f5b7b2c,1,other,100.27000000000001,100.27,10,105.0,False,,,True,D_CORE,True,,,,False,False,True,True,False
36,0605h,0605H,fam_a23df1fc510d,1,singleton,family_fam_a23df1fc510d,1,other,97.81,97.81,10,105.0,False,,,True,D_CORE,False,,,,True,True,True,False,False
37,0616h,0616H,fam_b7dd72296963,1,singleton,family_fam_b7dd72296963,1,other,97.75999999999999,97.76,10,105.0,False,,,True,D_CORE,False,,,,True,True,True,False,False
38,0621h,0621H,fam_a54fa6781d41,1,singleton,family_fam_a54fa6781d41,1,other,99.67999999999999,99.68,10,105.0,False,,,True,D_CORE,False,,,,True,True,True,False,False
39,10d7,10D7,fam_bb08b4fd970d,1,singleton,family_fam_bb08b4fd970d,1,other,99.42000000000002,99.42,10,105.0,False,,,True,A_SHOT_VAL,True,0.37910955074816555,0.30119565760649397,0.0,True,True,True,False,False
40,1183b,1183B,fam_d7b3277b462d,1,singleton,family_fam_d7b3277b462d,1,other,100.71000000000001,100.71,10,105.0,False,,,True,D_CORE,False,,,,True,True,True,False,False
41,11d1,11D1,fam_8b78e6c5bebe,1,singleton,family_fam_8b78e6c5bebe,1,other,100.19999999999997,100.2,10,105.0,False,,,True,D_CORE,True,0.36715266207240493,0.3213545992292209,0.0,True,True,True,False,False
42,11d2,11D2,fam_5f72929371c5,1,singleton,family_fam_5f72929371c5,1,other,99.74000000000001,99.74,10,105.0,False,,,True,T_IN,True,0.37405550486521555,0.329719202559645,0.0529988980109371,True,True,True,False,False
43,11d28a,11D28A,fam_1d38d2c1ab61,1,singleton,family_fam_1d38d2c1ab61,1,other,99.81000000000003,99.81,10,105.0,False,,,True,D_CORE,True,0.3674979297093506,0.3230873251166569,0.0,True,True,True,False,False
44,11kmased001,11KMASED001,fam_e9571bdc732d,1,singleton,family_fam_e9571bdc732d,1,other,99.86999999999999,99.87,10,105.0,False,,,True,D_CORE,True,0.871714117656122,0.7262864941661451,0.0,True,True,True,False,False
45,11kmased002,11KMASED002,fam_88c29dc6ae77,1,singleton,family_fam_88c29dc6ae77,1,other,99.89,99.89,10,105.0,False,,,True,T_IN,True,0.49085850322368674,0.38066730136322063,0.6308059417294068,True,True,True,False,False
46,11kmased003,11KMASED003,fam_b350bf284b85,1,singleton,family_fam_b350bf284b85,1,other,100.22000000000001,100.22,10,105.0,False,,,True,V_IN,True,0.9651111023894912,0.6719741770820394,0.9789607316060882,True,True,True,False,False
47,11kmased004,11KMASED004,fam_ad65134363b9,1,singleton,family_fam_ad65134363b9,1,other,100.31,100.31,10,105.0,False,,,True,D_CORE,True,,,,True,False,True,False,False
48,11kmased005,11KMASED005,fam_014930f84586,1,singleton,family_fam_014930f84586,1,other,99.70000000000002,99.7,10,105.0,False,,,True,T_IN,True,0.7711766547759166,0.6420833231346196,0.604640981075018,True,True,True,False,False
49,11kmased006,11KMASED006,fam_5509fb7adbd0,1,singleton,family_fam_5509fb7adbd0,1,other,100.26000000000002,100.26,10,105.0,False,,,True,A_SEEN_TEST,True,0.707869566081023,0.5058083086426739,0.0,True,True,True,False,False
50,11kmased007,11KMASED007,fam_c301285aab91,1,singleton,family_fam_c301285aab91,1,other,99.73999999999998,99.74,10,105.0,False,,,True,T_IN,True,0.8201417225671918,0.6805598027148965,0.8651512303536535,True,True,True,False,False
51,11kmased008,11KMASED008,fam_09419b1ffa29,1,singleton,family_fam_09419b1ffa29,1,other,100.34999999999998,100.35,10,105.0,False,,,True,D_CORE,True,0.9636292601455517,0.5837249601357095,0.0,True,True,True,False,False
52,14d18,14D18,fam_abd3bdfb61bd,1,singleton,family_fam_abd3bdfb61bd,1,other,99.44999999999999,99.45,10,105.0,False,,,True,A_SHOT_VAL,True,0.3452983653602042,0.2829567150290424,0.0,True,True,True,False,False
53,14d24,14D24,fam_82b60e376ca1,1,singleton,family_fam_82b60e376ca1,1,other,99.44,99.44,10,105.0,False,,,True,D_CORE,True,0.347919362448188,0.2823866146116345,0.0,True,True,True,False,False
54,14p5,14P5,fam_2f1ae59a4da2,1,singleton,family_fam_2f1ae59a4da2,1,other,97.08,97.08,10,105.0,False,,,True,D_CORE,True,1.2360426025051514,0.7974191564886076,0.0,True,True,True,False,False
55,1596a,1596A,fam_53eb70aa05c8,1,singleton,family_fam_53eb70aa05c8,1,other,100.17999999999999,100.18,10,105.0,False,,,True,D_CORE,False,,,,True,True,True,False,False
56,15d30,15D30,fam_378d464ddf20,1,singleton,family_fam_378d464ddf20,1,other,99.71999999999997,99.72,10,105.0,False,,,True,D_CORE,True,0.3974620603934095,0.3014607741959614,0.0,True,True,True,False,False
57,15d38,15D38,fam_dcae5b0d4be1,1,singleton,family_fam_dcae5b0d4be1,1,other,99.78,99.78,10,105.0,False,,,True,D_CORE,True,0.39546900858415157,0.2983945406432569,0.0,True,True,True,False,False
58,15d4,15D4,fam_23e472a25761,1,singleton,family_fam_23e472a25761,1,other,99.51999999999998,99.52,10,105.0,False,,,True,D_CORE,True,0.3937344966145291,0.29783698509980977,0.0,True,True,True,False,False
59,1782a,1782A,fam_964afa6bcdb3,1,singleton,family_fam_964afa6bcdb3,1,other,100.54,100.54,10,105.0,False,,,True,D_CORE,False,,,,True,True,True,False,False
60,17d11,17D11,fam_e2ce0a86a98d,1,singleton,family_fam_e2ce0a86a98d,1,other,99.88999999999999,99.89,10,105.0,False,,,True,D_CORE,True,0.27334981224390936,0.23260523489111415,0.0,True,True,True,False,False
61,17d24,17D24,fam_35afa58c86e3,1,singleton,family_fam_35afa58c86e3,1,other,98.80000000000001,98.8,10,105.0,False,,,True,D_CORE,True,0.38169656796772944,0.2957478803975999,0.0,True,True,True,False,False
62,17d9,17D9,fam_ba4aab6369b7,1,singleton,family_fam_ba4aab6369b7,1,other,99.65,99.65,10,105.0,False,,,True,D_CORE,True,0.457958945194049,0.30901980977369836,0.0,True,True,True,False,False
63,1843a,1843A,fam_219f9fb9b59b,1,singleton,family_fam_219f9fb9b59b,1,other,100.54,100.54,10,105.0,False,,,True,D_CORE,False,,,,True,True,True,False,False
64,186m,186M,fam_f0ae8b149242,1,singleton,family_fam_f0ae8b149242,1,other,94.79,94.79,10,105.0,False,,,True,V_IN,True,0.7612062516676295,0.5225748659825085,1.1415939027594812,True,True,True,False,False
65,1872a,1872A,fam_0702266f3aa6,1,singleton,family_fam_0702266f3aa6,1,other,99.97000000000001,99.97,10,105.0,False,,,True,D_CORE,False,,,,True,True,True,False,False
66,18d1,18D1,fam_8546a4a71ff2,2,name_alias,family_fam_8546a4a71ff2,2,other,99.88,99.88,10,105.0,False,,,True,D_CORE,True,0.2949972782650154,0.2477624470204608,0.0,True,True,True,False,False
67,18d10,18D10,fam_ff6d57bc3d68,1,singleton,family_fam_ff6d57bc3d68,1,other,99.81,99.81,10,105.0,False,,,True,D_CORE,True,0.4538939435749543,0.3425856981211181,0.0,True,True,True,False,False
68,18d1a,18D1A,fam_8546a4a71ff2,2,name_alias,family_fam_8546a4a71ff2,2,other,99.57,99.57,10,105.0,False,,,True,D_CORE,True,0.25786896713000546,0.22391324761981782,0.0,True,True,True,False,False
69,1941b204,1941B204,fam_67f752c9df83,1,singleton,family_fam_67f752c9df83,1,other,99.97,99.97,10,105.0,False,,,True,T_IN,True,0.7279289323952677,0.4963787140715579,0.6072681016127618,True,True,True,False,False
70,1984aa,1984AA,fam_a6d5ea8216c3,1,singleton,family_fam_a6d5ea8216c3,1,other,99.89000000000001,99.89,10,105.0,False,,,True,D_CORE,True,0.5699644839138729,0.37697647936634276,0.0,True,True,True,False,False
71,19d18,19D18,fam_b8090f7a12a4,1,singleton,family_fam_b8090f7a12a4,1,other,99.87,99.87,10,105.0,False,,,True,D_CORE,True,0.4269827712282287,0.32519388088360285,0.0,True,True,True,False,False
72,19d43,19D43,fam_eafa097c152a,1,singleton,family_fam_eafa097c152a,1,other,100.33000000000001,100.33,10,105.0,False,,,True,D_CORE,True,0.4169697797975611,0.3190448587217718,0.0,True,True,True,False,False
73,19d58,19D58,fam_9a04a0c87643,1,singleton,family_fam_9a04a0c87643,1,other,99.8,99.8,10,105.0,False,,,True,D_CORE,True,0.4303632829085856,0.3256943138438116,0.0,True,True,True,False,False
74,19p5,19P5,fam_ce74e76ca0c5,1,singleton,family_fam_ce74e76ca0c5,1,other,99.46000000000002,99.46,10,105.0,False,,,True,T_IN,True,0.8471710008502438,0.569811476303202,0.49529412874965006,True,True,True,False,False
75,1d13,1D13,fam_2ca3a8492f96,1,singleton,family_fam_2ca3a8492f96,1,other,99.73,99.73,10,105.0,False,,,True,D_CORE,True,0.2763312264384936,0.22618898431602139,0.0,True,True,True,False,False
76,1d17,1D17,fam_68f72cde209c,1,singleton,family_fam_68f72cde209c,1,other,100.27000000000001,100.27,10,105.0,False,,,True,D_CORE,True,0.3005014559692172,0.2461487856165749,0.0,True,True,True,False,False
77,1d24,1D24,fam_b03aed67d91f,1,singleton,family_fam_b03aed67d91f,1,other,99.55,99.55,10,105.0,False,,,True,A_SHOT_VAL,True,0.3007104645704196,0.24475382811401508,0.0,True,True,True,False,False
78,1d30,1D30,fam_8d7a95664327,1,singleton,family_fam_8d7a95664327,1,other,99.44000000000003,99.44,10,105.0,False,,,True,D_CORE,True,0.34679542100416844,0.2714019913185246,0.0,True,True,True,False,False
79,2000a,2000A,fam_91ecfbd18633,1,singleton,family_fam_91ecfbd18633,1,other,100.05999999999999,100.06,10,105.0,False,,,True,D_CORE,False,,,,True,True,True,False,False
80,2023b,2023B,fam_46810ca207b8,1,singleton,family_fam_46810ca207b8,1,other,98.0,98.0,10,105.0,False,,,True,D_CORE,False,,,,True,True,True,False,False
81,203m,203M,fam_a25ffdd641db,1,singleton,family_fam_a25ffdd641db,1,other,89.77000000000002,89.77,10,105.0,False,,,True,V_OOD,True,2.427722496490842,1.52702027773263,1.1642859107215937,True,True,True,False,False
82,208m,208M,fam_eb5b03dc9438,1,singleton,family_fam_eb5b03dc9438,1,other,91.42999999999999,91.43,10,105.0,False,,,True,D_CORE,True,0.7469140632642963,0.5448609028341082,0.0,True,True,True,False,False
83,209m,209M,fam_132ecb98d031,1,singleton,family_fam_132ecb98d031,1,other,93.37,93.37,10,105.0,False,,,True,D_CORE,True,0.6394137761601975,0.4229729219300472,0.0,True,True,True,False,False
84,20d25,20D25,fam_88112af625f4,1,singleton,family_fam_88112af625f4,1,other,99.66000000000001,99.66,10,105.0,False,,,True,D_CORE,True,0.27971971795424444,0.22742549507696824,0.0,True,True,True,False,False
85,210m,210M,fam_80ec8eda7ab9,1,singleton,family_fam_80ec8eda7ab9,1,other,93.13999999999997,93.14,10,105.0,False,,,True,D_CORE,True,0.8378641323050544,0.5754266413631802,0.0,True,True,True,False,False
86,213m,213M,fam_9033b3f8c9d1,1,singleton,family_fam_9033b3f8c9d1,1,other,90.38999999999999,90.39,10,105.0,False,,,True,T_IN,True,0.6059342893556159,0.46987182640846514,0.5873483260011514,True,True,True,False,False
87,215m,215M,fam_49e1dec11f4c,1,singleton,family_fam_49e1dec11f4c,1,other,93.71999999999998,93.72,10,105.0,False,,,True,V_IN,True,0.5195439057311272,0.32926752480233845,0.5531115010433065,True,True,True,False,False
88,2160a,2160A,fam_9f0dfe0139b3,1,singleton,family_fam_9f0dfe0139b3,1,other,99.85000000000001,99.85,9,105.0,False,,,True,D_CORE,False,,,,True,True,True,False,False
89,216m,216M,fam_0e39ebaac0af,1,singleton,family_fam_0e39ebaac0af,1,other,92.77,92.77,10,105.0,False,,,True,V_IN,True,0.5476504193190626,0.38818839154747614,0.3020894040363939,True,True,True,False,False
90,21d1,21D1,fam_895947c25a3d,1,singleton,family_fam_895947c25a3d,1,other,100.08,100.08,10,105.0,False,,,True,D_CORE,True,0.4324310653050445,0.3335758717710117,0.0,True,True,True,False,False
91,21d15,21D15,fam_f2eccff54517,1,singleton,family_fam_f2eccff54517,1,other,99.72999999999999,99.73,10,105.0,False,,,True,D_CORE,True,0.43046416404612814,0.3305498698342173,0.0,True,True,True,False,False
92,21d21,21D21,fam_b72938aefcd9,1,singleton,family_fam_b72938aefcd9,1,other,100.01000000000002,100.01,10,105.0,False,,,True,D_CORE,True,0.433184996672152,0.33003541194160596,0.0,True,True,True,False,False
93,21d35,21D35,fam_452edbaae52d,1,singleton,family_fam_452edbaae52d,1,other,100.47999999999999,100.48,10,105.0,False,,,True,A_SHOT_VAL,True,0.4281103569518191,0.3269286281506649,0.0,True,True,True,False,False
94,21d41,21D41,fam_cbf5c93da71c,1,singleton,family_fam_cbf5c93da71c,1,other,99.78999999999999,99.79,10,105.0,False,,,True,D_CORE,True,0.4331921864620665,0.3347468273971994,0.0,True,True,True,False,False
95,23d8,23D8,fam_115714380801,1,singleton,family_fam_115714380801,1,other,99.71,99.71,10,105.0,False,,,True,A_SHOT_VAL,True,0.27171526550701697,0.2275708027003152,0.0,True,True,True,False,False
96,26d3,26D3,fam_796d1da0c061,1,singleton,family_fam_796d1da0c061,1,other,99.88000000000001,99.88,10,105.0,False,,,True,D_CORE,True,0.3276774152606228,0.2769548414349436,0.0,True,True,True,False,False
97,26d8a,26D8A,fam_589fee440dbc,1,singleton,family_fam_589fee440dbc,1,other,99.77000000000001,99.77,10,105.0,False,,,True,D_CORE,True,0.2884748085450345,0.2408667172266019,0.0,True,True,True,False,False
98,28d18,28D18,fam_9cbb275ff904,1,singleton,family_fam_9cbb275ff904,1,other,99.13000000000001,99.13,10,105.0,False,,,True,D_CORE,True,0.27053190490027756,0.22323985274173402,0.0,True,True,True,False,False
99,28d25,28D25,fam_33d10ef4cd58,1,singleton,family_fam_33d10ef4cd58,1,other,115.83000000000001,115.83,10,105.0,True,nonclosed_reference,major_oxide_sum_gt_105:115.83,False,STRESS_NONCLOSED_REFERENCE,True,,,,False,False,True,False,False
100,28d26,28D26,fam_ab14d5c3c7ee,1,singleton,family_fam_ab14d5c3c7ee,1,other,99.6,99.6,10,105.0,False,,,True,D_CORE,True,0.2714738161649995,0.22971908707740668,0.0,True,True,True,False,False
101,28d27,28D27,fam_26ef51c7d508,1,singleton,family_fam_26ef51c7d508,1,other,99.67,99.67,10,105.0,False,,,True,D_CORE,True,0.27557221711339186,0.22849306463931948,0.0,True,True,True,False,False
102,29d16,29D16,fam_8ece4517ae8b,1,singleton,family_fam_8ece4517ae8b,1,other,99.71,99.71,10,105.0,False,,,True,D_CORE,True,0.4121504434176252,0.3339674279555687,0.0,True,True,True,False,False
103,29d2,29D2,fam_be06a6ac40d8,1,singleton,family_fam_be06a6ac40d8,1,other,100.07,100.07,10,105.0,False,,,True,D_CORE,True,0.3830490416873682,0.3062982893067599,0.0,True,True,True,False,False
104,2d1,2D1,fam_3a5fb20cd78f,1,singleton,family_fam_3a5fb20cd78f,1,other,100.47,100.47,10,105.0,False,,,True,D_CORE,True,0.3474534721989676,0.27241437777206184,0.0,True,True,True,False,False
105,30d11,30D11,fam_5314fd468f78,1,singleton,family_fam_5314fd468f78,1,other,99.99,99.99,10,105.0,False,,,True,D_CORE,True,0.4555144999493397,0.34011881430781105,0.0,True,True,True,False,False
106,30d15,30D15,fam_076f20d89329,1,singleton,family_fam_076f20d89329,1,other,100.32999999999997,100.33,10,105.0,False,,,True,D_CORE,True,0.4570500756663609,0.3474412859540515,0.0,True,True,True,False,False
107,31d118,31D118,fam_f914a219d344,1,singleton,family_fam_f914a219d344,1,other,100.16,100.16,10,105.0,False,,,True,D_CORE,True,0.4191123652246994,0.3177372089849941,0.0,True,True,True,False,False
108,31d153,31D153,fam_260fcc55c86d,1,singleton,family_fam_260fcc55c86d,1,other,100.32000000000001,100.32,10,105.0,False,,,True,D_CORE,True,0.33981814920341696,0.27356022890079335,0.0,True,True,True,False,False
109,31d161,31D161,fam_49c06499aebf,1,singleton,family_fam_49c06499aebf,1,other,99.93,99.93,10,105.0,False,,,True,D_CORE,True,0.42494812274909455,0.3267152974840635,0.0,True,True,True,False,False
110,31d2,31D2,fam_cb421976603b,1,singleton,family_fam_cb421976603b,1,other,99.5,99.5,10,105.0,False,,,True,T_IN,True,0.32603647077839515,0.24961313299595136,0.1460690184932271,True,True,True,False,False
111,33d11,33D11,fam_3546fc72408f,1,singleton,family_fam_3546fc72408f,1,other,100.0,100.0,10,105.0,False,,,True,D_CORE,True,0.4355047317727614,0.32885414081120934,0.0,True,True,True,False,False
112,33d15,33D15,fam_e4c4bfbf371d,1,singleton,family_fam_e4c4bfbf371d,1,other,99.78000000000002,99.78,10,105.0,False,,,True,D_CORE,True,0.3507270601144402,0.29382928755845217,0.0,True,True,True,False,False
113,33d17,33D17,fam_2ecf111e971b,1,singleton,family_fam_2ecf111e971b,1,other,100.30000000000001,100.3,10,105.0,False,,,True,D_CORE,True,0.3525311199188909,0.29559977626729483,0.0,True,True,True,False,False
114,33d19,33D19,fam_326df69be0d8,1,singleton,family_fam_326df69be0d8,1,other,100.22,100.22,10,105.0,False,,,True,D_CORE,True,0.3412840758927841,0.28214970014852236,0.0,True,True,True,False,False
115,34d1,34D1,fam_966136fdf0d4,1,singleton,family_fam_966136fdf0d4,1,other,100.03999999999999,100.04,10,105.0,False,,,True,D_CORE,True,0.40545631928413517,0.3236687754425072,0.0,True,True,True,False,False
116,34p1,34P1,fam_cd0ea24529a2,1,singleton,family_fam_cd0ea24529a2,1,other,99.52999999999999,99.53,10,105.0,False,,,True,D_CORE,True,0.8589282547870325,0.5456725797890365,0.0,True,True,True,False,False
117,36d10,36D10,fam_bff674ead0a7,1,singleton,family_fam_bff674ead0a7,1,other,99.45000000000002,99.45,10,105.0,False,,,True,D_CORE,True,0.29165905481664844,0.24576555764446958,0.0,True,True,True,False,False
118,36d2,36D2,fam_670d9f24ff9b,1,singleton,family_fam_670d9f24ff9b,1,other,99.83,99.83,10,105.0,False,,,True,D_CORE,True,0.3841807108248623,0.3134049545045453,0.0,True,True,True,False,False
119,37d0a,37D0A,fam_0e3e4a8a7e30,1,singleton,family_fam_0e3e4a8a7e30,1,other,99.62999999999998,99.63,10,105.0,False,,,True,D_CORE,True,0.3430864771758697,0.28106955666264677,0.0,True,True,True,False,False
120,37d11,37D11,fam_4f8639261055,1,singleton,family_fam_4f8639261055,1,other,99.75999999999999,99.76,10,105.0,False,,,True,D_CORE,True,0.34150467511133153,0.2824890835616723,0.0,True,True,True,False,False
121,37d14,37D14,fam_ad8f2add7c93,1,singleton,family_fam_ad8f2add7c93,1,other,99.85,99.85,10,105.0,False,,,True,D_CORE,True,0.3396415509577958,0.2796227387100788,0.0,True,True,True,False,False
122,37d2,37D2,fam_17e92143782d,1,singleton,family_fam_17e92143782d,1,other,100.12,100.12,10,105.0,False,,,True,D_CORE,True,0.3558695427391525,0.29684938252286147,0.0,True,True,True,False,False
123,37d40,37D40,fam_c24696971957,1,singleton,family_fam_c24696971957,1,other,100.33999999999999,100.34,10,105.0,False,,,True,D_CORE,True,0.347938843378323,0.2846483065831238,0.0,True,True,True,False,False
124,39d4,39D4,fam_8fb54832dc84,1,singleton,family_fam_8fb54832dc84,1,other,99.67,99.67,10,105.0,False,,,True,D_CORE,True,0.3854587238625654,0.3141811481448702,0.0,True,True,True,False,False
125,41d11,41D11,fam_6b7aaf544d68,1,singleton,family_fam_6b7aaf544d68,1,other,99.42000000000003,99.42,10,105.0,False,,,True,D_CORE,True,0.35603159159195463,0.30887457795940726,0.0,True,True,True,False,False
126,41d2,41D2,fam_6b56b6c434d3,1,singleton,family_fam_6b56b6c434d3,1,other,99.94,99.94,10,105.0,False,,,True,D_CORE,True,0.4062185006312442,0.35841811034230364,0.0,True,True,True,False,False
127,41d22,41D22,fam_13f85d619fd3,1,singleton,family_fam_13f85d619fd3,1,other,99.81,99.81,10,105.0,False,,,True,D_CORE,True,0.3538861211379013,0.2952032626461539,0.0,True,True,True,False,False
128,41d3,41D3,fam_c86905b227b5,1,singleton,family_fam_c86905b227b5,1,other,99.89000000000001,99.89,10,105.0,False,,,True,D_CORE,True,0.3578600688894703,0.3048031472123446,0.0,True,True,True,False,False
129,41d34,41D34,fam_cfb04d7a6aef,1,singleton,family_fam_cfb04d7a6aef,1,other,100.07,100.07,10,105.0,False,,,True,D_CORE,True,0.34619912160567656,0.2903199280340815,0.0,True,True,True,False,False
130,41d37,41D37,fam_395fb8150885,1,singleton,family_fam_395fb8150885,1,other,99.24000000000002,99.24,10,105.0,False,,,True,D_CORE,True,0.35491112409426684,0.29678019027133157,0.0,True,True,True,False,False
131,41d42,41D42,fam_504797ffbc64,1,singleton,family_fam_504797ffbc64,1,other,99.82000000000002,99.82,10,105.0,False,,,True,A_SHOT_VAL,True,0.3564487515637744,0.30263188978819716,0.0,True,True,True,False,False
132,41d9,41D9,fam_4bc423b843a1,1,singleton,family_fam_4bc423b843a1,1,other,99.86000000000003,99.86,10,105.0,False,,,True,D_CORE,True,0.3539456918856333,0.29878102874490314,0.0,True,True,True,False,False
133,42877m,42877M,fam_504cd1e18326,1,singleton,family_fam_504cd1e18326,1,other,95.91,95.91,9,105.0,False,,,True,D_CORE,False,,,,True,True,True,False,False
134,43d0a,43D0A,fam_f89ac3eddd43,1,singleton,family_fam_f89ac3eddd43,1,other,98.95000000000002,98.95,10,105.0,False,,,True,D_CORE,True,0.43720996809620993,0.358667069531508,0.0,True,True,True,False,False
135,43d1,43D1,fam_11a1b4c8f310,1,singleton,family_fam_11a1b4c8f310,1,other,100.04000000000002,100.04,10,105.0,False,,,True,D_CORE,True,0.4565962786174085,0.36048238781672554,0.0,True,True,True,False,False
136,43d14,43D14,fam_677c623d7d50,1,singleton,family_fam_677c623d7d50,1,other,100.19999999999999,100.2,10,105.0,False,,,True,D_CORE,True,0.45359660882546327,0.3607894193362883,0.0,True,True,True,False,False
137,43d15,43D15,fam_1de50e2baa7f,1,singleton,family_fam_1de50e2baa7f,1,other,100.42,100.42,10,105.0,False,,,True,D_CORE,True,0.4641041342153901,0.3605831335268144,0.0,True,True,True,False,False
138,43d22,43D22,fam_a2f507ebe31a,1,singleton,family_fam_a2f507ebe31a,1,other,99.73000000000002,99.73,10,105.0,False,,,True,D_CORE,True,0.4530608073261491,0.3665415923630607,0.0,True,True,True,False,False
139,44d6,44D6,fam_c5c38aa508b0,1,singleton,family_fam_c5c38aa508b0,1,other,100.45000000000002,100.45,10,105.0,False,,,True,D_CORE,True,0.4125191322008346,0.3206811681540075,0.0,True,True,True,False,False
140,46436m,46436M,fam_03a2ec7023d0,1,singleton,family_fam_03a2ec7023d0,1,other,96.35,96.35,9,105.0,False,,,True,D_CORE,False,,,,True,True,True,False,False
141,47d14,47D14,fam_adeb11f25df7,1,singleton,family_fam_adeb11f25df7,1,other,99.67000000000002,99.67,10,105.0,False,,,True,D_CORE,True,0.3486106487096723,0.2905732700126554,0.0,True,True,True,False,False
142,47d28,47D28,fam_2f85743f3db4,1,singleton,family_fam_2f85743f3db4,1,other,99.44,99.44,10,105.0,False,,,True,D_CORE,True,0.5421433732663443,0.40182169242099464,0.0,True,True,True,False,False
143,47d48,47D48,fam_8370a56548a0,1,singleton,family_fam_8370a56548a0,1,other,100.35000000000002,100.35,10,105.0,False,,,True,D_CORE,True,0.5598470218911727,0.40695239550456885,0.0,True,True,True,False,False
144,48d0a,48D0A,fam_da0345129d92,1,singleton,family_fam_da0345129d92,1,other,99.59,99.59,10,105.0,False,,,True,D_CORE,True,0.3792052593576548,0.3199068163544344,0.0,True,True,True,False,False
145,48d1,48D1,fam_c0c1fd97d5d0,1,singleton,family_fam_c0c1fd97d5d0,1,other,99.22,99.22,10,105.0,False,,,True,D_CORE,True,0.36771586134402484,0.30223081941038826,0.0,True,True,True,False,False
146,50d45,50D45,fam_0a6ffe818686,1,singleton,family_fam_0a6ffe818686,1,other,100.16,100.16,10,105.0,False,,,True,D_CORE,True,0.39877264888339914,0.30948807603331174,0.0,True,True,True,False,False
147,50d63,50D63,fam_81b8a552352a,1,singleton,family_fam_81b8a552352a,1,other,100.23000000000002,100.23,10,105.0,False,,,True,D_CORE,True,0.38191244468133445,0.30930916471728387,0.0,True,True,True,False,False
148,51d5,51D5,fam_439211464cfd,1,singleton,family_fam_439211464cfd,1,other,99.91999999999999,99.92,10,105.0,False,,,True,D_CORE,True,0.48202436109016444,0.35524596278314574,0.0,True,True,True,False,False
149,53d12,53D12,fam_61125ffb63ce,1,singleton,family_fam_61125ffb63ce,1,other,100.27,100.27,10,105.0,False,,,True,D_CORE,True,0.3376973064960031,0.2702973939663105,0.0,True,True,True,False,False
150,53d13,53D13,fam_9be96d07793e,1,singleton,family_fam_9be96d07793e,1,other,100.20000000000002,100.2,10,105.0,False,,,True,D_CORE,True,0.3352925011992455,0.2700838123043064,0.0,True,True,True,False,False
151,53d21,53D21,fam_97ce9ef81db9,1,singleton,family_fam_97ce9ef81db9,1,other,100.33999999999999,100.34,10,105.0,False,,,True,D_CORE,True,0.34143582651818544,0.2725329203042787,0.0,True,True,True,False,False
152,53d24,53D24,fam_1d6db50d4326,1,singleton,family_fam_1d6db50d4326,1,other,99.42999999999998,99.43,10,105.0,False,,,True,D_CORE,True,0.34051366493742397,0.2711142101800303,0.0,True,True,True,False,False
153,53d6,53D6,fam_9a0e1d397648,1,singleton,family_fam_9a0e1d397648,1,other,100.17,100.17,10,105.0,False,,,True,D_CORE,True,0.3299179599522785,0.26527198702885374,0.0,True,True,True,False,False
154,54939m,54939M,fam_6d2c73eccd36,1,singleton,family_fam_6d2c73eccd36,1,other,94.86999999999999,94.87,9,105.0,False,,,True,D_CORE,False,,,,True,True,True,False,False
155,54940m,54940M,fam_816a9dfdb039,1,singleton,family_fam_816a9dfdb039,1,other,95.75999999999999,95.76,9,105.0,False,,,True,D_CORE,False,,,,True,True,True,False,False
156,54941m,54941M,fam_ff0fa9bad762,1,singleton,family_fam_ff0fa9bad762,1,other,95.83,95.83,9,105.0,False,,,True,D_CORE,False,,,,True,True,True,False,False
157,54942m,54942M,fam_473ed4a7fa7b,1,singleton,family_fam_473ed4a7fa7b,1,other,94.81999999999998,94.82,9,105.0,False,,,True,D_CORE,False,,,,True,True,True,False,False
158,54943bm,54943BM,fam_bdcf34ab3f76,1,singleton,family_fam_bdcf34ab3f76,1,other,94.18999999999998,94.19,9,105.0,False,,,True,D_CORE,False,,,,True,True,True,False,False
159,54944m,54944M,fam_dacd1056d5b4,1,singleton,family_fam_dacd1056d5b4,1,other,96.30999999999997,96.31,9,105.0,False,,,True,D_CORE,False,,,,True,True,True,False,False
160,54947m,54947M,fam_2f733ee72b8e,1,singleton,family_fam_2f733ee72b8e,1,other,89.39999999999999,89.4,9,105.0,False,,,True,D_CORE,False,,,,True,True,True,False,False
161,54949m,54949M,fam_79ef4d46404e,1,singleton,family_fam_79ef4d46404e,1,other,67.51,67.51,8,105.0,False,,,True,D_CORE,False,,,,True,True,True,False,False
162,54d2,54D2,fam_5d8d642201d9,1,singleton,family_fam_5d8d642201d9,1,other,99.95000000000002,99.95,10,105.0,False,,,True,D_CORE,True,0.3421637307067275,0.27010628766630423,0.0,True,True,True,False,False
163,55d17,55D17,fam_77e95a0931c1,1,singleton,family_fam_77e95a0931c1,1,other,99.14999999999998,99.15,10,105.0,False,,,True,D_CORE,True,0.33446535910454883,0.26180912428329933,0.0,True,True,True,False,False
164,60d1,60D1,fam_01323f4b4608,1,singleton,family_fam_01323f4b4608,1,other,99.27,99.27,10,105.0,False,,,True,D_CORE,True,0.3087712115559823,0.252887662924725,0.0,True,True,True,False,False
165,60d10,60D10,fam_ac0ef5da7268,1,singleton,family_fam_ac0ef5da7268,1,other,99.80999999999999,99.81,10,105.0,False,,,True,D_CORE,True,0.3240649346941802,0.2562673327856255,0.0,True,True,True,False,False
166,60d29,60D29,fam_c848b2cbde63,1,singleton,family_fam_c848b2cbde63,1,other,99.50999999999999,99.51,10,105.0,False,,,True,D_CORE,True,0.30952634459033534,0.24744254530827717,0.0,True,True,True,False,False
167,62d11,62D11,fam_f93d1bc0f15d,1,singleton,family_fam_f93d1bc0f15d,1,other,99.99999999999999,100.0,10,105.0,False,,,True,D_CORE,True,0.3321681037673164,0.27216151976765623,0.0,True,True,True,False,False
168,62d7,62D7,fam_9e61177d9c05,1,singleton,family_fam_9e61177d9c05,1,other,99.80999999999999,99.81,10,105.0,False,,,True,D_CORE,True,0.3285221471936874,0.2699516822545465,0.0,True,True,True,False,False
169,63d1,63D1,fam_b3f8d347a8e7,1,singleton,family_fam_b3f8d347a8e7,1,other,99.72,99.72,10,105.0,False,,,True,D_CORE,True,0.4121539872990424,0.31185113768209827,0.0,True,True,True,False,False
170,63d3,63D3,fam_255ce228066e,1,singleton,family_fam_255ce228066e,1,other,99.98,99.98,10,105.0,False,,,True,D_CORE,True,0.4077585745594508,0.31170155977347147,0.0,True,True,True,False,False
171,65d13,65D13,fam_5ecac9dbaab6,1,singleton,family_fam_5ecac9dbaab6,1,other,99.97000000000001,99.97,10,105.0,False,,,True,D_CORE,True,0.36299206415739205,0.3021498775904035,0.0,True,True,True,False,False
172,65d4,65D4,fam_920939d18f35,1,singleton,family_fam_920939d18f35,1,other,99.77000000000001,99.77,10,105.0,False,,,True,D_CORE,True,0.3579141152309766,0.2999948786641293,0.0,True,True,True,False,False
173,65d42,65D42,fam_b11be6bd23bb,1,singleton,family_fam_b11be6bd23bb,1,other,100.05,100.05,10,105.0,False,,,True,D_CORE,True,0.48237941902748366,0.35047995762938605,0.0,True,True,True,False,False
174,65d55,65D55,fam_4b3a897fa658,1,singleton,family_fam_4b3a897fa658,1,other,99.49,99.49,10,105.0,False,,,True,D_CORE,False,,,,True,True,True,False,False
175,65d56,65D56,fam_db8765c84d8b,1,singleton,family_fam_db8765c84d8b,1,other,99.82000000000001,99.82,10,105.0,False,,,True,D_CORE,True,0.41960423311384654,0.31849392881445115,0.0,True,True,True,False,False
176,68d12,68D12,fam_311890a5ef62,1,singleton,family_fam_311890a5ef62,1,other,100.14,100.14,10,105.0,False,,,True,A_SHOT_VAL,True,0.37559831803330923,0.30314846266311635,0.0,True,True,True,False,False
177,68d15,68D15,fam_abbe4ca8032a,1,singleton,family_fam_abbe4ca8032a,1,other,99.8,99.8,10,105.0,False,,,True,D_CORE,True,0.3235240149514156,0.24945771440013687,0.0,True,True,True,False,False
178,68d19,68D19,fam_c7bf7a1c511f,1,singleton,family_fam_c7bf7a1c511f,1,other,99.66,99.66,10,105.0,False,,,True,D_CORE,True,0.2784610434866712,0.22056868222607567,0.0,True,True,True,False,False
179,68d23,68D23,fam_2f958d93157b,1,singleton,family_fam_2f958d93157b,1,other,99.72,99.72,10,105.0,False,,,True,D_CORE,True,0.3496907323772478,0.2657461940448246,0.0,True,True,True,False,False
180,68d43,68D43,fam_89b23f6637f3,1,singleton,family_fam_89b23f6637f3,1,other,99.82000000000001,99.82,10,105.0,False,,,True,D_CORE,True,0.497138109736481,0.3805683123713736,0.0,True,True,True,False,False
181,68d50,68D50,fam_c2b266ef2cc4,1,singleton,family_fam_c2b266ef2cc4,1,other,100.36,100.36,10,105.0,False,,,True,D_CORE,True,0.5123541555313642,0.38628410670607805,0.0,True,True,True,False,False
182,68d51,68D51,fam_7cb85d6cd2fd,2,exact_chemistry,family_fam_7cb85d6cd2fd,2,other,99.69000000000003,99.69,10,105.0,False,,,True,A_SHOT_VAL,True,0.3395880902249472,0.26060203675656757,0.0,True,True,True,False,False
183,68d6,68D6,fam_12eb9b1535d2,1,singleton,family_fam_12eb9b1535d2,1,other,100.23000000000002,100.23,10,105.0,False,,,True,D_CORE,True,0.38512638811329725,0.3136698623767653,0.0,True,True,True,False,False
184,6d23,6D23,fam_169964a66974,1,singleton,family_fam_169964a66974,1,other,100.25999999999999,100.26,10,105.0,False,,,True,D_CORE,True,0.3913772904055214,0.3148961155444753,0.0,True,True,True,False,False
185,6d59,6D59,fam_f1f1d76b97fc,1,singleton,family_fam_f1f1d76b97fc,1,other,99.76,99.76,10,105.0,False,,,True,V_IN,True,0.43689075072246686,0.3496925062985499,0.016107785713911367,True,True,True,False,False
186,6d8,6D8,fam_01ce27d51bd1,1,singleton,family_fam_01ce27d51bd1,1,other,100.24,100.24,10,105.0,False,,,True,D_CORE,True,0.38681470472045304,0.3120916170499673,0.0,True,True,True,False,False
187,6d9,6D9,fam_e3da88df1bb1,1,singleton,family_fam_e3da88df1bb1,1,other,99.86,99.86,10,105.0,False,,,True,D_CORE,True,0.41534281423510394,0.32561042055299655,0.0,True,True,True,False,False
188,7028h,7028H,fam_96bed852b735,1,singleton,family_fam_96bed852b735,1,other,100.4,100.4,10,105.0,False,,,True,D_CORE,False,,,,True,True,True,False,False
189,70d24,70D24,fam_21784770af53,1,singleton,family_fam_21784770af53,1,other,99.56,99.56,10,105.0,False,,,True,D_CORE,True,0.5268124141382008,0.3561299220384581,0.0,True,True,True,False,False
190,70d50,70D50,fam_f6f687350185,1,singleton,family_fam_f6f687350185,1,other,99.36,99.36,10,105.0,False,,,True,A_SHOT_VAL,True,0.29468922911829487,0.24728852525627548,0.0,True,True,True,False,False
191,70d52,70D52,fam_124f8fd2175a,1,singleton,family_fam_124f8fd2175a,1,other,99.68000000000002,99.68,10,105.0,False,,,True,D_CORE,True,0.2938630765227709,0.2514336085359993,0.0,True,True,True,False,False
192,72d1,72D1,fam_9709550984bf,1,singleton,family_fam_9709550984bf,1,other,99.45000000000003,99.45,10,105.0,False,,,True,D_CORE,True,0.7489987954167452,0.46455681370668866,0.0,True,True,True,False,False
193,72d15,72D15,fam_de8e318e9d73,1,singleton,family_fam_de8e318e9d73,1,other,100.69,100.69,10,105.0,False,,,True,D_CORE,True,0.5330096964250568,0.41755578967947576,0.0,True,True,True,False,False
194,72d34,72D34,fam_ad76e61bdb43,1,singleton,family_fam_ad76e61bdb43,1,other,100.14,100.14,10,105.0,False,,,True,D_CORE,True,0.4499360104576891,0.3364965702484025,0.0,True,True,True,False,False
195,72d53,72D53,fam_206f8635f49a,1,singleton,family_fam_206f8635f49a,1,other,99.93,99.93,10,105.0,False,,,True,D_CORE,True,0.4876420110779988,0.3585762530917171,0.0,True,True,True,False,False
196,72d67,72D67,fam_e4f0ab0f7cb0,1,singleton,family_fam_e4f0ab0f7cb0,1,other,99.63999999999999,99.64,10,105.0,False,,,True,D_CORE,True,0.5125362598358156,0.3914992279502948,0.0,True,True,True,False,False
197,7301h,7301H,fam_388bc973748e,1,singleton,family_fam_388bc973748e,1,other,100.64000000000001,100.64,10,105.0,False,,,True,D_CORE,True,0.7454212830753706,0.5307063261514872,0.0,True,True,True,False,False
198,73d13,73D13,fam_88cf72c1c901,1,singleton,family_fam_88cf72c1c901,1,other,100.47000000000001,100.47,10,105.0,False,,,True,A_SEEN_TEST,True,0.5483657676473115,0.43048694428676965,0.0,True,True,True,False,False
199,75d3,75D3,fam_3c366af87576,1,singleton,family_fam_3c366af87576,1,other,100.39,100.39,10,105.0,False,,,True,D_CORE,True,0.792263254404917,0.4938629659437166,0.0,True,True,True,False,False
200,77d7,77D7,fam_09e32e4e5cdc,1,singleton,family_fam_09e32e4e5cdc,1,other,100.36,100.36,10,105.0,False,,,True,D_CORE,True,0.5953944780251204,0.4475246435395116,0.0,True,True,True,False,False
201,78d1,78D1,fam_4595c3d3b064,2,exact_chemistry,family_fam_4595c3d3b064,2,other,99.64000000000001,99.64,10,105.0,False,,,True,D_CORE,True,0.3313626228280069,0.2776929929025722,0.0,True,True,True,False,False
202,78d5,78D5,fam_b8025f30528b,1,singleton,family_fam_b8025f30528b,1,other,99.82000000000004,99.82,10,105.0,False,,,True,D_CORE,True,,,,True,False,True,True,False
203,78d7,78D7,fam_89926b6dd942,1,singleton,family_fam_89926b6dd942,1,other,99.87000000000002,99.87,10,105.0,False,,,True,D_CORE,True,0.34924781550948314,0.2845513649062752,0.0,True,True,True,False,False
204,78dtype1,78DTYPE1,fam_4595c3d3b064,2,exact_chemistry,family_fam_4595c3d3b064,2,other,99.64000000000001,99.64,10,105.0,False,,,True,D_CORE,True,0.3313626228280069,0.2776929929025722,0.0,True,True,True,False,False
205,7d1,7D1,fam_63bdac7cf8a3,1,singleton,family_fam_63bdac7cf8a3,1,other,99.58999999999999,99.59,10,105.0,False,,,True,D_CORE,True,0.4243260617441168,0.3223342914676263,0.0,True,True,True,False,False
206,7d16,7D16,fam_d03570eb072c,1,singleton,family_fam_d03570eb072c,1,other,99.63,99.63,10,105.0,False,,,True,A_SHOT_VAL,True,0.4329225027756795,0.34814470320263907,0.0,True,True,True,False,False
207,7d8,7D8,fam_843c8d02d2bb,1,singleton,family_fam_843c8d02d2bb,1,other,100.38,100.38,10,105.0,False,,,True,D_CORE,True,0.4134994186203477,0.32277442729952543,0.0,True,True,True,False,False
208,81d1,81D1,fam_506d5ff76cdb,1,singleton,family_fam_506d5ff76cdb,1,other,100.07000000000001,100.07,10,105.0,False,,,True,D_CORE,True,0.3480686126392508,0.27336074768018975,0.0,True,True,True,False,False
209,81d4,81D4,fam_e42024238911,1,singleton,family_fam_e42024238911,1,other,100.27000000000001,100.27,10,105.0,False,,,True,D_CORE,True,0.3274452196353294,0.2687786733274094,0.0,True,True,True,False,False
210,83m,83M,fam_1675abd6e7e6,1,singleton,family_fam_1675abd6e7e6,1,other,87.63000000000001,87.63,10,105.0,False,,,True,T_OOD,True,1.46936031864096,0.9066726551195794,1.2480663540781511,True,True,True,False,False
211,845l,845L,fam_bbc2b122ae13,1,singleton,family_fam_bbc2b122ae13,1,other,100.08,100.08,10,105.0,False,,,True,D_CORE,False,,,,True,False,True,True,True
212,84br,84BR,fam_386777834234,1,singleton,family_fam_386777834234,1,other,98.19999999999999,98.2,9,105.0,False,,,True,D_CORE,False,,,,True,True,True,False,False
213,84m,84M,fam_bc020fd9d0e8,1,singleton,family_fam_bc020fd9d0e8,1,other,92.7,92.7,10,105.0,False,,,True,D_CORE,True,0.4491202548964621,0.35273274222486906,0.0,True,True,True,False,False
214,85m,85M,fam_1514923d3b46,1,singleton,family_fam_1514923d3b46,1,other,92.41,92.41,10,105.0,False,,,True,T_IN,True,0.43564516895275274,0.33974830255783545,0.2029117266997625,True,True,True,False,False
215,86bm,86BM,fam_d105a0107908,1,singleton,family_fam_d105a0107908,1,other,98.83999999999999,98.84,9,105.0,False,,,True,D_CORE,False,,,,True,True,True,False,False
216,8901h,8901H,fam_903b5d701fb3,1,singleton,family_fam_903b5d701fb3,1,other,99.21000000000001,99.21,10,105.0,False,,,True,D_CORE,True,0.923128138463198,0.6531467940455038,0.0,True,True,True,False,False
217,8902h,8902H,fam_7c42a40d0930,1,singleton,family_fam_7c42a40d0930,1,other,99.26,99.26,10,105.0,False,,,True,D_CORE,False,,,,True,True,True,False,False
218,8905h,8905H,fam_1dbc15452f42,1,singleton,family_fam_1dbc15452f42,1,other,99.50999999999998,99.51,10,105.0,False,,,True,D_CORE,False,,,,True,True,True,False,False
219,8906h,8906H,fam_d635b83983b2,1,singleton,family_fam_d635b83983b2,1,other,103.14999999999999,103.15,10,105.0,False,,,True,A_SEEN_TEST,True,0.8020006541623181,0.5994499893023418,0.0,True,True,True,False,False
220,8909h,8909H,fam_a4150e22bebb,1,singleton,family_fam_a4150e22bebb,1,other,101.87000000000002,101.87,10,105.0,False,,,True,D_CORE,False,,,,True,True,True,False,False
221,8914h,8914H,fam_767b87060184,1,singleton,family_fam_767b87060184,1,other,98.88,98.88,10,105.0,False,,,True,D_CORE,False,,,,True,True,True,False,False
222,8918h,8918H,fam_b536eb8d905e,1,singleton,family_fam_b536eb8d905e,1,other,99.05000000000003,99.05,10,105.0,False,,,True,D_CORE,False,,,,True,True,True,False,False
223,8919h,8919H,fam_c6d36111ef85,1,singleton,family_fam_c6d36111ef85,1,other,98.56000000000003,98.56,10,105.0,False,,,True,D_CORE,False,,,,True,True,True,False,False
224,8920h,8920H,fam_f8136a29e65c,1,singleton,family_fam_f8136a29e65c,1,other,103.15,103.15,10,105.0,False,,,True,D_CORE,False,,,,True,True,True,False,False
225,8922h,8922H,fam_0a2d58d1b129,1,singleton,family_fam_0a2d58d1b129,1,other,99.2,99.2,10,105.0,False,,,True,D_CORE,False,,,,True,True,True,False,False
226,8d11,8D11,fam_18364424790c,1,singleton,family_fam_18364424790c,1,other,99.33,99.33,10,105.0,False,,,True,D_CORE,True,0.4298514029492069,0.3296071604543384,0.0,True,True,True,False,False
227,8d19,8D19,fam_0936b40f2bf0,1,singleton,family_fam_0936b40f2bf0,1,other,100.48000000000002,100.48,10,105.0,False,,,True,A_SHOT_VAL,True,0.42980527587760387,0.33879177576799135,0.0,True,True,True,False,False
228,8d5,8D5,fam_e3a1103db22c,1,singleton,family_fam_e3a1103db22c,1,other,100.32000000000001,100.32,10,105.0,False,,,True,D_CORE,True,0.4293816570474731,0.32888447445167107,0.0,True,True,True,False,False
229,907a,907A,fam_e9c8ddd34258,1,singleton,family_fam_e9c8ddd34258,1,other,100.5,100.5,9,105.0,False,,,True,D_CORE,False,,,,True,False,True,True,True
230,9105h,9105H,fam_a638cfdf9b32,1,singleton,family_fam_a638cfdf9b32,1,other,99.33999999999999,99.34,10,105.0,False,,,True,D_CORE,False,,,,True,True,True,False,False
231,9107h,9107H,fam_c7bb751de05a,1,singleton,family_fam_c7bb751de05a,1,other,102.14999999999999,102.15,10,105.0,False,,,True,D_CORE,False,,,,True,True,True,False,False
232,9108h,9108H,fam_3fce768cd1bc,1,singleton,family_fam_3fce768cd1bc,1,other,102.64,102.64,10,105.0,False,,,True,D_CORE,False,,,,True,True,True,False,False
233,9112a,9112A,fam_247bf5dae463,1,singleton,family_fam_247bf5dae463,1,other,99.54,99.54,10,105.0,False,,,True,V_OOD,True,1.5410032259048465,1.06659470575711,1.0642806879532913,True,True,True,False,False
234,9115h,9115H,fam_0f18fe15d25e,1,singleton,family_fam_0f18fe15d25e,1,other,108.24999999999999,108.25,10,105.0,True,nonclosed_reference,major_oxide_sum_gt_105:108.25,False,STRESS_NONCLOSED_REFERENCE,True,,,,False,True,False,False,False
235,9121h,9121H,fam_72fd359d5e5a,1,singleton,family_fam_72fd359d5e5a,1,other,98.50999999999999,98.51,10,105.0,False,,,True,A_SEEN_TEST,True,1.1663133392109608,0.7834164858523528,0.0,True,True,True,False,False
236,9123h,9123H,fam_33eb60cad19f,1,singleton,family_fam_33eb60cad19f,1,other,101.26,101.26,10,105.0,False,,,True,D_CORE,False,,,,True,True,True,False,False
237,9125h,9125H,fam_17f529ae2655,1,singleton,family_fam_17f529ae2655,1,other,99.18,99.18,10,105.0,False,,,True,D_CORE,True,0.5445475182062499,0.34748524481170884,0.0,True,True,True,False,False
238,9126h,9126H,fam_66bd3642083d,1,singleton,family_fam_66bd3642083d,1,other,98.69000000000003,98.69,10,105.0,False,,,True,D_CORE,True,0.581999010380216,0.4051029250793489,0.0,True,True,True,False,False
239,9132h,9132H,fam_92c8d591ebcd,1,singleton,family_fam_92c8d591ebcd,1,other,104.31000000000002,104.31,10,105.0,False,,,True,D_CORE,False,,,,True,True,True,False,False
240,9133h,9133H,fam_08c85d3b9812,1,singleton,family_fam_08c85d3b9812,1,other,101.32000000000001,101.32,10,105.0,False,,,True,D_CORE,False,,,,True,True,True,False,False
241,9136h,9136H,fam_26bee88acb6d,1,singleton,family_fam_26bee88acb6d,1,other,98.14999999999999,98.15,10,105.0,False,,,True,D_CORE,False,,,,True,False,False,False,False
242,9142h,9142H,fam_f4a2c4d53ae3,1,singleton,family_fam_f4a2c4d53ae3,1,other,99.37000000000003,99.37,10,105.0,False,,,True,D_CORE,True,0.6828775056648269,0.5209913775973923,0.0,True,True,True,False,False
243,9144h,9144H,fam_bf38dc018819,1,singleton,family_fam_bf38dc018819,1,other,98.37,98.37,10,105.0,False,,,True,A_SEEN_TEST,True,0.8631743229878293,0.5953593615090818,0.0,True,True,True,False,False
244,9148h,9148H,fam_27352e693991,1,singleton,family_fam_27352e693991,1,other,99.1,99.1,10,105.0,False,,,True,D_CORE,True,,,,False,False,True,False,False
245,9149h,9149H,fam_9668f1d293f8,1,singleton,family_fam_9668f1d293f8,1,other,100.31999999999998,100.32,10,105.0,False,,,True,D_CORE,True,0.5738410198891972,0.43320339553558596,0.0,True,True,True,False,False
246,9150h,9150H,fam_a88db8bf8489,1,singleton,family_fam_a88db8bf8489,1,other,99.52000000000001,99.52,10,105.0,False,,,True,D_CORE,True,0.6418202438590954,0.4564557332449523,0.0,True,True,True,False,False
247,9301h,9301H,fam_1b0bbf9d1cf3,1,singleton,family_fam_1b0bbf9d1cf3,1,other,106.31,106.31,10,105.0,True,nonclosed_reference,major_oxide_sum_gt_105:106.31,False,STRESS_NONCLOSED_REFERENCE,True,,,,True,True,True,False,False
248,9302h,9302H,fam_a67a01e5ddbd,1,singleton,family_fam_a67a01e5ddbd,1,other,99.03999999999999,99.04,10,105.0,False,,,True,D_CORE,False,,,,True,True,True,False,False
249,9310h,9310H,fam_62a743fd4f4e,1,singleton,family_fam_62a743fd4f4e,1,other,99.90000000000002,99.9,10,105.0,False,,,True,D_CORE,False,,,,True,True,True,False,False
250,9313h,9313H,fam_fe8805febd75,1,singleton,family_fam_fe8805febd75,1,other,99.24000000000001,99.24,10,105.0,False,,,True,V_IN,True,0.8119460487333544,0.6050310805107525,0.5638661680352757,True,True,True,False,False
251,9314h,9314H,fam_4df53fb8c041,1,singleton,family_fam_4df53fb8c041,1,other,99.66000000000001,99.66,10,105.0,False,,,True,D_CORE,True,0.9365012719134405,0.6721061684843644,0.0,True,True,True,False,False
252,9322h,9322H,fam_5a00042e6903,1,singleton,family_fam_5a00042e6903,1,other,98.60000000000001,98.6,10,105.0,False,,,True,D_CORE,True,0.5803760534527804,0.44798730850960017,0.0,True,True,True,False,False
253,9327h,9327H,fam_813e052de472,1,singleton,family_fam_813e052de472,1,other,98.36,98.36,10,105.0,False,,,True,D_CORE,True,1.1235786840040276,0.8339166511623839,0.0,True,True,True,False,False
254,9333h,9333H,fam_b88b2b5ade76,1,singleton,family_fam_b88b2b5ade76,1,other,100.06,100.06,10,105.0,False,,,True,D_CORE,False,,,,True,True,True,False,False
255,9334h,9334H,fam_a7e35e22b879,1,singleton,family_fam_a7e35e22b879,1,other,99.24,99.24,10,105.0,False,,,True,D_CORE,False,,,,True,True,True,False,False
256,9338h,9338H,fam_882ce3a69650,1,singleton,family_fam_882ce3a69650,1,other,99.22,99.22,10,105.0,False,,,True,D_CORE,True,0.6775132997421157,0.5028387388189113,0.0,True,True,True,False,False
257,9339h,9339H,fam_266e14c2984d,1,singleton,family_fam_266e14c2984d,1,other,100.37000000000003,100.37,10,105.0,False,,,True,D_CORE,True,0.8619094076106264,0.6442270958137507,0.0,True,True,True,False,False
258,9340h,9340H,fam_d26b2e70d28a,1,singleton,family_fam_d26b2e70d28a,1,other,98.66999999999999,98.67,10,105.0,False,,,True,A_SHOT_VAL,True,0.8339070490910735,0.6235675131014122,0.0,True,True,True,False,False
259,9346h,9346H,fam_7f9366519252,1,singleton,family_fam_7f9366519252,1,other,100.33,100.33,10,105.0,False,,,True,A_SEEN_TEST,True,0.695098648731502,0.49167605868377745,0.0,True,True,True,False,False
260,9349h,9349H,fam_033c0447345c,1,singleton,family_fam_033c0447345c,1,other,98.91999999999999,98.92,10,105.0,False,,,True,D_CORE,True,0.7532774617353751,0.5206428117523177,0.0,True,True,True,False,False
261,9350h,9350H,fam_407eb827ad9e,1,singleton,family_fam_407eb827ad9e,1,other,100.25,100.25,10,105.0,False,,,True,D_CORE,True,0.7002458506785589,0.536288413786499,0.0,True,True,True,False,False
262,9352h,9352H,fam_577cbec205ee,1,singleton,family_fam_577cbec205ee,1,other,100.11000000000001,100.11,10,105.0,False,,,True,A_SEEN_TEST,True,0.8832238409643819,0.6549687880825132,0.0,True,True,True,False,False
263,9356h,9356H,fam_209b042bf9e4,1,singleton,family_fam_209b042bf9e4,1,other,98.61000000000001,98.61,10,105.0,False,,,True,D_CORE,True,0.8166853910917126,0.6347182825420824,0.0,True,True,True,False,False
264,9357h,9357H,fam_4b1ff3e62b11,1,singleton,family_fam_4b1ff3e62b11,1,other,98.91,98.91,10,105.0,False,,,True,T_IN,True,0.8614284470033327,0.677261766882629,0.4393980982931659,True,True,True,False,False
265,9358h,9358H,fam_29fa5f5235c2,1,singleton,family_fam_29fa5f5235c2,1,other,100.41000000000001,100.41,10,105.0,False,,,True,D_CORE,True,0.9525433087690982,0.7234245115263536,0.0,True,True,True,False,False
266,9360h,9360H,fam_7ad9b5c9d67e,1,singleton,family_fam_7ad9b5c9d67e,1,other,101.56,101.56,10,105.0,False,,,True,D_CORE,False,,,,True,True,True,False,False
267,9362h,9362H,fam_8c50e42d132c,1,singleton,family_fam_8c50e42d132c,1,other,100.63,100.63,10,105.0,False,,,True,D_CORE,True,0.7857589467531241,0.5069788371763749,0.0,True,True,True,False,False
268,9365h,9365H,fam_8253fb9c0537,1,singleton,family_fam_8253fb9c0537,1,other,108.37,108.37,10,105.0,True,nonclosed_reference,major_oxide_sum_gt_105:108.37,False,STRESS_NONCLOSED_REFERENCE,False,,,,True,True,False,False,False
269,9368h,9368H,fam_f796945d5013,1,singleton,family_fam_f796945d5013,1,other,100.04000000000002,100.04,10,105.0,False,,,True,D_CORE,True,0.9620796816758281,0.7225846976356917,0.0,True,True,True,False,False
270,9372h,9372H,fam_73b0653d0484,1,singleton,family_fam_73b0653d0484,1,other,99.20999999999998,99.21,10,105.0,False,,,True,D_CORE,True,1.1195720613209097,0.8790769694058429,0.0,True,True,True,False,False
271,9378h,9378H,fam_fbe18d6abef8,1,singleton,family_fam_fbe18d6abef8,1,other,99.71000000000001,99.71,10,105.0,False,,,True,D_CORE,False,,,,True,True,True,False,False
272,9384h,9384H,fam_2d541ec7bf4c,1,singleton,family_fam_2d541ec7bf4c,1,other,100.15999999999997,100.16,10,105.0,False,,,True,T_IN,True,0.5780688216310286,0.4721851458862204,0.5605863079668891,True,True,True,False,False
273,9394h,9394H,fam_2eb254fc3750,1,singleton,family_fam_2eb254fc3750,1,other,98.42,98.42,10,105.0,False,,,True,D_CORE,True,1.1061775374250997,0.9581804548557744,0.0,True,True,True,False,False
274,9396h,9396H,fam_0b3fca5e3fbe,1,singleton,family_fam_0b3fca5e3fbe,1,other,99.0,99.0,10,105.0,False,,,True,D_CORE,True,0.6272217491430052,0.5410597022302094,0.0,True,True,True,False,False
275,9399h,9399H,fam_f9255157ab36,1,singleton,family_fam_f9255157ab36,1,other,98.61000000000001,98.61,10,105.0,False,,,True,D_CORE,True,0.6468079059153471,0.4632299486869513,0.0,True,True,True,False,False
276,940af,940AF,fam_597afd982d08,1,singleton,family_fam_597afd982d08,1,other,99.47,99.47,10,105.0,False,,,True,D_CORE,False,,,,True,True,True,False,False
277,940am,940AM,fam_889335aff9cc,1,singleton,family_fam_889335aff9cc,1,other,99.93999999999998,99.94,10,105.0,False,,,True,D_CORE,False,,,,True,True,True,False,False
278,a1101001,A1101001,fam_369ed058d37c,1,singleton,family_fam_369ed058d37c,1,other,99.57000000000002,99.57,10,105.0,False,,,True,D_CORE,True,0.40316631052197416,0.3165891792609237,0.0,True,True,True,False,False
279,a1101002,A1101002,fam_120cd9e1db4a,1,singleton,family_fam_120cd9e1db4a,1,other,100.05000000000001,100.05,10,105.0,False,,,True,D_CORE,True,1.2683363342112655,0.9093581169825532,0.0,True,True,True,False,False
280,a1101103,A1101103,fam_d5b8a1b1a662,1,singleton,family_fam_d5b8a1b1a662,1,other,99.84,99.84,10,105.0,False,,,True,D_CORE,True,0.834542578674442,0.6377152978350468,0.0,True,True,True,False,False
281,a1101301,A1101301,fam_64a0c805f020,1,singleton,family_fam_64a0c805f020,1,other,99.99,99.99,10,105.0,False,,,True,A_SHOT_VAL,True,0.8761343701769726,0.7349080459144882,0.0,True,True,True,False,False
282,a1101303,A1101303,fam_d1d4ea8f06cb,1,singleton,family_fam_d1d4ea8f06cb,1,other,99.82999999999998,99.83,10,105.0,False,,,True,D_CORE,True,1.0125305360076662,0.8330564268899877,0.0,True,True,True,False,False
283,a112140,A112140,fam_ad58fce1b0ca,1,singleton,family_fam_ad58fce1b0ca,1,other,74.51,74.51,8,105.0,False,,,True,D_CORE,False,,,,True,True,True,False,False
284,a131705,A131705,fam_53e4e387bde0,1,singleton,family_fam_53e4e387bde0,1,other,99.89999999999999,99.9,6,105.0,False,,,True,D_CORE,False,,,,True,True,True,True,True
285,agv1a,AGV1A,fam_536063b07d44,4,name_alias+exact_chemistry,family_fam_536063b07d44,4,other,96.19,96.19,10,105.0,False,,,True,D_CORE,True,,,,True,False,True,True,True
286,agv1b,AGV1B,fam_536063b07d44,4,name_alias+exact_chemistry,family_fam_536063b07d44,4,other,96.19,96.19,10,105.0,False,,,True,D_CORE,True,0.800053372704439,0.6266136865881738,0.0,True,True,True,False,False
287,agv1mb,AGV1MB,fam_536063b07d44,4,name_alias+exact_chemistry,family_fam_536063b07d44,4,other,98.05,98.05,10,105.0,False,,,True,D_CORE,True,0.7841075904113187,0.6110239981060172,0.0,True,True,True,False,False
288,agv1mc,AGV1MC,fam_536063b07d44,4,name_alias+exact_chemistry,family_fam_536063b07d44,4,other,98.05,98.05,10,105.0,False,,,True,D_CORE,True,0.7841075904113187,0.6110239981060172,0.0,True,True,True,False,False
289,agv2,AGV2,fam_3384a1111360,1,singleton,family_fam_3384a1111360,1,other,98.58999999999999,98.59,10,105.0,False,,,True,D_CORE,True,0.7456710997025091,0.5879581525802887,0.0,True,True,True,False,False
290,ainoniflow,AINONIFLOW,fam_28cc5f6f15f9,1,singleton,family_fam_28cc5f6f15f9,1,other,99.67999999999998,99.68,10,105.0,False,,,True,D_CORE,True,,,,True,False,True,True,True
291,akm3,AKM3,fam_6c210187fbac,1,singleton,family_fam_6c210187fbac,1,other,100.44999999999999,100.45,9,105.0,False,,,True,D_CORE,False,,,,True,True,True,False,False
292,alr02,ALR02,fam_ac7f9355e2fb,1,singleton,family_fam_ac7f9355e2fb,1,other,100.3,100.3,10,105.0,False,,,True,A_SEEN_TEST,True,0.5535779635912907,0.41910271006665184,0.0,True,True,True,False,False
293,ao10,AO10,fam_ab926526f40a,1,singleton,family_fam_ab926526f40a,1,other,93.44,93.44,10,105.0,False,,,True,D_CORE,False,,,,True,True,True,False,False
294,ao12,AO12,fam_9545ebdc849e,1,singleton,family_fam_9545ebdc849e,1,other,95.73999999999998,95.74,10,105.0,False,,,True,D_CORE,False,,,,True,True,True,False,False
295,ao6,AO6,fam_57cc5dda919b,1,singleton,family_fam_57cc5dda919b,1,other,92.92000000000002,92.92,10,105.0,False,,,True,D_CORE,False,,,,True,True,True,False,False
296,ao8,AO8,fam_7643bc1c57df,1,singleton,family_fam_7643bc1c57df,1,other,94.96,94.96,10,105.0,False,,,True,D_CORE,False,,,,True,True,True,False,False
297,ao9,AO9,fam_e41f1ff297e3,1,singleton,family_fam_e41f1ff297e3,1,other,94.75000000000001,94.75,10,105.0,False,,,True,D_CORE,False,,,,True,True,True,False,False
298,ba17s,BA17S,fam_784d803250ec,1,singleton,family_fam_784d803250ec,1,other,96.03,96.03,9,105.0,False,,,True,A_SHOT_VAL,True,0.5251720368368177,0.344187333927686,0.0,True,True,True,False,False
299,ba22,BA22,fam_37d00c96d15a,1,singleton,family_fam_37d00c96d15a,1,other,96.12,96.12,9,105.0,False,,,True,D_CORE,True,0.48845380875595806,0.40743819921204394,0.0,True,True,True,False,False
300,barite,BARITE,fam_f06226b1f9b4,1,singleton,family_fam_f06226b1f9b4,1,other,43.699999999999996,43.7,10,105.0,False,,,True,D_CORE,False,,,,True,True,True,False,False
301,baveno,BAVENO,fam_3fbe88a0cd47,1,singleton,family_fam_3fbe88a0cd47,1,other,100.13000000000001,100.13,10,105.0,False,,,True,A_SEEN_TEST,True,1.408201536797968,1.057689872413701,0.0,True,True,True,False,False
302,bcr1,BCR1,fam_14f2af27922a,1,singleton,family_fam_14f2af27922a,1,other,99.87,99.87,10,105.0,False,,,True,D_CORE,False,,,,True,False,True,True,True
303,ben,BEN,fam_73675debcd8a,1,singleton,family_fam_73675debcd8a,1,other,89.06000000000002,89.06,10,105.0,False,,,True,D_CORE,True,,,,True,False,True,False,False
304,bhvo1,BHVO1,fam_9f76222017e7,3,name_alias+exact_chemistry,family_fam_9f76222017e7,3,other,91.12,91.12,10,105.0,False,,,True,T_IN,True,0.5498201112284276,0.43791965700015445,0.46180249644791627,True,True,True,False,False
305,bhvo1ma,BHVO1MA,fam_9f76222017e7,3,name_alias+exact_chemistry,family_fam_9f76222017e7,3,other,91.12,91.12,10,105.0,False,,,True,T_IN,True,0.5498201112284276,0.43791965700015445,0.46180249644791627,True,True,True,False,False
306,bhvo1mb,BHVO1MB,fam_9f76222017e7,3,name_alias+exact_chemistry,family_fam_9f76222017e7,3,other,91.12,91.12,10,105.0,False,,,True,T_IN,True,0.5498201112284276,0.43791965700015445,0.46180249644791627,True,True,True,False,False
307,bir1,BIR1,fam_4f0c4747007e,5,name_alias+exact_chemistry,family_fam_4f0c4747007e,5,other,91.77,91.77,10,105.0,False,,,True,D_CORE,True,0.6662067374429138,0.5280468226933317,0.0,True,True,True,False,False
308,bir1a,BIR1A,fam_4f0c4747007e,5,name_alias+exact_chemistry,family_fam_4f0c4747007e,5,other,91.77,91.77,10,105.0,False,,,True,D_CORE,True,0.6662067374429138,0.5280468226933317,0.0,True,True,True,False,False
309,bir1ma,BIR1MA,fam_4f0c4747007e,5,name_alias+exact_chemistry,family_fam_4f0c4747007e,5,other,91.77,91.77,10,105.0,False,,,True,D_CORE,True,0.6662067374429138,0.5280468226933317,0.0,True,True,True,False,False
310,bir1mb,BIR1MB,fam_4f0c4747007e,5,name_alias+exact_chemistry,family_fam_4f0c4747007e,5,other,91.77,91.77,10,105.0,False,,,True,D_CORE,True,0.6662067374429138,0.5280468226933317,0.0,True,True,True,False,False
311,bir1md,BIR1MD,fam_4f0c4747007e,5,name_alias+exact_chemistry,family_fam_4f0c4747007e,5,other,91.77,91.77,10,105.0,False,,,True,D_CORE,True,0.6662067374429138,0.5280468226933317,0.0,True,True,True,False,False
312,bk2,BK2,fam_9439fc1955ce,1,singleton,family_fam_9439fc1955ce,1,other,100.01999999999997,100.02,10,105.0,False,,,True,V_IN,True,0.5606145097466245,0.4643228298182023,0.38774032771880557,True,True,True,False,False
313,boone901,BOONE901,fam_424c0e0fe703,1,singleton,family_fam_424c0e0fe703,1,other,100.5,100.5,10,105.0,False,,,True,D_CORE,False,,,,True,True,True,False,False
314,bos15f,BOS15F,fam_ccf7e0d74b65,1,singleton,family_fam_ccf7e0d74b65,1,other,99.77000000000002,99.77,10,105.0,False,,,True,D_CORE,True,0.6757013438083534,0.5317356073363154,0.0,True,True,True,False,False
315,bos16a,BOS16A,fam_1e511615d995,1,singleton,family_fam_1e511615d995,1,other,100.04,100.04,10,105.0,False,,,True,T_IN,True,0.7196794164844232,0.6040627909149331,0.6002954562831396,True,True,True,False,False
316,bos17,BOS17,fam_f057b6706708,1,singleton,family_fam_f057b6706708,1,other,100.28000000000002,100.28,10,105.0,False,,,True,D_CORE,True,0.5346424396983079,0.4143599601473923,0.0,True,True,True,False,False
317,bos19,BOS19,fam_80fdf21c4ab1,1,singleton,family_fam_80fdf21c4ab1,1,other,99.72999999999998,99.73,10,105.0,False,,,True,D_CORE,True,0.5178013427946158,0.39787281397804825,0.0,True,True,True,False,False
318,bos202,BOS202,fam_c8dc1bdbb673,1,singleton,family_fam_c8dc1bdbb673,1,other,99.79,99.79,10,105.0,False,,,True,D_CORE,True,0.811304590832596,0.6995450767749467,0.0,True,True,True,False,False
319,bos22b,BOS22B,fam_c3da61e279cb,1,singleton,family_fam_c3da61e279cb,1,other,99.71,99.71,10,105.0,False,,,True,D_CORE,True,,,,True,False,True,False,False
320,bos24a,BOS24A,fam_f0f3638c3a69,1,singleton,family_fam_f0f3638c3a69,1,other,100.34,100.34,10,105.0,False,,,True,A_SEEN_TEST,True,1.2103937138262415,0.8668281597318775,0.0,True,True,True,False,False
321,bos27a,BOS27A,fam_5607947657d1,1,singleton,family_fam_5607947657d1,1,other,99.56,99.56,10,105.0,False,,,True,D_CORE,True,,,,True,False,True,True,True
322,bos29a1,BOS29A1,fam_6dba58a6c98f,1,singleton,family_fam_6dba58a6c98f,1,other,99.86,99.86,10,105.0,False,,,True,D_CORE,True,1.0629322032844268,0.9216814667024686,0.0,True,True,True,False,False
323,bos29a2,BOS29A2,fam_9b656fe83ec2,1,singleton,family_fam_9b656fe83ec2,1,other,99.91999999999999,99.92,10,105.0,False,,,True,V_IN,True,0.8025141603966038,0.7055698707070419,0.3890485803088895,True,True,True,False,False
324,bos6f,BOS6F,fam_46a76f548ea8,1,singleton,family_fam_46a76f548ea8,1,other,99.8,99.8,10,105.0,False,,,True,V_IN,True,0.7137735560881346,0.507300025192431,0.543578188714034,True,True,True,False,False
325,bpd2,BPD2,fam_80b3ead13a84,1,singleton,family_fam_80b3ead13a84,1,other,99.78000000000003,99.78,10,105.0,False,,,True,D_CORE,True,,,,True,False,True,True,True
326,bpf1,BPF1,fam_9b2687f90283,1,singleton,family_fam_9b2687f90283,1,other,100.22,100.22,10,105.0,False,,,True,D_CORE,True,,,,True,False,True,True,True
327,buck901,BUCK901,fam_d5f097c55fa6,1,singleton,family_fam_d5f097c55fa6,1,other,99.82,99.82,10,105.0,False,,,True,D_CORE,False,,,,True,True,True,False,False
328,buck902,BUCK902,fam_545614bf2cb2,1,singleton,family_fam_545614bf2cb2,1,other,100.49,100.49,10,105.0,False,,,True,D_CORE,False,,,,True,True,True,False,False
329,bwqc1,BWQC1,fam_58c4f0cc24e8,1,singleton,family_fam_58c4f0cc24e8,1,other,99.56000000000002,99.56,10,105.0,False,,,True,A_SHOT_VAL,True,0.5831787612329197,0.4114727991230817,0.0,True,True,True,False,False
330,bwqf1,BWQF1,fam_00a8f7245d65,1,singleton,family_fam_00a8f7245d65,1,other,100.18999999999998,100.19,10,105.0,False,,,True,D_CORE,True,0.2527389919350269,0.17666369443984142,0.0,True,True,True,False,False
331,c10ma001,C10MA001,fam_3335704062c9,1,singleton,family_fam_3335704062c9,1,other,99.91,99.91,10,105.0,False,,,True,D_CORE,True,1.1780292554004963,0.9585351907951589,0.0,True,True,True,False,False
332,c10ma002,C10MA002,fam_c58d10a458ed,1,singleton,family_fam_c58d10a458ed,1,other,99.64,99.64,10,105.0,False,,,True,V_OOD,True,1.436632369384241,1.0742164510793062,0.1988802839393927,True,True,True,False,False
333,c10ma003,C10MA003,fam_be9d2efba87c,1,singleton,family_fam_be9d2efba87c,1,other,99.43000000000002,99.43,10,105.0,False,,,True,D_CORE,True,1.3680721208392685,1.0458792422787966,0.0,True,True,True,False,False
334,c10ma004,C10MA004,fam_54d408a2b090,1,singleton,family_fam_54d408a2b090,1,other,99.78000000000002,99.78,10,105.0,False,,,True,D_CORE,True,1.3820956152707953,1.043184169497831,0.0,True,True,True,False,False
335,c10ma005,C10MA005,fam_d90184214174,1,singleton,family_fam_d90184214174,1,other,99.94999999999999,99.95,10,105.0,False,,,True,D_CORE,True,1.1216128228855065,0.9590931863804748,0.0,True,True,True,False,False
336,c10ma006,C10MA006,fam_e2c8f1539f2d,1,singleton,family_fam_e2c8f1539f2d,1,other,99.67,99.67,10,105.0,False,,,True,V_IN,True,0.6169080061501323,0.4615644954842182,0.5364040851550139,True,True,True,False,False
337,c10ma008,C10MA008,fam_3e6003c9b900,1,singleton,family_fam_3e6003c9b900,1,other,100.22999999999999,100.23,10,105.0,False,,,True,A_SEEN_TEST,True,0.9146158211059267,0.6538937762970086,0.0,True,True,True,False,False
338,c10ma009a,C10MA009A,fam_c4862a5624fc,3,name_alias,family_fam_c4862a5624fc,3,other,99.63999999999999,99.64,10,105.0,False,,,True,T_IN,True,0.6874987201268066,0.5439825808199441,0.8448149799676169,True,True,True,False,False
339,c10ma009b,C10MA009B,fam_c4862a5624fc,3,name_alias,family_fam_c4862a5624fc,3,other,99.59999999999997,99.6,10,105.0,False,,,True,T_IN,True,0.9875133198194559,0.7872846407608413,0.6207080661128156,True,True,True,False,False
340,c10ma009c,C10MA009C,fam_c4862a5624fc,3,name_alias,family_fam_c4862a5624fc,3,other,99.59,99.59,10,105.0,False,,,True,T_IN,True,1.1482023115604174,0.9102205292979473,0.5042018187783891,True,True,True,False,False
341,c10ma013,C10MA013,fam_a181e1ab92a1,1,singleton,family_fam_a181e1ab92a1,1,other,99.71000000000001,99.71,10,105.0,False,,,True,D_CORE,True,0.5528442312148922,0.40276798255491336,0.0,True,True,True,False,False
342,c10ma020,C10MA020,fam_3a35fa57eba4,1,singleton,family_fam_3a35fa57eba4,1,other,99.94000000000003,99.94,10,105.0,False,,,True,D_CORE,True,0.42457749642400233,0.35716019890623646,0.0,True,True,True,False,False
343,c10ma031,C10MA031,fam_378a62344e9b,1,singleton,family_fam_378a62344e9b,1,other,100.04,100.04,10,105.0,False,,,True,V_IN,True,0.8757710647869236,0.7535379821141321,0.7765044527748767,True,True,True,False,False
344,c10ma032,C10MA032,fam_04da2c2c39cb,1,singleton,family_fam_04da2c2c39cb,1,other,100.16999999999999,100.17,10,105.0,False,,,True,V_OOD,True,1.4663103396638069,1.1198748668940228,0.27998931777524727,True,True,True,False,False
345,c10ma033,C10MA033,fam_db33bc530d2d,1,singleton,family_fam_db33bc530d2d,1,other,100.0,100.0,10,105.0,False,,,True,D_CORE,True,0.8926936406869739,0.758458121372891,0.0,True,True,True,False,False
346,c10ma034,C10MA034,fam_5f859fe80da7,1,singleton,family_fam_5f859fe80da7,1,other,99.41000000000001,99.41,10,105.0,False,,,True,T_OOD,True,2.369060484512837,1.715937841588039,1.1735739676561425,True,True,True,False,False
347,c10ma035,C10MA035,fam_5224810258fb,1,singleton,family_fam_5224810258fb,1,other,99.87000000000002,99.87,10,105.0,False,,,True,V_IN,True,0.8768203170482738,0.725159662702284,0.5269564837121655,True,True,True,False,False
348,c10ma036,C10MA036,fam_4db41157868e,1,singleton,family_fam_4db41157868e,1,other,99.43,99.43,10,105.0,False,,,True,D_CORE,True,1.1847333927605748,0.9536315289639633,0.0,True,True,True,False,False
349,c11ma039,C11MA039,fam_de64ec0cd5d7,1,singleton,family_fam_de64ec0cd5d7,1,other,99.8,99.8,10,105.0,False,,,True,A_SHOT_VAL,True,0.7948300528249403,0.6668485160630575,0.0,True,True,True,False,False
350,c11ma040,C11MA040,fam_a17af58ecfb8,1,singleton,family_fam_a17af58ecfb8,1,other,99.86999999999999,99.87,10,105.0,False,,,True,V_IN,True,0.3654298278597411,0.29770310873608463,0.3341293241090232,True,True,True,False,False
351,c11ma041,C11MA041,fam_59ae7c39e8d3,1,singleton,family_fam_59ae7c39e8d3,1,other,100.36,100.36,10,105.0,False,,,True,A_SEEN_TEST,True,0.776590935673791,0.6002718492563428,0.0,True,True,True,False,False
352,c11ma042,C11MA042,fam_f7d74f3aea4c,1,singleton,family_fam_f7d74f3aea4c,1,other,99.71,99.71,10,105.0,False,,,True,D_CORE,True,0.6827457471401501,0.5554463848098398,0.0,True,True,True,False,False
353,c11ma043,C11MA043,fam_6d2943ef064d,1,singleton,family_fam_6d2943ef064d,1,other,99.74,99.74,10,105.0,False,,,True,V_OOD,True,1.525675674697283,1.118001049895811,0.8037432579054109,True,True,True,False,False
354,c11ma044a,C11MA044A,fam_6b3fb3d24b9d,2,name_alias,family_fam_6b3fb3d24b9d,2,other,99.86,99.86,10,105.0,False,,,True,T_OOD,True,3.3741122467063995,2.1880803049350726,1.1599413424107832,True,True,True,False,False
355,c11ma044b,C11MA044B,fam_6b3fb3d24b9d,2,name_alias,family_fam_6b3fb3d24b9d,2,other,99.44999999999999,99.45,10,105.0,False,,,True,T_OOD,True,3.305292845762043,2.104643435262047,1.3454470472498716,True,True,True,False,False
356,c11ma046,C11MA046,fam_7beafb53422e,1,singleton,family_fam_7beafb53422e,1,other,99.58999999999999,99.59,10,105.0,False,,,True,A_SHOT_VAL,True,0.6948959120511143,0.5909423845583034,0.0,True,True,True,False,False
357,c11ma047,C11MA047,fam_fe44075e376c,1,singleton,family_fam_fe44075e376c,1,other,99.50999999999999,99.51,10,105.0,False,,,True,T_IN,True,0.8512030561980609,0.7303592383398918,0.5016072021635797,True,True,True,False,False
358,c11ma048a,C11MA048A,fam_e5ebb700e704,2,name_alias,family_fam_e5ebb700e704,2,other,99.62,99.62,10,105.0,False,,,True,D_CORE,True,1.0390069251715879,0.6917953764429462,0.0,True,True,True,False,False
359,c11ma048b,C11MA048B,fam_e5ebb700e704,2,name_alias,family_fam_e5ebb700e704,2,other,100.03999999999999,100.04,10,105.0,False,,,True,D_CORE,True,1.1265376128927986,0.9256156781162832,0.0,True,True,True,False,False
360,c11ma050,C11MA050,fam_12adf1078570,1,singleton,family_fam_12adf1078570,1,other,99.71,99.71,10,105.0,False,,,True,A_SEEN_TEST,True,1.0218490978709973,0.7442271375788505,0.0,True,True,True,False,False
361,c11ma053a,C11MA053A,fam_a88ec4b4846a,1,singleton,family_fam_a88ec4b4846a,1,other,99.98999999999998,99.99,10,105.0,False,,,True,D_CORE,True,0.8998629416160469,0.7606098543450118,0.0,True,True,True,False,False
362,c11ma054,C11MA054,fam_248f9a12e2ee,1,singleton,family_fam_248f9a12e2ee,1,other,99.85,99.85,10,105.0,False,,,True,D_CORE,True,1.1013783053656712,0.9646043805102676,0.0,True,True,True,False,False
363,c11ma055a,C11MA055A,fam_7c02075a6b99,2,name_alias,family_fam_7c02075a6b99,2,other,99.82,99.82,10,105.0,False,,,True,D_CORE,True,1.0371450425923565,0.8029527918448781,0.0,True,True,True,False,False
364,c11ma055b,C11MA055B,fam_7c02075a6b99,2,name_alias,family_fam_7c02075a6b99,2,other,99.47999999999999,99.48,10,105.0,False,,,True,D_CORE,True,,,,False,True,True,False,False
365,c11ma056,C11MA056,fam_43247565ca3f,1,singleton,family_fam_43247565ca3f,1,other,99.63,99.63,10,105.0,False,,,True,V_OOD,True,3.249685218946472,2.1817126182727438,1.455126061721313,True,True,True,False,False
366,c11ma057,C11MA057,fam_b63286d2af9f,1,singleton,family_fam_b63286d2af9f,1,other,99.8,99.8,10,105.0,False,,,True,D_CORE,True,0.8390721489621717,0.6670855579544348,0.0,True,True,True,False,False
367,c11ma058,C11MA058,fam_c39f862c3aad,1,singleton,family_fam_c39f862c3aad,1,other,99.52999999999999,99.53,10,105.0,False,,,True,T_IN,True,0.8133329290028067,0.733295602936578,0.3057850237315413,True,True,True,False,False
368,c11ma059a,C11MA059A,fam_f68ffb83b4bd,2,name_alias,family_fam_f68ffb83b4bd,2,other,99.64000000000001,99.64,10,105.0,False,,,True,A_SHOT_VAL,True,1.0534232501051866,0.8695458834329788,0.0,True,True,True,False,False
369,c11ma059b,C11MA059B,fam_f68ffb83b4bd,2,name_alias,family_fam_f68ffb83b4bd,2,other,99.47,99.47,10,105.0,False,,,True,D_CORE,True,1.1381857530352895,0.9377456523369407,0.0,True,True,True,False,False
370,c11ma060,C11MA060,fam_1c87ef9732ad,1,singleton,family_fam_1c87ef9732ad,1,other,99.77999999999997,99.78,10,105.0,False,,,True,D_CORE,True,0.7633319396278517,0.5493679045320937,0.0,True,True,True,False,False
371,c11ma061a,C11MA061A,fam_1b13aa4940f3,3,name_alias,family_fam_1b13aa4940f3,3,other,100.15,100.15,10,105.0,False,,,True,T_IN,True,0.8574929657290747,0.6099154408392834,0.30536977586113684,True,True,True,False,False
372,c11ma061b,C11MA061B,fam_1b13aa4940f3,3,name_alias,family_fam_1b13aa4940f3,3,other,99.74,99.74,10,105.0,False,,,True,T_IN,True,1.2444389471180846,0.8389431286433903,0.8431330197514,True,True,True,False,False
373,c11ma061c,C11MA061C,fam_1b13aa4940f3,3,name_alias,family_fam_1b13aa4940f3,3,other,99.40999999999998,99.41,10,105.0,False,,,True,T_IN,True,0.8282089358800286,0.5677272626256893,0.20768020098107023,True,True,True,False,False
374,c11ma062,C11MA062,fam_a0587cb1c500,1,singleton,family_fam_a0587cb1c500,1,other,99.88,99.88,10,105.0,False,,,True,D_CORE,True,0.9204403916972642,0.6235984047403488,0.0,True,True,True,False,False
375,c11ma063,C11MA063,fam_4d0c032de875,1,singleton,family_fam_4d0c032de875,1,other,99.72000000000003,99.72,10,105.0,False,,,True,D_CORE,True,0.6633198942799128,0.5173558336772246,0.0,True,True,True,False,False
376,c11ma064,C11MA064,fam_afe8c68448f4,1,singleton,family_fam_afe8c68448f4,1,other,99.85,99.85,10,105.0,False,,,True,T_IN,True,0.6665476166463506,0.5714430411059709,0.44113566578001423,True,True,True,False,False
377,c11ma065,C11MA065,fam_1618981733b0,1,singleton,family_fam_1618981733b0,1,other,99.91000000000001,99.91,10,105.0,False,,,True,D_CORE,True,0.6806888210198165,0.6032240508414063,0.0,True,True,True,False,False
378,c11ma068,C11MA068,fam_b2da1ece2873,1,singleton,family_fam_b2da1ece2873,1,other,99.95,99.95,10,105.0,False,,,True,D_CORE,True,1.0362199538807788,0.9322379878891821,0.0,True,True,True,False,False
379,c11ma069,C11MA069,fam_36ba63deac8b,1,singleton,family_fam_36ba63deac8b,1,other,99.82000000000001,99.82,10,105.0,False,,,True,D_CORE,True,0.8017839133827299,0.6887962922204577,0.0,True,True,True,False,False
380,c11ma071,C11MA071,fam_59dee631efc5,1,singleton,family_fam_59dee631efc5,1,other,99.54,99.54,10,105.0,False,,,True,D_CORE,True,,,,True,False,True,False,False
381,c11ma073,C11MA073,fam_3f1db3bae972,1,singleton,family_fam_3f1db3bae972,1,other,99.61,99.61,10,105.0,False,,,True,D_CORE,True,0.8914547648377156,0.8245027688355606,0.0,True,True,True,False,False
382,c11ma075,C11MA075,fam_98b0f7844cc0,1,singleton,family_fam_98b0f7844cc0,1,other,99.53,99.53,10,105.0,False,,,True,V_IN,True,0.5578341784747063,0.4196270598124052,0.36146279807110987,True,True,True,False,False
383,c11ma076,C11MA076,fam_924bc04cc651,1,singleton,family_fam_924bc04cc651,1,other,99.89999999999999,99.9,10,105.0,False,,,True,T_IN,True,0.8971945098582288,0.8097471208054663,0.24162049915987457,True,True,True,False,False
384,c11ma077,C11MA077,fam_8fe18c93f272,1,singleton,family_fam_8fe18c93f272,1,other,99.94,99.94,10,105.0,False,,,True,T_IN,True,0.3773892700471275,0.26970974326745883,0.7581925551594974,True,True,True,False,False
385,c11ma081,C11MA081,fam_cddf6b554f43,1,singleton,family_fam_cddf6b554f43,1,other,99.28000000000002,99.28,10,105.0,False,,,True,D_CORE,True,1.2216888973712976,0.8265433565316265,0.0,True,True,True,False,False
386,c11ma082a,C11MA082A,fam_89c981254046,2,name_alias,family_fam_89c981254046,2,other,99.66,99.66,10,105.0,False,,,True,T_IN,True,0.9684560652277279,0.866137736824521,0.8041303221491986,True,True,True,False,False
387,c11ma082b,C11MA082B,fam_89c981254046,2,name_alias,family_fam_89c981254046,2,other,99.49,99.49,10,105.0,False,,,True,T_IN,True,0.6596667143280102,0.4708145800320742,0.6321212039871952,True,True,True,False,False
388,c11ma083,C11MA083,fam_5715b72d5e8a,1,singleton,family_fam_5715b72d5e8a,1,other,99.57,99.57,10,105.0,False,,,True,A_SEEN_TEST,True,0.8191165975645956,0.6363847096504716,0.0,True,True,True,False,False
389,c11ma084,C11MA084,fam_bc20381959f0,1,singleton,family_fam_bc20381959f0,1,other,99.87000000000003,99.87,10,105.0,False,,,True,A_SEEN_TEST,True,0.8881225642379647,0.5808279165627122,0.0,True,True,True,False,False
390,c11ma085a,C11MA085A,fam_1e31a5033044,2,name_alias,family_fam_1e31a5033044,2,other,99.52000000000001,99.52,10,105.0,False,,,True,T_IN,True,0.6358496390460577,0.4326520109345521,0.402853975398159,True,True,True,False,False
391,c11ma085b,C11MA085B,fam_1e31a5033044,2,name_alias,family_fam_1e31a5033044,2,other,99.91999999999999,99.92,10,105.0,False,,,True,T_IN,True,0.5427764906546801,0.4107345167543883,0.5190445294103736,True,True,True,False,False
392,c11ma086,C11MA086,fam_fceb4d43a7da,1,singleton,family_fam_fceb4d43a7da,1,other,99.47,99.47,10,105.0,False,,,True,D_CORE,True,1.1268378118536693,0.6907240186897456,0.0,True,True,True,False,False
393,c11ma087,C11MA087,fam_5cc780ca8b80,1,singleton,family_fam_5cc780ca8b80,1,other,99.57,99.57,10,105.0,False,,,True,D_CORE,True,,,,False,True,False,False,False
394,c11ma088,C11MA088,fam_e365a247d59e,1,singleton,family_fam_e365a247d59e,1,other,100.0,100.0,10,105.0,False,,,True,T_IN,True,0.5712892094565132,0.47989832916429576,0.7818361038218252,True,True,True,False,False
395,c11ma089,C11MA089,fam_1d861ce4ec94,1,singleton,family_fam_1d861ce4ec94,1,other,99.24999999999999,99.25,10,105.0,False,,,True,V_IN,True,0.889911417257369,0.698646067930449,0.8832144497181701,True,True,True,False,False
396,c11ma090,C11MA090,fam_50ca1fa18ff2,1,singleton,family_fam_50ca1fa18ff2,1,other,99.73,99.73,10,105.0,False,,,True,T_OOD,True,1.8803727911773478,1.2429043545981073,1.5579060019815827,True,True,True,False,False
397,c11ma091a,C11MA091A,fam_daba76b66dbd,2,name_alias,family_fam_daba76b66dbd,2,other,99.9,99.9,10,105.0,False,,,True,A_SEEN_TEST,True,0.7018780155338232,0.4934888543762923,0.0,True,True,True,False,False
398,c11ma091b,C11MA091B,fam_daba76b66dbd,2,name_alias,family_fam_daba76b66dbd,2,other,99.55,99.55,10,105.0,False,,,True,D_CORE,True,,,,True,False,False,False,False
399,c11ma092,C11MA092,fam_78f57971ec02,1,singleton,family_fam_78f57971ec02,1,other,99.76,99.76,10,105.0,False,,,True,T_IN,True,0.5789510909374642,0.45813829059922656,0.47122497130233465,True,True,True,False,False
400,c11ma093,C11MA093,fam_dd9d13144732,1,singleton,family_fam_dd9d13144732,1,other,99.87,99.87,10,105.0,False,,,True,D_CORE,True,0.9693240451554574,0.8442619096051528,0.0,True,True,True,False,False
401,c11ma094,C11MA094,fam_a97af0c611db,1,singleton,family_fam_a97af0c611db,1,other,99.87,99.87,10,105.0,False,,,True,T_IN,True,0.5858686517897067,0.4787542451076988,0.5358659635338799,True,True,True,False,False
402,c11ma114,C11MA114,fam_739838ad1db7,1,singleton,family_fam_739838ad1db7,1,other,99.84,99.84,10,105.0,False,,,True,D_CORE,True,0.8573036175321116,0.7233585703278241,0.0,True,True,True,False,False
403,c11ma116a,C11MA116A,fam_f7810793c9eb,2,name_alias,family_fam_f7810793c9eb,2,other,99.64999999999999,99.65,10,105.0,False,,,True,A_SEEN_TEST,True,1.1597594887371154,0.8617001870136329,0.0,True,True,True,False,False
404,c11ma116b,C11MA116B,fam_f7810793c9eb,2,name_alias,family_fam_f7810793c9eb,2,other,100.44,100.44,10,105.0,False,,,True,A_SEEN_TEST,True,1.4061331841392448,1.0801650446800612,0.0,True,True,True,False,False
405,c11ma117,C11MA117,fam_9e6aa4ea93c0,1,singleton,family_fam_9e6aa4ea93c0,1,other,99.52999999999997,99.53,10,105.0,False,,,True,T_OOD,True,2.4552223279345995,1.5860789830979893,1.8674427594790233,True,True,True,False,False
406,c11ma118,C11MA118,fam_47c65085468a,1,singleton,family_fam_47c65085468a,1,other,99.55,99.55,10,105.0,False,,,True,V_OOD,True,1.4853871449804448,1.0512386861521141,0.39465894062465556,True,True,True,False,False
407,c11ma119,C11MA119,fam_871e15d34afe,1,singleton,family_fam_871e15d34afe,1,other,100.02,100.02,10,105.0,False,,,True,D_CORE,True,0.9446470606066713,0.8295084989459723,0.0,True,True,True,False,False
408,c11ma120,C11MA120,fam_c6dcf2785474,1,singleton,family_fam_c6dcf2785474,1,other,99.69000000000001,99.69,10,105.0,False,,,True,D_CORE,True,0.6423143429517268,0.5280317036947322,0.0,True,True,True,False,False
409,c11ma121,C11MA121,fam_491cd7273190,1,singleton,family_fam_491cd7273190,1,other,99.42999999999999,99.43,10,105.0,False,,,True,T_OOD,True,3.2095672406122264,2.0399027909084033,1.0146270908957202,True,True,True,False,False
410,c11ma122,C11MA122,fam_45b4ab469fc2,1,singleton,family_fam_45b4ab469fc2,1,other,99.79000000000002,99.79,10,105.0,False,,,True,T_IN,True,0.7241556442213511,0.5745961918638889,0.49550592117184067,True,True,True,False,False
411,c11ma123,C11MA123,fam_9524e3027b47,1,singleton,family_fam_9524e3027b47,1,other,99.86000000000001,99.86,10,105.0,False,,,True,D_CORE,True,0.9217908161571733,0.7538144070792749,0.0,True,True,True,False,False
412,c11ma124,C11MA124,fam_dcc1f84f2e80,1,singleton,family_fam_dcc1f84f2e80,1,other,99.69000000000001,99.69,10,105.0,False,,,True,A_SHOT_VAL,True,0.7046625430799947,0.49004302341954503,0.0,True,True,True,False,False
413,c11ma125,C11MA125,fam_099ca9c10bcd,1,singleton,family_fam_099ca9c10bcd,1,other,99.67999999999999,99.68,10,105.0,False,,,True,T_IN,True,0.6756128784547177,0.5060175156121995,0.5739093988829026,True,True,True,False,False
414,c11ma126,C11MA126,fam_b2a05c200702,1,singleton,family_fam_b2a05c200702,1,other,99.74000000000001,99.74,10,105.0,False,,,True,D_CORE,True,0.8348941072964366,0.7143094380960981,0.0,True,True,True,False,False
415,c11ma127a,C11MA127A,fam_389c155857de,3,name_alias,family_fam_389c155857de,3,other,99.52999999999999,99.53,10,105.0,False,,,True,T_IN,True,0.7400012485144813,0.6111928237350942,0.5398328219845347,True,True,True,False,False
416,c11ma127c,C11MA127C,fam_389c155857de,3,name_alias,family_fam_389c155857de,3,other,99.75,99.75,10,105.0,False,,,True,T_IN,True,0.7571428931638446,0.6276388254547852,0.6494839907753269,True,True,True,False,False
417,c11ma127d,C11MA127D,fam_389c155857de,3,name_alias,family_fam_389c155857de,3,other,99.83999999999997,99.84,10,105.0,False,,,True,T_IN,True,0.8125952146863076,0.5725156714740052,0.5080450668356742,True,True,True,False,False
418,c11ma128a,C11MA128A,fam_d27ac89a539e,2,name_alias,family_fam_d27ac89a539e,2,other,99.87,99.87,10,105.0,False,,,True,T_IN,True,0.7630295900046073,0.6176909077040701,0.5145884749972096,True,True,True,False,False
419,c11ma128b,C11MA128B,fam_d27ac89a539e,2,name_alias,family_fam_d27ac89a539e,2,other,99.57000000000002,99.57,10,105.0,False,,,True,T_IN,True,0.6466109526734127,0.5467328927165699,0.4793954650767778,True,True,True,False,False
420,c11ma129a,C11MA129A,fam_5d12e4ae2286,2,name_alias,family_fam_5d12e4ae2286,2,other,99.44999999999999,99.45,10,105.0,False,,,True,D_CORE,True,0.768855158105872,0.5644999224617117,0.0,True,True,True,False,False
421,c11ma129b,C11MA129B,fam_5d12e4ae2286,2,name_alias,family_fam_5d12e4ae2286,2,other,99.38,99.38,10,105.0,False,,,True,D_CORE,True,1.2629013042003914,0.9242049548410578,0.0,True,True,True,False,False
422,c11ma130,C11MA130,fam_a9ff1e74c7ec,1,singleton,family_fam_a9ff1e74c7ec,1,other,99.56,99.56,10,105.0,False,,,True,V_OOD,True,1.7509973180373177,1.142560242675638,0.8648788831976149,True,True,True,False,False
423,c11ma131a,C11MA131A,fam_8395190a3d41,1,singleton,family_fam_8395190a3d41,1,other,99.88,99.88,10,105.0,False,,,True,D_CORE,True,0.9601557959553463,0.8511984190515558,0.0,True,True,True,False,False
424,c11ma132,C11MA132,fam_53cbf0085470,1,singleton,family_fam_53cbf0085470,1,other,99.9,99.9,10,105.0,False,,,True,A_SEEN_TEST,True,0.7203228308343053,0.5201209255259809,0.0,True,True,True,False,False
425,c11ma133,C11MA133,fam_7386b10304f9,1,singleton,family_fam_7386b10304f9,1,other,99.39,99.39,10,105.0,False,,,True,D_CORE,True,0.6880237050453186,0.6246680000109549,0.0,True,True,True,False,False
426,c11ma134,C11MA134,fam_ebea219a0409,1,singleton,family_fam_ebea219a0409,1,other,99.63000000000002,99.63,10,105.0,False,,,True,D_CORE,True,0.8379458439695001,0.7576331060582158,0.0,True,True,True,False,False
427,c11ma135,C11MA135,fam_89c2657c13a9,1,singleton,family_fam_89c2657c13a9,1,other,99.88000000000001,99.88,10,105.0,False,,,True,T_IN,True,0.7029784633138603,0.629337715374983,0.36054809575851166,True,True,True,False,False
428,c11ma136,C11MA136,fam_7b2adfab1bdb,1,singleton,family_fam_7b2adfab1bdb,1,other,99.66999999999999,99.67,10,105.0,False,,,True,D_CORE,True,1.0089191421066075,0.8618195156093658,0.0,True,True,True,False,False
429,c11ma137a,C11MA137A,fam_5fc9abe806dc,3,name_alias,family_fam_5fc9abe806dc,3,other,99.89,99.89,10,105.0,False,,,True,T_OOD,True,1.9051132317043276,1.2287334410409732,0.9865661331836814,True,True,True,False,False
430,c11ma137b,C11MA137B,fam_5fc9abe806dc,3,name_alias,family_fam_5fc9abe806dc,3,other,99.86999999999999,99.87,10,105.0,False,,,True,T_OOD,True,0.9226494257557435,0.8292443535630111,0.8898054535995501,True,True,True,False,False
431,c11ma137c,C11MA137C,fam_5fc9abe806dc,3,name_alias,family_fam_5fc9abe806dc,3,other,99.61000000000003,99.61,10,105.0,False,,,True,T_OOD,True,0.5796706910527166,0.48005030387543984,0.4641706861643772,True,True,True,False,False
432,c11ma138,C11MA138,fam_3daee9e94361,1,singleton,family_fam_3daee9e94361,1,other,99.51000000000002,99.51,10,105.0,False,,,True,A_SHOT_VAL,True,1.1596266691945862,0.9822333787221256,0.0,True,True,True,False,False
433,c11ma139,C11MA139,fam_75c9016297f4,1,singleton,family_fam_75c9016297f4,1,other,99.73800000000003,99.738,10,105.0,False,,,True,D_CORE,True,1.1208238329961522,0.9604786572426331,0.0,True,True,True,False,False
434,c11ma141,C11MA141,fam_c716adab3890,1,singleton,family_fam_c716adab3890,1,other,99.4,99.4,10,105.0,False,,,True,V_IN,True,0.601421022103073,0.48582698660477647,0.460913746407144,True,True,True,False,False
435,c11ma142a,C11MA142A,fam_47548f0297e9,3,name_alias,family_fam_47548f0297e9,3,other,99.56000000000002,99.56,10,105.0,False,,,True,T_OOD,True,1.0217302726027113,0.9000607602449316,0.6571545379102338,True,True,True,False,False
436,c11ma142b,C11MA142B,fam_47548f0297e9,3,name_alias,family_fam_47548f0297e9,3,other,100.01,100.01,10,105.0,False,,,True,T_OOD,True,,,,True,True,False,False,False
437,c11ma142c,C11MA142C,fam_47548f0297e9,3,name_alias,family_fam_47548f0297e9,3,other,99.60000000000001,99.6,10,105.0,False,,,True,T_OOD,True,1.447959662919369,1.0917808116104037,0.6149530701866656,True,True,True,False,False
438,c11ma143b,C11MA143B,fam_3b9cb71ab92e,1,singleton,family_fam_3b9cb71ab92e,1,other,99.62,99.62,10,105.0,False,,,True,D_CORE,True,0.5353332074963602,0.38508424483386955,0.0,True,True,True,False,False
439,c11ma144a,C11MA144A,fam_e371bd229016,2,name_alias,family_fam_e371bd229016,2,other,99.73999999999998,99.74,10,105.0,False,,,True,D_CORE,True,0.8060626593311067,0.7294009214432744,0.0,True,True,True,False,False
440,c11ma144b,C11MA144B,fam_e371bd229016,2,name_alias,family_fam_e371bd229016,2,other,99.83999999999997,99.84,10,105.0,False,,,True,D_CORE,True,0.7664664509567093,0.6706800180976461,0.0,True,True,True,False,False
441,c11ma145a,C11MA145A,fam_45b1493147de,3,name_alias,family_fam_45b1493147de,3,other,99.61,99.61,10,105.0,False,,,True,D_CORE,True,0.9433716635275051,0.8275463495934092,0.0,True,True,True,False,False
442,c11ma145c,C11MA145C,fam_45b1493147de,3,name_alias,family_fam_45b1493147de,3,other,99.99,99.99,10,105.0,False,,,True,D_CORE,True,1.1088125110872649,0.9152527034939852,0.0,True,True,True,False,False
443,c11ma145d,C11MA145D,fam_45b1493147de,3,name_alias,family_fam_45b1493147de,3,other,99.50999999999999,99.51,10,105.0,False,,,True,A_SHOT_VAL,True,0.9591489280344039,0.7981015462574044,0.0,True,True,True,False,False
444,c11ma147,C11MA147,fam_c8efdea537ed,1,singleton,family_fam_c8efdea537ed,1,other,100.03,100.03,10,105.0,False,,,True,D_CORE,True,1.2085434826975383,0.9546026124380759,0.0,True,True,True,False,False
445,c11ma148,C11MA148,fam_00d0145d6bf5,1,singleton,family_fam_00d0145d6bf5,1,other,100.66000000000001,100.66,10,105.0,False,,,True,D_CORE,True,1.261804680961544,1.035507543537583,0.0,True,True,True,False,False
446,c11ma149,C11MA149,fam_37c4566af578,1,singleton,family_fam_37c4566af578,1,other,100.29,100.29,10,105.0,False,,,True,A_SEEN_TEST,True,1.0112516037949084,0.8824574023960103,0.0,True,True,True,False,False
447,c11ma150,C11MA150,fam_07e0ef5c1846,1,singleton,family_fam_07e0ef5c1846,1,other,100.21000000000001,100.21,10,105.0,False,,,True,V_IN,True,0.8830885864241698,0.7499279012387184,0.6371396764228919,True,True,True,False,False
448,c11ma152a,C11MA152A,fam_b630ff62dadd,2,name_alias,family_fam_b630ff62dadd,2,other,99.59999999999998,99.6,10,105.0,False,,,True,T_IN,True,0.6879740912820402,0.510993653527875,0.6595771334266353,True,True,True,False,False
449,c11ma152b,C11MA152B,fam_b630ff62dadd,2,name_alias,family_fam_b630ff62dadd,2,other,99.66,99.66,10,105.0,False,,,True,T_IN,True,0.6293401756283661,0.4894983271713209,0.5213210026940147,True,True,True,False,False
450,c11ma153a,C11MA153A,fam_ba426887ac89,2,name_alias,family_fam_ba426887ac89,2,other,100.26000000000002,100.26,10,105.0,False,,,True,T_IN,True,0.7898913554100451,0.6782096042425471,0.6036153243841061,True,True,True,False,False
451,c11ma153b,C11MA153B,fam_ba426887ac89,2,name_alias,family_fam_ba426887ac89,2,other,99.16999999999999,99.17,10,105.0,False,,,True,T_IN,True,1.2681187920773407,0.8323985593416894,0.9118667536348118,True,True,True,False,False
452,c11ma154a,C11MA154A,fam_f90268d3262d,2,name_alias,family_fam_f90268d3262d,2,other,99.45000000000002,99.45,10,105.0,False,,,True,T_IN,True,0.6191169648153869,0.43274822126371665,0.7747441401185299,True,True,True,False,False
453,c11ma154b,C11MA154B,fam_f90268d3262d,2,name_alias,family_fam_f90268d3262d,2,other,99.67000000000002,99.67,10,105.0,False,,,True,T_IN,True,,,,True,True,False,False,False
454,c11ma155,C11MA155,fam_8942ff3474e3,1,singleton,family_fam_8942ff3474e3,1,other,99.49999999999999,99.5,10,105.0,False,,,True,T_OOD,True,1.5612409675022956,1.018015704660224,1.6403397638220583,True,True,True,False,False
455,c11ma156,C11MA156,fam_043935ad0e1d,1,singleton,family_fam_043935ad0e1d,1,other,99.95,99.95,10,105.0,False,,,True,T_OOD,True,1.4588732566144262,1.0794631668251669,0.3381402310652217,True,True,True,False,False
456,c11ma157,C11MA157,fam_f504d228e708,1,singleton,family_fam_f504d228e708,1,other,99.55999999999999,99.56,10,105.0,False,,,True,T_OOD,True,1.4561826780053568,1.0753238151189062,0.36339083879804185,True,True,True,False,False
457,c11ma159,C11MA159,fam_86f6440c4a3c,1,singleton,family_fam_86f6440c4a3c,1,other,91.83,91.83,10,105.0,False,,,True,V_OOD,True,6.092856896086918,3.646668668618293,4.956925197293991,True,True,True,False,False
458,c11ma160,C11MA160,fam_2633ee96f821,1,singleton,family_fam_2633ee96f821,1,other,99.44000000000001,99.44,10,105.0,False,,,True,T_IN,True,0.8994672395627301,0.776882893671652,0.3491181349798632,True,True,True,False,False
459,c11ma161,C11MA161,fam_9c443f56a5ec,1,singleton,family_fam_9c443f56a5ec,1,other,99.53000000000002,99.53,10,105.0,False,,,True,D_CORE,True,0.8184026576598056,0.7452606473825562,0.0,True,True,True,False,False
460,c11ma162,C11MA162,fam_02285a80e739,1,singleton,family_fam_02285a80e739,1,other,99.92999999999999,99.93,10,105.0,False,,,True,D_CORE,True,0.6664268174893879,0.5927163314483399,0.0,True,True,True,False,False
461,c11ma163,C11MA163,fam_9f8d98d5a8d2,1,singleton,family_fam_9f8d98d5a8d2,1,other,100.07999999999998,100.08,10,105.0,False,,,True,A_SEEN_TEST,True,0.7030740457863316,0.6203681130670399,0.0,True,True,True,False,False
462,c11ma164,C11MA164,fam_b8ea09272ba3,1,singleton,family_fam_b8ea09272ba3,1,other,99.7,99.7,10,105.0,False,,,True,T_IN,True,0.8897920839578048,0.7451162271784858,0.7389209104649278,True,True,True,False,False
463,c11ma166,C11MA166,fam_01e559fd0112,1,singleton,family_fam_01e559fd0112,1,other,99.81,99.81,10,105.0,False,,,True,D_CORE,True,1.0867848144899868,0.9569783543500895,0.0,True,True,True,False,False
464,c11ma168,C11MA168,fam_65392fe0b79c,1,singleton,family_fam_65392fe0b79c,1,other,99.86,99.86,10,105.0,False,,,True,D_CORE,True,1.1536693944102272,0.9556954126654275,0.0,True,True,True,False,False
465,c11ma169a,C11MA169A,fam_a02a863af543,2,name_alias,family_fam_a02a863af543,2,other,99.91,99.91,10,105.0,False,,,True,T_IN,True,0.7762792612896139,0.5413762406745405,0.6100747844352162,True,True,True,False,False
466,c11ma169b,C11MA169B,fam_a02a863af543,2,name_alias,family_fam_a02a863af543,2,other,99.71000000000001,99.71,10,105.0,False,,,True,T_IN,True,0.5823534060810621,0.49982777817444074,0.43030016797966014,True,True,True,False,False
467,c11ma170,C11MA170,fam_b2e40364d9d9,1,singleton,family_fam_b2e40364d9d9,1,other,99.52000000000001,99.52,10,105.0,False,,,True,D_CORE,True,0.8962979987292183,0.8136488073591512,0.0,True,True,True,False,False
468,c12ma172,C12MA172,fam_02b3ccfc07ca,1,singleton,family_fam_02b3ccfc07ca,1,other,100.00000000000001,100.0,10,105.0,False,,,True,D_CORE,True,1.1666321540011115,0.9605904210210681,0.0,True,True,True,False,False
469,c12ma173a,C12MA173A,fam_96dea10bc65e,2,name_alias,family_fam_96dea10bc65e,2,other,99.75,99.75,10,105.0,False,,,True,V_IN,True,0.9300047983715342,0.8150715513365726,0.7548864250749222,True,True,True,False,False
470,c12ma173b,C12MA173B,fam_96dea10bc65e,2,name_alias,family_fam_96dea10bc65e,2,other,100.09999999999998,100.1,10,105.0,False,,,True,V_IN,True,0.39590439772681785,0.3065999609763391,0.7229956606849077,True,True,True,False,False
471,c12ma174a,C12MA174A,fam_fbcdc2d84030,3,name_alias,family_fam_fbcdc2d84030,3,other,100.44,100.44,10,105.0,False,,,True,T_OOD,True,0.6298590154632028,0.5244651132810975,0.42750627530682633,True,True,True,False,False
472,c12ma174b,C12MA174B,fam_fbcdc2d84030,3,name_alias,family_fam_fbcdc2d84030,3,other,99.82000000000002,99.82,10,105.0,False,,,True,T_OOD,True,1.8234358795585666,1.2312052825190418,0.9557763224875929,True,True,True,False,False
473,c12ma174c,C12MA174C,fam_fbcdc2d84030,3,name_alias,family_fam_fbcdc2d84030,3,other,99.81000000000002,99.81,10,105.0,False,,,True,T_OOD,True,0.5873175258870535,0.4149094431106216,0.42812945263506513,True,True,True,False,False
474,c12ma175,C12MA175,fam_61fff301aff3,1,singleton,family_fam_61fff301aff3,1,other,100.16999999999997,100.17,10,105.0,False,,,True,D_CORE,True,0.8465196992125983,0.6785433275704755,0.0,True,True,True,False,False
475,c12ma176a,C12MA176A,fam_66ab53a90f57,2,name_alias,family_fam_66ab53a90f57,2,other,99.72999999999999,99.73,10,105.0,False,,,True,T_IN,True,0.8336885469928004,0.6588030933861712,0.13532023418686095,True,True,True,False,False
476,c12ma176b,C12MA176B,fam_66ab53a90f57,2,name_alias,family_fam_66ab53a90f57,2,other,99.9,99.9,10,105.0,False,,,True,T_IN,True,0.8385380958472013,0.7167460361761384,0.4305641328507569,True,True,True,False,False
477,c12ma177,C12MA177,fam_a1ebdb536c3a,1,singleton,family_fam_a1ebdb536c3a,1,other,100.2,100.2,10,105.0,False,,,True,D_CORE,True,0.9006119951326232,0.7617622443705139,0.0,True,True,True,False,False
478,c12ma179a,C12MA179A,fam_16697d1a9251,1,singleton,family_fam_16697d1a9251,1,other,99.97,99.97,10,105.0,False,,,True,D_CORE,True,0.9689688223939161,0.8628870480405314,0.0,True,True,True,False,False
479,c12ma180,C12MA180,fam_784bf5400163,1,singleton,family_fam_784bf5400163,1,other,99.49,99.49,10,105.0,False,,,True,D_CORE,True,0.9888895939559434,0.8975739348679297,0.0,True,True,True,False,False
480,c12ma181a,C12MA181A,fam_4244a842b253,2,name_alias,family_fam_4244a842b253,2,other,100.07000000000001,100.07,10,105.0,False,,,True,D_CORE,True,0.948284677789992,0.8351048330741582,0.0,True,True,True,False,False
481,c12ma181b,C12MA181B,fam_4244a842b253,2,name_alias,family_fam_4244a842b253,2,other,99.99,99.99,10,105.0,False,,,True,D_CORE,True,,,,True,False,False,False,False
482,c12ma182,C12MA182,fam_5989c6f84fef,1,singleton,family_fam_5989c6f84fef,1,other,100.24000000000001,100.24,10,105.0,False,,,True,D_CORE,True,0.925465431759648,0.8284047055455829,0.0,True,True,True,False,False
483,c12ma183a,C12MA183A,fam_4dcacacfed3b,4,name_alias,family_fam_4dcacacfed3b,4,other,100.05,100.05,10,105.0,False,,,True,D_CORE,True,1.0652545620513,0.919216324241913,0.0,True,True,True,False,False
484,c12ma183b,C12MA183B,fam_4dcacacfed3b,4,name_alias,family_fam_4dcacacfed3b,4,other,99.91000000000003,99.91,10,105.0,False,,,True,D_CORE,True,0.8552246144225468,0.6919355048165502,0.0,True,True,True,False,False
485,c12ma183c,C12MA183C,fam_4dcacacfed3b,4,name_alias,family_fam_4dcacacfed3b,4,other,99.4,99.4,10,105.0,False,,,True,D_CORE,True,0.870026767509377,0.5594081857663934,0.0,True,True,True,False,False
486,c12ma183d,C12MA183D,fam_4dcacacfed3b,4,name_alias,family_fam_4dcacacfed3b,4,other,100.13,100.13,10,105.0,False,,,True,D_CORE,True,0.7372269463341893,0.6310589906838039,0.0,True,True,True,False,False
487,c12ma184,C12MA184,fam_c143a3850c7f,1,singleton,family_fam_c143a3850c7f,1,other,100.07000000000001,100.07,10,105.0,False,,,True,V_IN,True,0.9330021639449154,0.8454159532032167,0.29544626348356934,True,True,True,False,False
488,c12ma186,C12MA186,fam_2b9e9ae81c07,1,singleton,family_fam_2b9e9ae81c07,1,other,100.21999999999998,100.22,10,105.0,False,,,True,V_IN,True,0.9364402465814736,0.8168826312148993,0.5113844787227475,True,True,True,False,False
489,c12ma187,C12MA187,fam_3d2f0771eb8d,1,singleton,family_fam_3d2f0771eb8d,1,other,100.19999999999999,100.2,10,105.0,False,,,True,D_CORE,True,1.0101504533792482,0.8822651783624018,0.0,True,True,True,False,False
490,c12ma188,C12MA188,fam_183ab7678817,1,singleton,family_fam_183ab7678817,1,other,99.47999999999999,99.48,10,105.0,False,,,True,D_CORE,True,0.9390273761246414,0.8546855104027953,0.0,True,True,True,False,False
491,c12ma189,C12MA189,fam_f169d819d3f8,1,singleton,family_fam_f169d819d3f8,1,other,99.98000000000002,99.98,10,105.0,False,,,True,D_CORE,True,0.9103741469819324,0.8319421241774925,0.0,True,True,True,False,False
492,c12ma190,C12MA190,fam_f158a574bb49,1,singleton,family_fam_f158a574bb49,1,other,100.04999999999998,100.05,10,105.0,False,,,True,D_CORE,True,0.976845343688963,0.8717889079287766,0.0,True,True,True,False,False
493,c12ma191a,C12MA191A,fam_2e9be9219b59,2,name_alias,family_fam_2e9be9219b59,2,other,99.7,99.7,10,105.0,False,,,True,D_CORE,True,1.1582437406415766,0.7830881435729227,0.0,True,True,True,False,False
494,c12ma191b,C12MA191B,fam_2e9be9219b59,2,name_alias,family_fam_2e9be9219b59,2,other,100.16,100.16,10,105.0,False,,,True,D_CORE,True,1.088342481224406,0.8100358075043619,0.0,True,True,True,False,False
495,c12ma192,C12MA192,fam_09ad5b5a47f0,1,singleton,family_fam_09ad5b5a47f0,1,other,100.30999999999997,100.31,10,105.0,False,,,True,D_CORE,True,1.314624904619544,1.0494135785727827,0.0,True,True,True,False,False
496,c12ma193b,C12MA193B,fam_1b0bd17aa903,1,singleton,family_fam_1b0bd17aa903,1,other,99.96000000000002,99.96,10,105.0,False,,,True,V_IN,True,0.6233226976395085,0.5172170058401316,0.6378358830544649,True,True,True,False,False
497,c12ma196c,C12MA196C,fam_f9b9becce077,1,singleton,family_fam_f9b9becce077,1,other,99.66,99.66,10,105.0,False,,,True,V_IN,True,0.522831485590844,0.40189169400184194,0.7295182211266417,True,True,True,False,False
498,c12ma204a,C12MA204A,fam_935b943f44ea,2,name_alias,family_fam_935b943f44ea,2,other,99.58,99.58,10,105.0,False,,,True,T_IN,True,0.5496952496454469,0.42326385527776145,0.49917703948695563,True,True,True,False,False
499,c12ma204b,C12MA204B,fam_935b943f44ea,2,name_alias,family_fam_935b943f44ea,2,other,99.72,99.72,10,105.0,False,,,True,T_IN,True,0.5921929041674286,0.4600345580263826,0.35929677459635334,True,True,True,False,False
500,c12ma205,C12MA205,fam_e20e577dbfda,1,singleton,family_fam_e20e577dbfda,1,other,100.09,100.09,10,105.0,False,,,True,V_OOD,True,1.5164969169103175,1.1038798840697104,0.5246737834301379,True,True,True,False,False
501,c12ma206b,C12MA206B,fam_0fc17a3b20a6,2,name_alias,family_fam_0fc17a3b20a6,2,other,100.14000000000001,100.14,10,105.0,False,,,True,A_SEEN_TEST,True,1.0903948370480792,0.719631353508145,0.0,True,True,True,False,False
502,c12ma206c,C12MA206C,fam_0fc17a3b20a6,2,name_alias,family_fam_0fc17a3b20a6,2,other,99.47999999999999,99.48,10,105.0,False,,,True,A_SEEN_TEST,True,0.8719550783106167,0.6523939487661795,0.0,True,True,True,False,False
503,c12ma207,C12MA207,fam_79677ea32429,1,singleton,family_fam_79677ea32429,1,other,100.26000000000002,100.26,10,105.0,False,,,True,D_CORE,True,1.3317852894349576,0.9900533478106259,0.0,True,True,True,False,False
504,c12ma208,C12MA208,fam_b828f805a3d4,1,singleton,family_fam_b828f805a3d4,1,other,99.62,99.62,10,105.0,False,,,True,V_IN,True,1.0731072769119268,0.8398995699747417,0.7033315213755754,True,True,True,False,False
505,c12ma209,C12MA209,fam_d4d0774bb155,1,singleton,family_fam_d4d0774bb155,1,other,99.91000000000001,99.91,10,105.0,False,,,True,V_OOD,True,1.9261398019613338,1.305189989305978,0.7199899352949641,True,True,True,False,False
506,c12ma210a,C12MA210A,fam_90a4ba9420eb,2,name_alias,family_fam_90a4ba9420eb,2,other,99.91000000000001,99.91,10,105.0,False,,,True,D_CORE,True,1.2393325371868003,0.8835306793150672,0.0,True,True,True,False,False
507,c12ma210b,C12MA210B,fam_90a4ba9420eb,2,name_alias,family_fam_90a4ba9420eb,2,other,99.52000000000001,99.52,10,105.0,False,,,True,D_CORE,True,1.2884262922030736,0.9267622160986517,0.0,True,True,True,False,False
508,c12ma211a,C12MA211A,fam_b6e3ed84d966,2,name_alias,family_fam_b6e3ed84d966,2,other,100.15,100.15,10,105.0,False,,,True,T_OOD,True,1.5685798620798488,1.2716070676405271,0.9445029945435096,True,True,True,False,False
509,c12ma211b,C12MA211B,fam_b6e3ed84d966,2,name_alias,family_fam_b6e3ed84d966,2,other,100.15,100.15,10,105.0,False,,,True,T_OOD,True,1.4790284092402435,1.1394411277808485,1.2376452026740612,True,True,True,False,False
510,c12ma212,C12MA212,fam_6c35403bd127,1,singleton,family_fam_6c35403bd127,1,other,99.89000000000003,99.89,10,105.0,False,,,True,T_OOD,True,1.6045039330367281,1.1215052937210843,0.5903499215870578,True,True,True,False,False
511,c12ma213,C12MA213,fam_0d1a3493a4cf,1,singleton,family_fam_0d1a3493a4cf,1,other,99.97999999999998,99.98,10,105.0,False,,,True,T_OOD,True,1.530022222042649,1.08875849693152,0.47236175775160716,True,True,True,False,False
512,c12ma214,C12MA214,fam_45e67fb689fc,1,singleton,family_fam_45e67fb689fc,1,other,100.21000000000001,100.21,10,105.0,False,,,True,V_OOD,True,1.8525645321161701,1.2738377173608992,0.6693387077474576,True,True,True,False,False
513,c12ma215,C12MA215,fam_16989475ff80,1,singleton,family_fam_16989475ff80,1,other,100.32000000000002,100.32,10,105.0,False,,,True,T_OOD,True,1.493414628640811,1.1016342377594202,0.5033699909267362,True,True,True,False,False
514,c12ma216,C12MA216,fam_95f06f72e9cf,1,singleton,family_fam_95f06f72e9cf,1,other,99.89999999999999,99.9,10,105.0,False,,,True,V_IN,True,0.8288759630135595,0.7720574778828351,0.4390716309840704,True,True,True,False,False
515,c12ma217a,C12MA217A,fam_8e2907530c93,3,name_alias,family_fam_8e2907530c93,3,other,100.33000000000003,100.33,10,105.0,False,,,True,T_OOD,True,1.5592644206416324,1.1337464947761102,0.5847513161960385,True,True,True,False,False
516,c12ma217b,C12MA217B,fam_8e2907530c93,3,name_alias+exact_chemistry,family_fam_8e2907530c93,3,other,100.29000000000002,100.29,10,105.0,False,,,True,T_OOD,True,1.5921635354784147,1.1453028743318303,0.575384889454121,True,True,True,False,False
517,c12ma218,C12MA218,fam_6de37a2be2be,1,singleton,family_fam_6de37a2be2be,1,other,100.36999999999999,100.37,10,105.0,False,,,True,T_OOD,True,1.4621905559278638,1.0845667042304556,0.42624886537788687,True,True,True,False,False
518,c12ma219,C12MA219,fam_7d06464a8fa6,1,singleton,family_fam_7d06464a8fa6,1,other,100.06,100.06,10,105.0,False,,,True,V_OOD,True,1.782002987102918,1.2344766095558544,0.6924426231073048,True,True,True,False,False
519,c12ma220,C12MA220,fam_e45c164ae21f,1,singleton,family_fam_e45c164ae21f,1,other,99.7,99.7,10,105.0,False,,,True,T_OOD,True,1.463588596451707,1.055748034391568,0.6124434180607226,True,True,True,False,False
520,c12ma221a,C12MA221A,fam_b6e94ae420ca,2,name_alias,family_fam_b6e94ae420ca,2,other,100.28000000000002,100.28,10,105.0,False,,,True,T_OOD,True,1.4690596433451506,1.0641650296122505,0.4006347502259827,True,True,True,False,False
521,c12ma221b,C12MA221B,fam_b6e94ae420ca,2,name_alias,family_fam_b6e94ae420ca,2,other,100.01,100.01,10,105.0,False,,,True,T_OOD,True,1.5767136413251932,1.1215338064037972,0.5819250741507442,True,True,True,False,False
522,c12ma222a,C12MA222A,fam_0b0529a117b0,3,name_alias,family_fam_0b0529a117b0,3,other,99.95999999999998,99.96,10,105.0,False,,,True,T_OOD,True,1.1295885353078292,0.8987296928000078,0.34734657561959215,True,True,True,False,False
523,c12ma222b,C12MA222B,fam_0b0529a117b0,3,name_alias,family_fam_0b0529a117b0,3,other,99.97,99.97,10,105.0,False,,,True,T_OOD,True,2.137562777642343,1.4011568384866653,0.45802432642284163,True,True,True,False,False
524,c12ma222c,C12MA222C,fam_0b0529a117b0,3,name_alias,family_fam_0b0529a117b0,3,other,99.91000000000001,99.91,10,105.0,False,,,True,T_OOD,True,2.320054927818036,1.4999089250031843,0.5072142855210509,True,True,True,False,False
525,c12ma223,C12MA223,fam_7cb2684bf193,1,singleton,family_fam_7cb2684bf193,1,other,99.99000000000002,99.99,10,105.0,False,,,True,T_OOD,True,1.781182769940063,1.233214736997616,0.7330173865777648,True,True,True,False,False
526,c12ma224,C12MA224,fam_6e247a193063,1,singleton,family_fam_6e247a193063,1,other,100.2,100.2,10,105.0,False,,,True,D_CORE,True,1.1597874048098853,0.930470805271142,0.0,True,True,True,False,False
527,c12ma225,C12MA225,fam_4a0adca01152,1,singleton,family_fam_4a0adca01152,1,other,100.07,100.07,10,105.0,False,,,True,A_SEEN_TEST,True,1.373058615313158,0.9474406417462927,0.0,True,True,True,False,False
528,c12ma226,C12MA226,fam_1ffb1fc6e64a,1,singleton,family_fam_1ffb1fc6e64a,1,other,99.89999999999998,99.9,10,105.0,False,,,True,T_IN,True,0.7836734981056867,0.6423738221079296,0.47794907020930877,True,True,True,False,False
529,c12ma227,C12MA227,fam_3374b3dd1654,1,singleton,family_fam_3374b3dd1654,1,other,100.28999999999999,100.29,10,105.0,False,,,True,D_CORE,True,1.1315690869887074,0.887058008623176,0.0,True,True,True,False,False
530,c12ma228,C12MA228,fam_820656b79d6c,1,singleton,family_fam_820656b79d6c,1,other,99.96999999999997,99.97,10,105.0,False,,,True,A_SHOT_VAL,True,0.5352751586666507,0.4247227404798079,0.0,True,True,True,False,False
531,c12ma229,C12MA229,fam_f44b3b99a2f5,1,singleton,family_fam_f44b3b99a2f5,1,other,100.28,100.28,10,105.0,False,,,True,D_CORE,True,1.0479492773975636,0.8617312878534217,0.0,True,True,True,False,False
532,c12ma230,C12MA230,fam_96a5d7fdfe3f,1,singleton,family_fam_96a5d7fdfe3f,1,other,99.49999999999999,99.5,10,105.0,False,,,True,D_CORE,True,0.6884192628362777,0.5419266497706556,0.0,True,True,True,False,False
533,c12mas042,C12MAS042,fam_683587e1dbbe,1,singleton,family_fam_683587e1dbbe,1,other,99.25,99.25,10,105.0,False,,,True,V_IN,True,0.938555778945822,0.6863940780510669,0.4960698604198558,True,True,True,False,False
534,c12mas043,C12MAS043,fam_83174046a7b8,1,singleton,family_fam_83174046a7b8,1,other,100.00000000000001,100.0,10,105.0,False,,,True,V_IN,True,0.903863633246816,0.7999041382328788,0.6759468013302009,True,True,True,False,False
535,c12mas045,C12MAS045,fam_ccdf526a088d,1,singleton,family_fam_ccdf526a088d,1,other,95.73000000000002,95.73,10,105.0,False,,,True,D_CORE,True,,,,False,True,True,False,False
536,c12mas046,C12MAS046,fam_e865a747fe33,1,singleton,family_fam_e865a747fe33,1,other,100.33000000000001,100.33,10,105.0,False,,,True,T_IN,True,0.6558997147918477,0.4895196102022618,0.5516352174483111,True,True,True,False,False
537,c12mas047,C12MAS047,fam_b9742ede6c46,1,singleton,family_fam_b9742ede6c46,1,other,100.11000000000001,100.11,10,105.0,False,,,True,D_CORE,True,,,,True,False,False,False,False
538,c12mas048,C12MAS048,fam_7f178f77da93,1,singleton,family_fam_7f178f77da93,1,other,100.64999999999999,100.65,10,105.0,False,,,True,V_IN,True,0.7526980732452437,0.6432190001968501,0.7225639563279566,True,True,True,False,False
539,c12mas050,C12MAS050,fam_aad9820070e7,1,singleton,family_fam_aad9820070e7,1,other,100.23,100.23,10,105.0,False,,,True,D_CORE,True,,,,True,False,False,False,False
540,c12mas051,C12MAS051,fam_d1456cefcdbb,1,singleton,family_fam_d1456cefcdbb,1,other,99.56,99.56,10,105.0,False,,,True,D_CORE,True,0.37678468054135794,0.28943679164366864,0.0,True,True,True,False,False
541,c12mas052,C12MAS052,fam_2cb65df7cfae,1,singleton,family_fam_2cb65df7cfae,1,other,100.08999999999999,100.09,10,105.0,False,,,True,D_CORE,True,0.918206980303252,0.706603974733143,0.0,True,True,True,False,False
542,c12mas054,C12MAS054,fam_dc8442650ded,1,singleton,family_fam_dc8442650ded,1,other,100.33000000000003,100.33,10,105.0,False,,,True,A_SHOT_VAL,True,0.9294364112249471,0.7674962660479643,0.0,True,True,True,False,False
543,c12mas055,C12MAS055,fam_6d5f06764fce,1,singleton,family_fam_6d5f06764fce,1,other,100.12000000000002,100.12,10,105.0,False,,,True,A_SEEN_TEST,True,0.9246087949855362,0.7765605001483872,0.0,True,True,True,False,False
544,c12mas057,C12MAS057,fam_dec5ebd3309d,1,singleton,family_fam_dec5ebd3309d,1,other,99.86000000000001,99.86,10,105.0,False,,,True,A_SEEN_TEST,True,1.0799197960221432,0.8800774235548636,0.0,True,True,True,False,False
545,c12mas058,C12MAS058,fam_c42afb933395,1,singleton,family_fam_c42afb933395,1,other,99.94000000000001,99.94,10,105.0,False,,,True,V_IN,True,0.6223676798649819,0.3725164874331626,0.6222914801525586,True,True,True,False,False
546,c5std,C5STD,fam_e5c713e813f6,1,singleton,family_fam_e5c713e813f6,1,other,79.06,79.06,10,105.0,False,,,True,T_OOD,True,2.7834286595712827,1.9016518710936796,3.757600806369604,True,True,True,False,False
547,ca25,CA25,fam_9961f6d7be42,1,singleton,family_fam_9961f6d7be42,1,other,97.15,97.15,9,105.0,False,,,True,T_IN,True,0.6178546259552586,0.5146669887947374,0.34209983548229683,True,True,True,False,False
548,ca26,CA26,fam_32f9c20f5498,1,singleton,family_fam_32f9c20f5498,1,other,96.09,96.09,9,105.0,False,,,True,D_CORE,True,0.530858530674486,0.4512816947997543,0.0,True,True,True,False,False
549,ca28,CA28,fam_e2c56fef0030,1,singleton,family_fam_e2c56fef0030,1,other,95.46,95.46,9,105.0,False,,,True,T_IN,True,0.6803527727287486,0.42170764776424274,0.43572158279330625,True,True,True,False,False
550,ca29,CA29,fam_5121240fd10b,1,singleton,family_fam_5121240fd10b,1,other,93.5,93.5,9,105.0,False,,,True,T_IN,True,0.5427872832887858,0.44640374982775055,0.7735937036524099,True,True,True,False,False
551,ca30,CA30,fam_1dc9bba95e0d,1,singleton,family_fam_1dc9bba95e0d,1,other,96.94999999999999,96.95,9,105.0,False,,,True,D_CORE,True,0.584912528564038,0.4579323916450518,0.0,True,True,True,False,False
552,ca31,CA31,fam_32d4917625b3,1,singleton,family_fam_32d4917625b3,1,other,94.78,94.78,9,105.0,False,,,True,D_CORE,True,,,,False,True,True,False,False
553,cc10,CC10,fam_ed5297eb4ec3,1,singleton,family_fam_ed5297eb4ec3,1,other,95.16,95.16,9,105.0,False,,,True,D_CORE,True,,,,False,False,True,False,False
554,cc11s,CC11S,fam_1206f604b0ac,1,singleton,family_fam_1206f604b0ac,1,other,71.92,71.92,9,105.0,False,,,True,V_OOD,True,1.7175014483464273,1.242057860370412,2.607564932991178,True,True,True,False,False
555,cc9,CC9,fam_947836c98a71,1,singleton,family_fam_947836c98a71,1,other,71.80999999999999,71.81,9,105.0,False,,,True,V_OOD,True,1.8832283227333093,1.4561825229035912,3.08527606588772,True,True,True,False,False
556,cl5,CL5,fam_1bfe5b7382d4,1,singleton,family_fam_1bfe5b7382d4,1,other,92.75000000000001,92.75,10,105.0,False,,,True,D_CORE,False,,,,True,True,True,False,False
557,cobb,COBB,fam_2b794d1cb2bb,1,singleton,family_fam_2b794d1cb2bb,1,other,99.49000000000001,99.49,10,105.0,False,,,True,D_CORE,True,0.3968416255408217,0.2900493163302865,0.0,True,True,True,False,False
558,cro901,CRO901,fam_ad067767a298,1,singleton,family_fam_ad067767a298,1,other,100.0,100.0,10,105.0,False,,,True,D_CORE,False,,,,True,True,True,False,False
559,cro902,CRO902,fam_1d2af590a01a,1,singleton,family_fam_1d2af590a01a,1,other,99.91000000000001,99.91,10,105.0,False,,,True,D_CORE,False,,,,True,True,True,False,False
560,cvg1c,CVG1C,fam_23f9ef012f47,1,singleton,family_fam_23f9ef012f47,1,other,100.3,100.3,10,105.0,False,,,True,T_OOD,True,1.5162859949394991,1.0285681965796523,1.5764288206152663,True,True,True,False,False
561,cvg1h,CVG1H,fam_3e9469c1f8da,1,singleton,family_fam_3e9469c1f8da,1,other,99.97999999999999,99.98,10,105.0,False,,,True,A_SEEN_TEST,True,1.2365917696692303,0.7613993831498599,0.0,True,True,True,False,False
562,cvg2bc,CVG2BC,fam_709ca3c7fcf8,1,singleton,family_fam_709ca3c7fcf8,1,other,100.05,100.05,10,105.0,False,,,True,D_CORE,True,,,,False,True,False,False,False
563,cvg2bh,CVG2BH,fam_4f45bf54964f,1,singleton,family_fam_4f45bf54964f,1,other,99.90000000000002,99.9,10,105.0,False,,,True,D_CORE,True,0.5688487305306044,0.4209265577062682,0.0,True,True,True,False,False
564,d105064,D105064,fam_f4ef9536a9c7,1,singleton,family_fam_f4ef9536a9c7,1,other,52.230000000000004,52.23,3,105.0,False,,,True,D_CORE,False,,,,True,True,True,False,False
565,d108796,D108796,fam_739e456f772b,1,singleton,family_fam_739e456f772b,1,other,71.1,71.1,8,105.0,False,,,True,D_CORE,False,,,,True,True,True,False,False
566,d115089,D115089,fam_d1c8550722c9,1,singleton,family_fam_d1c8550722c9,1,other,71.6,71.6,8,105.0,False,,,True,D_CORE,False,,,,True,True,True,False,False
567,dama2,DAMA2,fam_e540bb5bc1f5,1,singleton,family_fam_e540bb5bc1f5,1,other,99.47000000000001,99.47,10,105.0,False,,,True,D_CORE,True,1.20585810825252,0.9703793091534717,0.0,True,True,True,False,False
568,dama4,DAMA4,fam_c7f87343eb23,1,singleton,family_fam_c7f87343eb23,1,other,99.56,99.56,10,105.0,False,,,True,D_CORE,True,1.0156875808758437,0.8452851194248487,0.0,True,True,True,False,False
569,dama7,DAMA7,fam_00082227c99f,1,singleton,family_fam_00082227c99f,1,other,99.61,99.61,10,105.0,False,,,True,D_CORE,True,1.1447118569054684,0.9362476884880013,0.0,True,True,True,False,False
570,dc42465,DC42465,fam_3006be0bbc9d,1,singleton,family_fam_3006be0bbc9d,1,other,99.49,99.49,10,105.0,False,,,True,D_CORE,True,0.5435545062243848,0.3672884747017126,0.0,True,True,True,False,False
571,dc82576,DC82576,fam_330f19d8cd47,1,singleton,family_fam_330f19d8cd47,1,other,99.65000000000002,99.65,10,105.0,False,,,True,D_CORE,True,0.5480386779614528,0.3708626201763387,0.0,True,True,True,False,False
572,dh210,DH210,fam_21e5f6f59283,1,singleton,family_fam_21e5f6f59283,1,other,100.75999999999999,100.76,9,105.0,False,,,True,D_CORE,False,,,,True,True,True,False,False
573,dh4911,DH4911,fam_8385a3730466,1,singleton,family_fam_8385a3730466,1,other,99.47,99.47,9,105.0,False,,,True,D_CORE,False,,,,True,False,True,True,True
574,dkm1190,DKM1190,fam_d8c2dcbca31d,1,singleton,family_fam_d8c2dcbca31d,1,other,95.78,95.78,10,105.0,False,,,True,D_CORE,False,,,,True,True,True,False,False
575,dkm1390,DKM1390,fam_32b13c5eb9a9,1,singleton,family_fam_32b13c5eb9a9,1,other,97.07,97.07,10,105.0,False,,,True,D_CORE,True,0.7763661382113893,0.5768134545925924,0.0,True,True,True,False,False
576,dkm1490,DKM1490,fam_ce2e62657873,1,singleton,family_fam_ce2e62657873,1,other,94.91000000000001,94.91,10,105.0,False,,,True,V_IN,True,0.7224085770090951,0.5051834308245321,0.41355840996627524,True,True,True,False,False
577,dkm1590,DKM1590,fam_e266398bc95b,1,singleton,family_fam_e266398bc95b,1,other,96.41999999999999,96.42,10,105.0,False,,,True,T_IN,True,0.7598314223876805,0.5979636705587245,0.5308687202425729,True,True,True,False,False
578,dkm1790,DKM1790,fam_3eb0c9ee245f,1,singleton,family_fam_3eb0c9ee245f,1,other,95.55,95.55,10,105.0,False,,,True,D_CORE,True,0.6889426645932817,0.5074282451468065,0.0,True,True,True,False,False
579,dkm1890,DKM1890,fam_44e5a8f50bbf,1,singleton,family_fam_44e5a8f50bbf,1,other,98.60000000000001,98.6,10,105.0,False,,,True,D_CORE,True,0.7189711770969378,0.5444961894461688,0.0,True,True,True,False,False
580,dkm2190,DKM2190,fam_ffdf795ab680,1,singleton,family_fam_ffdf795ab680,1,other,99.01999999999998,99.02,10,105.0,False,,,True,D_CORE,True,0.7534804111044814,0.5608591571823653,0.0,True,True,True,False,False
581,dkm2290,DKM2290,fam_522e2abcf3e4,1,singleton,family_fam_522e2abcf3e4,1,other,94.76000000000003,94.76,10,105.0,False,,,True,A_SEEN_TEST,True,0.7483901013448189,0.534351162806437,0.0,True,True,True,False,False
582,dkm2390,DKM2390,fam_d9d6cedd79c0,1,singleton,family_fam_d9d6cedd79c0,1,other,99.42000000000002,99.42,10,105.0,False,,,True,V_IN,True,0.8080515699639563,0.6149615747259971,0.41506529184287616,True,True,True,False,False
583,dkm2990,DKM2990,fam_53f94510334f,1,singleton,family_fam_53f94510334f,1,other,95.71,95.71,10,105.0,False,,,True,D_CORE,True,1.1342622604366093,0.7288536699009583,0.0,True,True,True,False,False
584,dkm3090,DKM3090,fam_872f35996467,1,singleton,family_fam_872f35996467,1,other,98.75,98.75,10,105.0,False,,,True,D_CORE,True,0.7993266940639426,0.6154500649212994,0.0,True,True,True,False,False
585,dkm3290,DKM3290,fam_e373ec8cdf0d,1,singleton,family_fam_e373ec8cdf0d,1,other,98.69,98.69,10,105.0,False,,,True,V_IN,True,0.6230351009928028,0.49261576712177335,0.40626202435374087,True,True,True,False,False
586,dkm390,DKM390,fam_bb1c03f4851d,1,singleton,family_fam_bb1c03f4851d,1,other,95.54000000000002,95.54,10,105.0,False,,,True,V_IN,True,0.6437239450304708,0.5185148027065202,0.5037711205371309,True,True,True,False,False
587,dl9,DL9,fam_67871e0fd737,1,singleton,family_fam_67871e0fd737,1,other,98.64000000000001,98.64,9,105.0,False,,,True,D_CORE,False,,,,True,True,True,False,False
588,dnc1,DNC1,fam_cd9f3289fdcd,6,name_alias+exact_chemistry,family_fam_cd9f3289fdcd,6,other,91.72,91.72,10,105.0,False,,,True,T_IN,True,0.9321586747761907,0.6667276766527089,0.8388948977236883,True,True,True,False,False
589,dnc1a,DNC1A,fam_cd9f3289fdcd,6,name_alias+exact_chemistry,family_fam_cd9f3289fdcd,6,other,91.72,91.72,10,105.0,False,,,True,T_IN,True,0.9321586747761907,0.6667276766527089,0.8388948977236883,True,True,True,False,False
590,dnc1ma,DNC1MA,fam_cd9f3289fdcd,6,name_alias+exact_chemistry,family_fam_cd9f3289fdcd,6,other,91.72,91.72,10,105.0,False,,,True,T_IN,True,0.9321586747761907,0.6667276766527089,0.8388948977236883,True,True,True,False,False
591,dnc1mb,DNC1MB,fam_cd9f3289fdcd,6,name_alias+exact_chemistry,family_fam_cd9f3289fdcd,6,other,91.72,91.72,10,105.0,False,,,True,T_IN,True,0.9321586747761907,0.6667276766527089,0.8388948977236883,True,True,True,False,False
592,dnc1mc,DNC1MC,fam_cd9f3289fdcd,6,name_alias+exact_chemistry,family_fam_cd9f3289fdcd,6,other,91.72,91.72,10,105.0,False,,,True,T_IN,True,0.9321586747761907,0.6667276766527089,0.8388948977236883,True,True,True,False,False
593,dnc1md,DNC1MD,fam_cd9f3289fdcd,6,name_alias+exact_chemistry,family_fam_cd9f3289fdcd,6,other,91.72,91.72,10,105.0,False,,,True,T_IN,True,0.9321586747761907,0.6667276766527089,0.8388948977236883,True,True,True,False,False
594,drn,DRN,fam_14fa3f233594,1,singleton,family_fam_14fa3f233594,1,other,91.78000000000002,91.78,10,105.0,False,,,True,T_IN,True,0.7346778235559027,0.48029848634742334,0.7056017502022541,True,True,True,False,False
595,dt16,DT16,fam_ee8f3c3a521b,1,singleton,family_fam_ee8f3c3a521b,1,other,99.79999999999998,99.8,10,105.0,False,,,True,D_CORE,True,,,,True,False,True,True,True
596,dt20,DT20,fam_25251f702e56,1,singleton,family_fam_25251f702e56,1,other,99.48000000000002,99.48,10,105.0,False,,,True,D_CORE,True,,,,True,False,True,True,True
597,dt34290,DT34290,fam_96208731122d,1,singleton,family_fam_96208731122d,1,other,99.65999999999998,99.66,10,105.0,False,,,True,D_CORE,True,1.1459680646380992,0.8704971997588273,0.0,True,True,True,False,False
598,dt4053,DT4053,fam_d190be6f163a,1,singleton,family_fam_d190be6f163a,1,other,99.5,99.5,10,105.0,False,,,True,D_CORE,True,,,,True,False,True,True,True
599,e131709,E131709,fam_383eabe10aa9,1,singleton,family_fam_383eabe10aa9,1,other,99.85000000000001,99.85,4,105.0,False,,,True,D_CORE,False,,,,True,True,True,False,False
600,ep3156,EP3156,fam_9bffb7151471,1,singleton,family_fam_9bffb7151471,1,other,99.11000000000001,99.11,10,105.0,False,,,True,D_CORE,True,,,,True,False,True,True,True
601,expl,EXPL,fam_09aa4f217446,1,singleton,family_fam_09aa4f217446,1,other,99.45000000000003,99.45,10,105.0,False,,,True,V_IN,True,0.6610217031248548,0.43663079938696314,0.13079250898115122,True,True,True,False,False
602,f133711,F133711,fam_50d9e2123374,1,singleton,family_fam_50d9e2123374,1,other,65.53999999999998,65.54,8,105.0,False,,,True,D_CORE,False,,,,True,True,True,False,False
603,fa32,FA32,fam_7d06fbdb3303,1,singleton,family_fam_7d06fbdb3303,1,other,89.08999999999999,89.09,9,105.0,False,,,True,D_CORE,True,,,,True,True,False,False,False
604,fa33,FA33,fam_b915ecd4564d,1,singleton,family_fam_b915ecd4564d,1,other,88.64,88.64,9,105.0,False,,,True,A_SEEN_TEST,True,1.1169356447083616,0.7917695579103343,0.0,True,True,True,False,False
605,ferrinatrite,FERRINATRITE,fam_fc56403e027f,1,singleton,family_fam_fc56403e027f,1,other,81.44999999999999,81.45,10,105.0,False,,,True,D_CORE,False,,,,True,True,True,False,False
606,fr11,FR11,fam_859382c5f850,1,singleton,family_fam_859382c5f850,1,other,100.18,100.18,9,105.0,False,,,True,D_CORE,False,,,,True,True,True,False,False
607,fr12,FR12,fam_20f9f0db13dd,1,singleton,family_fam_20f9f0db13dd,1,other,97.55999999999999,97.56,9,105.0,False,,,True,D_CORE,False,,,,True,True,True,False,False
608,frt8428,FRT8428,fam_27fa1726a055,1,singleton,family_fam_27fa1726a055,1,other,99.86999999999999,99.87,10,105.0,False,,,True,D_CORE,True,0.5317008993175667,0.3523931544051735,0.0,True,True,True,False,False
609,frt8447,FRT8447,fam_ab3eb3d7fe2f,1,singleton,family_fam_ab3eb3d7fe2f,1,other,99.98000000000002,99.98,10,105.0,False,,,True,D_CORE,True,0.5158191663703735,0.3483597789215754,0.0,True,True,True,False,False
610,frt8459,FRT8459,fam_5d58d4f7a4d8,1,singleton,family_fam_5d58d4f7a4d8,1,other,100.06,100.06,10,105.0,False,,,True,A_SHOT_VAL,True,0.5371802957896963,0.35915043377415196,0.0,True,True,True,False,False
611,frt8470,FRT8470,fam_70e2a04b2784,1,singleton,family_fam_70e2a04b2784,1,other,100.33000000000001,100.33,10,105.0,False,,,True,D_CORE,True,0.5265889650126825,0.34620534658505536,0.0,True,True,True,False,False
612,g10mt,G10MT,fam_9e60f292e265,1,singleton,family_fam_9e60f292e265,1,other,96.17999999999999,96.18,10,105.0,False,,,True,D_CORE,True,0.9328362182846959,0.6357374383821578,0.0,True,True,True,False,False
613,g11mt,G11MT,fam_dab82f2fb0ab,1,singleton,family_fam_dab82f2fb0ab,1,other,95.27,95.27,10,105.0,False,,,True,D_CORE,True,0.8426395645107148,0.5913614536268798,0.0,True,True,True,False,False
614,g12mt,G12MT,fam_174b14f13ae8,1,singleton,family_fam_174b14f13ae8,1,other,96.58999999999999,96.59,10,105.0,False,,,True,D_CORE,True,0.968843141927819,0.6444631986535743,0.0,True,True,True,False,False
615,g13mt,G13MT,fam_98e0aed2d607,1,singleton,family_fam_98e0aed2d607,1,other,96.03999999999999,96.04,10,105.0,False,,,True,D_CORE,True,0.9984752326829336,0.6764763044127728,0.0,True,True,True,False,False
616,g14mt,G14MT,fam_50bcf8707c2c,1,singleton,family_fam_50bcf8707c2c,1,other,98.42,98.42,10,105.0,False,,,True,A_SHOT_VAL,True,0.8106974406333651,0.5766027560076585,0.0,True,True,True,False,False
617,g15mt,G15MT,fam_72c41892e9fa,1,singleton,family_fam_72c41892e9fa,1,other,94.91,94.91,10,105.0,False,,,True,T_IN,True,0.7923465925922102,0.5851608525747551,0.21958037249575676,True,True,True,False,False
618,g16mt,G16MT,fam_a2fc73294588,1,singleton,family_fam_a2fc73294588,1,other,97.38000000000001,97.38,10,105.0,False,,,True,D_CORE,True,0.8044356072543013,0.5759392144747498,0.0,True,True,True,False,False
619,g17mt,G17MT,fam_99bce1ffe935,1,singleton,family_fam_99bce1ffe935,1,other,97.18,97.18,10,105.0,False,,,True,T_IN,True,0.6579924561195509,0.49098692380466924,0.3878464282639481,True,True,True,False,False
620,g1822,G1822,fam_4b1a5a35156a,1,singleton,family_fam_4b1a5a35156a,1,other,99.91,99.91,10,105.0,False,,,True,D_CORE,True,0.7849144228679699,0.582885690126267,0.0,True,True,True,False,False
621,g1847,G1847,fam_8da65d64e604,1,singleton,family_fam_8da65d64e604,1,other,100.28000000000002,100.28,10,105.0,False,,,True,D_CORE,True,0.8072454475923291,0.6007984374941615,0.0,True,True,True,False,False
622,g18mt,G18MT,fam_e060bb4cb4d1,1,singleton,family_fam_e060bb4cb4d1,1,other,97.88999999999999,97.89,10,105.0,False,,,True,D_CORE,True,0.5607172130288254,0.4456344453084164,0.0,True,True,True,False,False
623,g19mt,G19MT,fam_2691978976d0,1,singleton,family_fam_2691978976d0,1,other,97.14,97.14,10,105.0,False,,,True,D_CORE,True,0.7124224457743563,0.515708865001581,0.0,True,True,True,False,False
624,g1m,G1M,fam_719e6169e498,1,singleton,family_fam_719e6169e498,1,other,99.64000000000001,99.64,10,105.0,False,,,True,D_CORE,True,0.7792705918881175,0.6866229611595903,0.0,True,True,True,False,False
625,g1mt,G1MT,fam_862a506e79c9,1,singleton,family_fam_862a506e79c9,1,other,96.24000000000001,96.24,10,105.0,False,,,True,V_IN,True,0.7016103160815255,0.5161227728399893,0.378686252482088,True,True,True,False,False
626,g2,G2,fam_717cc7b6a412,2,name_alias,family_fam_717cc7b6a412,2,other,97.61,97.61,10,105.0,False,,,True,T_ALL5,True,0.9261471392766971,0.7719094137301866,0.6111475513104435,True,True,True,True,True
627,g20mt,G20MT,fam_7c2a92451b23,1,singleton,family_fam_7c2a92451b23,1,other,95.92999999999999,95.93,10,105.0,False,,,True,V_IN,True,0.6826560969849533,0.4985868098764701,0.2534436822598906,True,True,True,False,False
628,g21mt,G21MT,fam_724856978cb6,1,singleton,family_fam_724856978cb6,1,other,97.1,97.1,10,105.0,False,,,True,D_CORE,True,0.6881721324411116,0.49949820294736963,0.0,True,True,True,False,False
629,g22mt,G22MT,fam_548cb72738ce,1,singleton,family_fam_548cb72738ce,1,other,97.67,97.67,10,105.0,False,,,True,D_CORE,True,0.9851503338079537,0.6969063874860273,0.0,True,True,True,False,False
630,g23mt,G23MT,fam_989ac9150013,1,singleton,family_fam_989ac9150013,1,other,97.52000000000001,97.52,10,105.0,False,,,True,D_CORE,True,0.8784015526920337,0.6766540630707047,0.0,True,True,True,False,False
631,g24mt,G24MT,fam_47737022e8e1,1,singleton,family_fam_47737022e8e1,1,other,97.20999999999998,97.21,10,105.0,False,,,True,A_SEEN_TEST,True,0.7262825326834097,0.5520849458827621,0.0,True,True,True,False,False
632,g25mt,G25MT,fam_05056b24f088,1,singleton,family_fam_05056b24f088,1,other,97.08999999999997,97.09,10,105.0,False,,,True,D_CORE,True,0.6423899232889589,0.5117072784813061,0.0,True,True,True,False,False
633,g26mt,G26MT,fam_97f8fecfc05b,1,singleton,family_fam_97f8fecfc05b,1,other,96.68,96.68,10,105.0,False,,,True,D_CORE,True,0.672226401561651,0.48102446648102604,0.0,True,True,True,False,False
634,g27mt,G27MT,fam_9de6998b3310,1,singleton,family_fam_9de6998b3310,1,other,96.58000000000004,96.58,10,105.0,False,,,True,T_IN,True,0.6501121653753861,0.5182010675626082,0.4037103674431266,True,True,True,False,False
635,g28mt,G28MT,fam_a57959541989,1,singleton,family_fam_a57959541989,1,other,95.38,95.38,10,105.0,False,,,True,D_CORE,True,1.0436925325915871,0.7623392328991929,0.0,True,True,True,False,False
636,g2mt,G2MT,fam_717cc7b6a412,2,name_alias,family_fam_717cc7b6a412,2,other,96.03,96.03,10,105.0,False,,,True,T_ALL5,True,0.9361931184170695,0.6599734689865057,0.49928461038422856,True,True,True,False,False
637,g3014,G3014,fam_c7f0752a58b3,1,singleton,family_fam_c7f0752a58b3,1,other,99.91999999999999,99.92,10,105.0,False,,,True,D_CORE,True,0.9340325387798873,0.7600896766162232,0.0,True,True,True,False,False
638,g3mt,G3MT,fam_78bfc7d09cf5,1,singleton,family_fam_78bfc7d09cf5,1,other,96.75000000000001,96.75,10,105.0,False,,,True,T_IN,True,0.6860178538627894,0.5467025800134063,0.37120614160407184,True,True,True,False,False
639,g4mt,G4MT,fam_df5989759601,1,singleton,family_fam_df5989759601,1,other,96.45000000000002,96.45,10,105.0,False,,,True,A_SEEN_TEST,True,0.6864236099694787,0.5347271604968659,0.0,True,True,True,False,False
640,g5mt,G5MT,fam_6f0d47381e8c,1,singleton,family_fam_6f0d47381e8c,1,other,96.54000000000002,96.54,10,105.0,False,,,True,D_CORE,True,0.7408225086793716,0.5654123860270607,0.0,True,True,True,False,False
641,g6mt,G6MT,fam_d64f3f9f763a,1,singleton,family_fam_d64f3f9f763a,1,other,96.91000000000001,96.91,10,105.0,False,,,True,D_CORE,True,0.7009505438345458,0.552646045553849,0.0,True,True,True,False,False
642,g7mt,G7MT,fam_a29931fbe272,1,singleton,family_fam_a29931fbe272,1,other,96.62,96.62,10,105.0,False,,,True,D_CORE,True,0.7662118118042016,0.5724683603713522,0.0,True,True,True,False,False
643,g8mt,G8MT,fam_92ff5ec57177,1,singleton,family_fam_92ff5ec57177,1,other,95.48000000000002,95.48,10,105.0,False,,,True,D_CORE,True,0.6956777764764375,0.5583542374303501,0.0,True,True,True,False,False
644,g9mt,G9MT,fam_8e5105032496,1,singleton,family_fam_8e5105032496,1,other,97.0,97.0,10,105.0,False,,,True,D_CORE,True,0.7432285671765388,0.5721245811010817,0.0,True,True,True,False,False
645,gbw07104,GBW07104,fam_444baf137fb8,1,singleton,family_fam_444baf137fb8,1,other,95.2,95.2,10,105.0,False,,,True,D_CORE,True,,,,True,False,True,True,True
646,gbw07105,GBW07105,fam_f4571be996b8,1,singleton,family_fam_f4571be996b8,1,other,97.63999999999999,97.64,10,105.0,False,,,True,D_CORE,True,,,,True,False,True,True,True
647,gbw07109,GBW07109,fam_259ad56113ef,1,singleton,family_fam_259ad56113ef,1,other,95.54,95.54,10,105.0,False,,,True,A_SEEN_TEST,True,1.3839702534758844,1.0356759950436283,0.0,True,True,True,False,False
648,gbw07110,GBW07110,fam_7e8af8f64b59,1,singleton,family_fam_7e8af8f64b59,1,other,96.67000000000002,96.67,10,105.0,False,,,True,D_CORE,True,,,,True,False,True,True,True
649,gbw07113,GBW07113,fam_6a71ab85aae3,1,singleton,family_fam_6a71ab85aae3,1,other,98.18999999999998,98.19,10,105.0,False,,,True,T_ALL5,True,0.9332958042253717,0.7539396471561475,0.6435595711936045,True,True,True,True,True
650,gbw07216a,GBW07216A,fam_7e88be5054b6,1,singleton,family_fam_7e88be5054b6,1,other,53.72,53.72,10,105.0,False,,,True,D_CORE,False,,,,True,False,True,False,False
651,gbw07313,GBW07313,fam_807304c85805,1,singleton,family_fam_807304c85805,1,other,88.59,88.59,10,105.0,False,,,True,T_ALL5,True,0.738701787682229,0.49531045931025397,0.9215802777201888,True,True,True,True,True
652,gl1mt,GL1MT,fam_5525c043c10d,1,singleton,family_fam_5525c043c10d,1,other,97.1,97.1,10,105.0,False,,,True,A_SEEN_TEST,True,1.3076068684087085,0.9758802970540148,0.0,True,True,True,False,False
653,gl2mt,GL2MT,fam_f96f8bdda620,1,singleton,family_fam_f96f8bdda620,1,other,96.88,96.88,10,105.0,False,,,True,V_IN,True,0.9463621281814425,0.7312588763881052,0.7783096157428244,True,True,True,False,False
654,gl3mt,GL3MT,fam_be6018e62f90,1,singleton,family_fam_be6018e62f90,1,other,95.96,95.96,10,105.0,False,,,True,V_OOD,True,1.58839183441721,1.139500257314592,0.8734391203876617,True,True,True,False,False
655,gl4mt,GL4MT,fam_1ed480278882,1,singleton,family_fam_1ed480278882,1,other,94.97,94.97,10,105.0,False,,,True,V_OOD,True,2.0410949989402143,1.576920124794842,1.8809654223436736,True,True,True,False,False
656,gl5mt,GL5MT,fam_d1ff4aabeb7b,1,singleton,family_fam_d1ff4aabeb7b,1,other,95.2,95.2,10,105.0,False,,,True,T_OOD,True,1.875200586719394,1.3216979521474257,0.8099731259740268,True,True,True,False,False
657,gl6mt,GL6MT,fam_f8fa845261ca,1,singleton,family_fam_f8fa845261ca,1,other,98.26,98.26,9,105.0,False,,,True,D_CORE,True,1.0999869730234928,0.9183835052740202,0.0,True,True,True,False,False
658,gl7mt,GL7MT,fam_e38d7d83de92,1,singleton,family_fam_e38d7d83de92,1,other,97.77,97.77,10,105.0,False,,,True,D_CORE,True,0.9321599694911449,0.7853604133600915,0.0,True,True,True,False,False
659,grano,GRANO,fam_ffae4137db33,1,singleton,family_fam_ffae4137db33,1,other,99.39,99.39,10,105.0,False,,,True,A_SEEN_TEST,True,0.6963427804277951,0.5007480215924258,0.0,True,True,True,False,False
660,gsp1,GSP1,fam_813955f4763f,3,name_alias,family_fam_813955f4763f,3,other,96.54000000000002,96.54,10,105.0,False,,,True,T_ALL5,True,0.7011194904087936,0.5790060464055401,0.46586978968656273,True,True,True,True,True
661,gsp1mc,GSP1MC,fam_813955f4763f,3,name_alias+exact_chemistry,family_fam_813955f4763f,3,other,98.92,98.92,10,105.0,False,,,True,T_ALL5,True,0.6277604061297173,0.5119827627863984,0.2209968920587078,True,True,True,False,False
662,gsp1md,GSP1MD,fam_813955f4763f,3,name_alias+exact_chemistry,family_fam_813955f4763f,3,other,98.92,98.92,10,105.0,False,,,True,T_ALL5,True,0.6277604061297173,0.5119827627863984,0.2209968920587078,True,True,True,False,False
663,gsp2,GSP2,fam_0148659456be,1,singleton,family_fam_0148659456be,1,other,98.61,98.61,10,105.0,False,,,True,D_CORE,True,0.6011011785368657,0.4792310876237678,0.0,True,True,True,False,False
664,guwbm,GUWBM,fam_9adde669db31,1,singleton,family_fam_9adde669db31,1,other,95.61000000000001,95.61,10,105.0,False,,,True,D_CORE,True,,,,True,False,True,True,True
665,gw911,GW911,fam_42e03ae94069,1,singleton,family_fam_42e03ae94069,1,other,99.84000000000002,99.84,10,105.0,False,,,True,V_OOD,True,1.4775236295948546,1.0079914316272212,0.9699899659305183,True,True,True,False,False
666,gypb,GYPB,fam_d1f5fc03430d,3,name_alias,family_fam_d1f5fc03430d,3,other,35.98,35.98,10,105.0,False,,,True,D_CORE,False,,,,True,False,True,True,True
667,gypc,GYPC,fam_d1f5fc03430d,3,name_alias,family_fam_d1f5fc03430d,3,other,40.89,40.89,10,105.0,False,,,True,D_CORE,False,,,,True,False,True,True,True
668,gypd,GYPD,fam_d1f5fc03430d,3,name_alias,family_fam_d1f5fc03430d,3,other,42.489999999999995,42.49,10,105.0,False,,,True,D_CORE,False,,,,True,False,True,True,True
669,gypsum,GYPSUM,fam_911c55e9b001,1,singleton,family_fam_911c55e9b001,1,other,43.42999999999999,43.43,10,105.0,False,,,True,D_CORE,False,,,,True,True,True,False,False
670,h102984,H102984,fam_aea1db92c4b9,1,singleton,family_fam_aea1db92c4b9,1,other,,,0,105.0,False,,,True,D_CORE,False,,,,True,True,True,False,False
671,h3k,H3K,fam_0c64728531c4,1,singleton,family_fam_0c64728531c4,1,other,100.08999999999999,100.09,10,105.0,False,,,True,D_CORE,True,1.1603224848117955,0.8003132397550495,0.0,True,True,True,False,False
672,hc0401,HC0401,fam_9149ed90ad63,1,singleton,family_fam_9149ed90ad63,1,other,100.21,100.21,10,105.0,False,,,True,V_IN,True,0.5394435948361367,0.4486418226720281,0.4898235781177435,True,True,True,False,False
673,hc0402,HC0402,fam_28473f4df3c6,1,singleton,family_fam_28473f4df3c6,1,other,99.94,99.94,10,105.0,False,,,True,D_CORE,True,1.3458717072349011,0.9589738461253147,0.0,True,True,True,False,False
674,hc0404,HC0404,fam_b5ae0a45b3c8,1,singleton,family_fam_b5ae0a45b3c8,1,other,100.10000000000001,100.1,10,105.0,False,,,True,D_CORE,True,1.039272211076348,0.7500952212583445,0.0,True,True,True,False,False
675,hc0404bf1,HC0404BF1,fam_98d4e70c5af3,1,singleton,family_fam_98d4e70c5af3,1,other,100.07000000000001,100.07,10,105.0,False,,,True,T_OOD,True,1.515379924014188,1.027174241309943,1.843435638859964,True,True,True,False,False
676,hc0404bf2,HC0404BF2,fam_3363dd69a660,1,singleton,family_fam_3363dd69a660,1,other,99.78,99.78,10,105.0,False,,,True,D_CORE,True,1.0973639658305279,0.8205005064672007,0.0,True,True,True,False,False
677,hc0404bf3,HC0404BF3,fam_2c2bbc5aaebf,1,singleton,family_fam_2c2bbc5aaebf,1,other,99.64,99.64,10,105.0,False,,,True,D_CORE,True,1.120074139268214,0.7795600183844683,0.0,True,True,True,False,False
678,hc0404bf4,HC0404BF4,fam_b9e4d0b9b9ec,1,singleton,family_fam_b9e4d0b9b9ec,1,other,99.71,99.71,10,105.0,False,,,True,D_CORE,True,1.114543532528212,0.7961090956070043,0.0,True,True,True,False,False
679,hc0405,HC0405,fam_9d86a555bf7f,1,singleton,family_fam_9d86a555bf7f,1,other,99.58999999999999,99.59,10,105.0,False,,,True,T_IN,True,0.9419585900252285,0.767267009925158,0.9857564225116503,True,True,True,False,False
680,hc0422b,HC0422B,fam_15078c6cd6a4,1,singleton,family_fam_15078c6cd6a4,1,other,100.03999999999999,100.04,10,105.0,False,,,True,D_CORE,True,0.8239736722674549,0.5987239201846911,0.0,True,True,True,False,False
681,hc0424,HC0424,fam_d522c79157df,1,singleton,family_fam_d522c79157df,1,other,100.13999999999999,100.14,10,105.0,False,,,True,D_CORE,True,1.1132718165132873,0.8422754078619784,0.0,True,True,True,False,False
682,hc0428f2,HC0428F2,fam_c4817855c9b2,1,singleton,family_fam_c4817855c9b2,1,other,99.52000000000002,99.52,10,105.0,False,,,True,D_CORE,True,1.2356935113960383,0.8471802609553709,0.0,True,True,True,False,False
683,hc0428f3,HC0428F3,fam_fdff59ab0b21,1,singleton,family_fam_fdff59ab0b21,1,other,99.69999999999999,99.7,10,105.0,False,,,True,D_CORE,True,1.1535257607976026,0.8479860604828736,0.0,True,True,True,False,False
684,hc0428f4,HC0428F4,fam_21c8a0488ba7,1,singleton,family_fam_21c8a0488ba7,1,other,99.46,99.46,10,105.0,False,,,True,D_CORE,True,1.1172201342436299,0.8478801365668587,0.0,True,True,True,False,False
685,hc0428f5,HC0428F5,fam_0aac22b90751,1,singleton,family_fam_0aac22b90751,1,other,99.69999999999999,99.7,10,105.0,False,,,True,A_SEEN_TEST,True,1.1858152238666735,0.8672597815411415,0.0,True,True,True,False,False
686,hc0430,HC0430,fam_4f2b3dcaf9d9,1,singleton,family_fam_4f2b3dcaf9d9,1,other,100.08999999999999,100.09,10,105.0,False,,,True,D_CORE,True,0.9489205676481923,0.6701916201865044,0.0,True,True,True,False,False
687,holyoke,HOLYOKE,fam_34467a8cb865,1,singleton,family_fam_34467a8cb865,1,other,98.87999999999998,98.88,10,105.0,False,,,True,D_CORE,True,0.18819123603145121,0.13478663743739025,0.0,True,True,True,False,False
688,hsdp101,HSDP101,fam_fc6bcb2c7f8c,1,singleton,family_fam_fc6bcb2c7f8c,1,other,99.55,99.55,10,105.0,False,,,True,D_CORE,True,0.5133786879820652,0.36742229938112525,0.0,True,True,True,False,False
689,hsdp102,HSDP102,fam_bf58840d504b,1,singleton,family_fam_bf58840d504b,1,other,99.97,99.97,10,105.0,False,,,True,D_CORE,True,0.5319252037317981,0.3959554005345603,0.0,True,True,True,False,False
690,hsdp103,HSDP103,fam_c42bc5358081,1,singleton,family_fam_c42bc5358081,1,other,99.73,99.73,10,105.0,False,,,True,D_CORE,True,0.5346811463957123,0.38781364630337883,0.0,True,True,True,False,False
691,hsdp104,HSDP104,fam_ecba316eaef6,1,singleton,family_fam_ecba316eaef6,1,other,99.93000000000002,99.93,10,105.0,False,,,True,A_SHOT_VAL,True,0.5067082102411413,0.35716002593355,0.0,True,True,True,False,False
692,hsdp105a,HSDP105A,fam_b8d58c377aa4,2,name_alias,family_fam_b8d58c377aa4,2,other,99.66,99.66,10,105.0,False,,,True,D_CORE,True,0.805551221629158,0.619314249207384,0.0,True,True,True,False,False
693,hsdp105b,HSDP105B,fam_b8d58c377aa4,2,name_alias,family_fam_b8d58c377aa4,2,other,100.16000000000001,100.16,10,105.0,False,,,True,D_CORE,True,0.49385917909340227,0.34818853700591346,0.0,True,True,True,False,False
694,hsdp107a,HSDP107A,fam_7e004f737d27,1,singleton,family_fam_7e004f737d27,1,other,99.62,99.62,10,105.0,False,,,True,V_OOD,True,1.576445907715045,1.0281655065062099,0.32532923777158973,True,True,True,False,False
695,hsdp109,HSDP109,fam_909a2e843fed,1,singleton,family_fam_909a2e843fed,1,other,99.73000000000002,99.73,10,105.0,False,,,True,A_SHOT_VAL,True,0.8530953467431621,0.6357628016742405,0.0,True,True,True,False,False
696,hsdp11,HSDP11,fam_96e163ba909d,2,name_alias,family_fam_96e163ba909d,2,other,99.98000000000002,99.98,10,105.0,False,,,True,D_CORE,True,0.3851848508591228,0.3216153636228364,0.0,True,True,True,False,False
697,hsdp110a,HSDP110A,fam_3217bf9f8a2c,1,singleton,family_fam_3217bf9f8a2c,1,other,99.85,99.85,10,105.0,False,,,True,D_CORE,True,1.3346144205072195,0.9001675410242842,0.0,True,True,True,False,False
698,hsdp111,HSDP111,fam_027e47099bd9,1,singleton,family_fam_027e47099bd9,1,other,99.45,99.45,10,105.0,False,,,True,A_SHOT_VAL,True,0.7804885177855139,0.5947468579058021,0.0,True,True,True,False,False
699,hsdp112,HSDP112,fam_916bd11d3971,1,singleton,family_fam_916bd11d3971,1,other,99.70000000000002,99.7,10,105.0,False,,,True,T_IN,True,1.1186098779339564,0.7943453013343263,0.14738865558378522,True,True,True,False,False
700,hsdp113,HSDP113,fam_9e1be9d76fd4,1,singleton,family_fam_9e1be9d76fd4,1,other,99.74,99.74,10,105.0,False,,,True,D_CORE,True,0.5392062195683511,0.47013335360098013,0.0,True,True,True,False,False
701,hsdp114a,HSDP114A,fam_ab9bda7297e8,1,singleton,family_fam_ab9bda7297e8,1,other,99.55000000000001,99.55,10,105.0,False,,,True,V_OOD,True,1.6589965024955582,1.0793709987580606,0.49222203932296427,True,True,True,False,False
702,hsdp115,HSDP115,fam_8e8504ff8f2a,1,singleton,family_fam_8e8504ff8f2a,1,other,99.56,99.56,10,105.0,False,,,True,D_CORE,True,0.6611645621129025,0.5405987866326529,0.0,True,True,True,False,False
703,hsdp116a,HSDP116A,fam_a381ca137213,1,singleton,family_fam_a381ca137213,1,other,99.68000000000002,99.68,10,105.0,False,,,True,D_CORE,True,0.5196913116467273,0.41759204780594783,0.0,True,True,True,False,False
704,hsdp117,HSDP117,fam_b5512c26c8f7,1,singleton,family_fam_b5512c26c8f7,1,other,99.58999999999999,99.59,10,105.0,False,,,True,D_CORE,True,,,,True,False,True,True,True
705,hsdp118,HSDP118,fam_315ea91578bf,1,singleton,family_fam_315ea91578bf,1,other,99.47000000000001,99.47,10,105.0,False,,,True,D_CORE,True,,,,True,False,True,True,True
706,hsdp119a,HSDP119A,fam_fe747171de89,1,singleton,family_fam_fe747171de89,1,other,99.61,99.61,10,105.0,False,,,True,D_CORE,True,,,,True,False,True,True,True
707,hsdp11a,HSDP11A,fam_96e163ba909d,2,name_alias,family_fam_96e163ba909d,2,other,99.86999999999999,99.87,10,105.0,False,,,True,D_CORE,True,0.3729877219217228,0.3006213856668748,0.0,True,True,True,False,False
708,hsdp12,HSDP12,fam_17d9d5f54093,1,singleton,family_fam_17d9d5f54093,1,other,99.79,99.79,10,105.0,False,,,True,D_CORE,True,0.3808651048964917,0.31720613396079045,0.0,True,True,True,False,False
709,hsdp120,HSDP120,fam_9cc40c703537,1,singleton,family_fam_9cc40c703537,1,other,99.66000000000001,99.66,10,105.0,False,,,True,D_CORE,True,1.024057722054025,0.7288432221151991,0.0,True,True,True,False,False
710,hsdp123,HSDP123,fam_480dbf6a0f3c,1,singleton,family_fam_480dbf6a0f3c,1,other,99.39999999999999,99.4,10,105.0,False,,,True,D_CORE,True,0.7857241671949476,0.5958154259421421,0.0,True,True,True,False,False
711,hsdp124a,HSDP124A,fam_3cb8c982eb68,1,singleton,family_fam_3cb8c982eb68,1,other,99.47,99.47,10,105.0,False,,,True,D_CORE,True,0.6942251886774576,0.5467488936071707,0.0,True,True,True,False,False
712,hsdp125,HSDP125,fam_0e9ae52bb820,1,singleton,family_fam_0e9ae52bb820,1,other,99.68,99.68,10,105.0,False,,,True,A_SHOT_VAL,True,1.2041014854542285,0.8218000800330716,0.0,True,True,True,False,False
713,hsdp126,HSDP126,fam_1c45f8d5001e,1,singleton,family_fam_1c45f8d5001e,1,other,99.62,99.62,10,105.0,False,,,True,D_CORE,True,0.4893052017149901,0.3959402431136521,0.0,True,True,True,False,False
714,hsdp127a,HSDP127A,fam_484099470992,1,singleton,family_fam_484099470992,1,other,99.53,99.53,10,105.0,False,,,True,V_OOD,True,2.0871296950944944,1.30859582423378,0.43735226033908187,True,True,True,False,False
715,hsdp129,HSDP129,fam_c23abf88e47a,1,singleton,family_fam_c23abf88e47a,1,other,99.62999999999998,99.63,10,105.0,False,,,True,D_CORE,True,1.3342199778481112,0.8852925864292327,0.0,True,True,True,False,False
716,hsdp13,HSDP13,fam_30096325ede3,1,singleton,family_fam_30096325ede3,1,other,99.67000000000003,99.67,10,105.0,False,,,True,D_CORE,True,0.6327731351798319,0.43721372380734763,0.0,True,True,True,False,False
717,hsdp130a,HSDP130A,fam_8c02e789354f,1,singleton,family_fam_8c02e789354f,1,other,99.9,99.9,10,105.0,False,,,True,D_CORE,True,0.519991638602608,0.4405724598075292,0.0,True,True,True,False,False
718,hsdp131,HSDP131,fam_cdd1e6a56c01,1,singleton,family_fam_cdd1e6a56c01,1,other,99.48000000000002,99.48,10,105.0,False,,,True,D_CORE,True,0.8696774720406684,0.6324744525779413,0.0,True,True,True,False,False
719,hsdp132a,HSDP132A,fam_e5f4d9db8f0d,1,singleton,family_fam_e5f4d9db8f0d,1,other,99.73,99.73,10,105.0,False,,,True,T_OOD,True,1.7427436325538848,1.1137043224640395,0.6400824587506844,True,True,True,False,False
720,hsdp133,HSDP133,fam_eb0b4aff09cc,1,singleton,family_fam_eb0b4aff09cc,1,other,99.86,99.86,10,105.0,False,,,True,D_CORE,True,0.48638971396235386,0.3569490621750721,0.0,True,True,True,False,False
721,hsdp134,HSDP134,fam_61d07a218db6,1,singleton,family_fam_61d07a218db6,1,other,99.74000000000001,99.74,10,105.0,False,,,True,D_CORE,True,0.4861726070939289,0.3755672915630971,0.0,True,True,True,False,False
722,hsdp135a,HSDP135A,fam_f6ff898cb7f8,1,singleton,family_fam_f6ff898cb7f8,1,other,99.89000000000001,99.89,10,105.0,False,,,True,D_CORE,True,0.4696329256374773,0.344380003016824,0.0,True,True,True,False,False
723,hsdp136a,HSDP136A,fam_a3b1463f454b,1,singleton,family_fam_a3b1463f454b,1,other,99.89,99.89,10,105.0,False,,,True,D_CORE,True,0.9849613543535661,0.7040478752253236,0.0,True,True,True,False,False
724,hsdp137,HSDP137,fam_08ea1ed15b46,1,singleton,family_fam_08ea1ed15b46,1,other,99.7,99.7,10,105.0,False,,,True,D_CORE,True,0.4848320474000204,0.352686304069437,0.0,True,True,True,False,False
725,hsdp138a,HSDP138A,fam_4321011b626d,1,singleton,family_fam_4321011b626d,1,other,99.65,99.65,10,105.0,False,,,True,D_CORE,True,1.3963328246708366,0.923014898675482,0.0,True,True,True,False,False
726,hsdp139,HSDP139,fam_f693eab28703,1,singleton,family_fam_f693eab28703,1,other,99.41000000000001,99.41,10,105.0,False,,,True,V_OOD,True,1.6765879972518456,1.0903736773295012,0.5309605415735513,True,True,True,False,False
727,hsdp14,HSDP14,fam_52f54f503cdd,1,singleton,family_fam_52f54f503cdd,1,other,99.41,99.41,10,105.0,False,,,True,D_CORE,True,0.7671789929779991,0.5036755612183442,0.0,True,True,True,False,False
728,hsdp140,HSDP140,fam_c58ac8a72086,1,singleton,family_fam_c58ac8a72086,1,other,99.47000000000001,99.47,10,105.0,False,,,True,D_CORE,True,1.1002919237000524,0.7582987779006556,0.0,True,True,True,False,False
729,hsdp141,HSDP141,fam_5410dbce2c8c,1,singleton,family_fam_5410dbce2c8c,1,other,99.46000000000002,99.46,10,105.0,False,,,True,D_CORE,True,1.0581163215343006,0.7454207766808785,0.0,True,True,True,False,False
730,hsdp142a,HSDP142A,fam_d537f21f17a0,1,singleton,family_fam_d537f21f17a0,1,other,99.84000000000003,99.84,10,105.0,False,,,True,D_CORE,True,0.464510715353304,0.3538728353110386,0.0,True,True,True,False,False
731,hsdp143,HSDP143,fam_54b7aaacdf8c,1,singleton,family_fam_54b7aaacdf8c,1,other,99.80000000000001,99.8,10,105.0,False,,,True,D_CORE,True,0.5138057591639456,0.4219348335225105,0.0,True,True,True,False,False
732,hsdp144a,HSDP144A,fam_cd125ecd653e,1,singleton,family_fam_cd125ecd653e,1,other,99.61,99.61,10,105.0,False,,,True,D_CORE,True,0.5914854355561157,0.48827259457347527,0.0,True,True,True,False,False
733,hsdp145,HSDP145,fam_777e8efe3bde,1,singleton,family_fam_777e8efe3bde,1,other,99.73,99.73,10,105.0,False,,,True,D_CORE,True,0.5021874248654166,0.40213022717618496,0.0,True,True,True,False,False
734,hsdp146,HSDP146,fam_68a036d6b437,1,singleton,family_fam_68a036d6b437,1,other,99.39000000000001,99.39,10,105.0,False,,,True,V_OOD,True,1.4619700441814687,0.961908828479365,0.11948142806302746,True,True,True,False,False
735,hsdp147,HSDP147,fam_72512e49c119,1,singleton,family_fam_72512e49c119,1,other,99.98000000000002,99.98,10,105.0,False,,,True,A_SHOT_VAL,True,0.42922689550646,0.3174211013764671,0.0,True,True,True,False,False
736,hsdp148a,HSDP148A,fam_59ce10ef08da,1,singleton,family_fam_59ce10ef08da,1,other,99.74,99.74,10,105.0,False,,,True,D_CORE,True,1.4125544821064888,0.9362544778711667,0.0,True,True,True,False,False
737,hsdp149,HSDP149,fam_f604b41c3741,1,singleton,family_fam_f604b41c3741,1,other,99.68,99.68,10,105.0,False,,,True,D_CORE,True,0.710932971738403,0.5475431740968338,0.0,True,True,True,False,False
738,hsdp15,HSDP15,fam_793dc3d356fa,1,singleton,family_fam_793dc3d356fa,1,other,99.98,99.98,10,105.0,False,,,True,D_CORE,True,0.4315694105912753,0.36119996510332236,0.0,True,True,True,False,False
739,hsdp150,HSDP150,fam_ade7577df7a2,1,singleton,family_fam_ade7577df7a2,1,other,99.67,99.67,10,105.0,False,,,True,V_OOD,True,2.234903391357577,1.4013021424486451,0.23151962292186418,True,True,True,False,False
740,hsdp151a,HSDP151A,fam_6e64b43cfcd6,1,singleton,family_fam_6e64b43cfcd6,1,other,99.69000000000001,99.69,10,105.0,False,,,True,T_OOD,True,2.0013278119085074,1.265195143369304,0.39152265527543145,True,True,True,False,False
741,hsdp152,HSDP152,fam_1e3fbdeb7138,1,singleton,family_fam_1e3fbdeb7138,1,other,99.49,99.49,10,105.0,False,,,True,T_OOD,True,1.5421326312134414,1.0032612732523958,0.2591306150717,True,True,True,False,False
742,hsdp153,HSDP153,fam_2ee96f7f2504,1,singleton,family_fam_2ee96f7f2504,1,other,99.78000000000002,99.78,10,105.0,False,,,True,D_CORE,True,1.0787660770935885,0.753909691433036,0.0,True,True,True,False,False
743,hsdp155a,HSDP155A,fam_ef0d0de7e083,1,singleton,family_fam_ef0d0de7e083,1,other,100.00000000000001,100.0,10,105.0,False,,,True,D_CORE,True,0.4293154835449997,0.3215844902025881,0.0,True,True,True,False,False
744,hsdp157a,HSDP157A,fam_f9b6ae83ce79,1,singleton,family_fam_f9b6ae83ce79,1,other,99.69000000000003,99.69,10,105.0,False,,,True,D_CORE,True,0.4826353419561362,0.35492131828932477,0.0,True,True,True,False,False
745,hsdp158,HSDP158,fam_06fd2ae48e94,1,singleton,family_fam_06fd2ae48e94,1,other,100.14000000000001,100.14,10,105.0,False,,,True,D_CORE,True,0.45005111423238586,0.335549339294261,0.0,True,True,True,False,False
746,hsdp16,HSDP16,fam_5aae56bcab76,2,name_alias,family_fam_5aae56bcab76,2,other,100.32000000000004,100.32,10,105.0,False,,,True,D_CORE,True,0.39074235759147363,0.33016537398029916,0.0,True,True,True,False,False
747,hsdp160a,HSDP160A,fam_af154d11a93a,1,singleton,family_fam_af154d11a93a,1,other,99.92,99.92,10,105.0,False,,,True,D_CORE,True,0.5124733638953063,0.3970777543796142,0.0,True,True,True,False,False
748,hsdp161,HSDP161,fam_03810fb6b760,1,singleton,family_fam_03810fb6b760,1,other,99.83,99.83,10,105.0,False,,,True,D_CORE,True,0.5401568970136266,0.42854617311381527,0.0,True,True,True,False,False
749,hsdp162,HSDP162,fam_2cddbeeafb59,1,singleton,family_fam_2cddbeeafb59,1,other,99.71999999999998,99.72,10,105.0,False,,,True,D_CORE,True,0.8221018390230199,0.6023661549680763,0.0,True,True,True,False,False
750,hsdp163,HSDP163,fam_01c0fd3cb837,1,singleton,family_fam_01c0fd3cb837,1,other,99.66,99.66,10,105.0,False,,,True,D_CORE,True,0.7145863669169255,0.550887839320647,0.0,True,True,True,False,False
751,hsdp164,HSDP164,fam_2c69838ed937,1,singleton,family_fam_2c69838ed937,1,other,99.54,99.54,10,105.0,False,,,True,D_CORE,True,0.8075024719219457,0.6011938595397256,0.0,True,True,True,False,False
752,hsdp165,HSDP165,fam_643b939b8c88,1,singleton,family_fam_643b939b8c88,1,other,99.45000000000005,99.45,10,105.0,False,,,True,D_CORE,True,0.4820175985358065,0.3354341479594193,0.0,True,True,True,False,False
753,hsdp166a,HSDP166A,fam_36a18a8aeaef,1,singleton,family_fam_36a18a8aeaef,1,other,99.67000000000002,99.67,10,105.0,False,,,True,D_CORE,True,0.46239667329905565,0.35848742044981385,0.0,True,True,True,False,False
754,hsdp168,HSDP168,fam_2e699885154f,1,singleton,family_fam_2e699885154f,1,other,99.4,99.4,10,105.0,False,,,True,D_CORE,True,0.4719429387809166,0.3536754941584628,0.0,True,True,True,False,False
755,hsdp16a,HSDP16A,fam_5aae56bcab76,2,name_alias,family_fam_5aae56bcab76,2,other,100.03,100.03,10,105.0,False,,,True,D_CORE,True,0.4618253047468197,0.3889898028685583,0.0,True,True,True,False,False
756,hsdp17,HSDP17,fam_24a6b4cdab12,1,singleton,family_fam_24a6b4cdab12,1,other,100.03999999999999,100.04,10,105.0,False,,,True,D_CORE,True,,,,True,False,True,False,False
757,hsdp170,HSDP170,fam_c4ab4038ae01,1,singleton,family_fam_c4ab4038ae01,1,other,100.08000000000001,100.08,10,105.0,False,,,True,A_SHOT_VAL,True,0.486551551563839,0.3534704814698641,0.0,True,True,True,False,False
758,hsdp171a,HSDP171A,fam_3e2d0a5e07b1,1,singleton,family_fam_3e2d0a5e07b1,1,other,99.76,99.76,10,105.0,False,,,True,T_OOD,True,1.824621015272441,1.1793066661046867,0.48476772393306583,True,True,True,False,False
759,hsdp172,HSDP172,fam_149a8f2ca1a8,1,singleton,family_fam_149a8f2ca1a8,1,other,99.74,99.74,10,105.0,False,,,True,D_CORE,True,0.4872608062237709,0.3564228561059761,0.0,True,True,True,False,False
760,hsdp176,HSDP176,fam_04a443aaa6e8,1,singleton,family_fam_04a443aaa6e8,1,other,99.68,99.68,10,105.0,False,,,True,D_CORE,True,0.9945418016470347,0.7112501363860868,0.0,True,True,True,False,False
761,hsdp179a,HSDP179A,fam_9b1d7be34159,1,singleton,family_fam_9b1d7be34159,1,other,99.49000000000001,99.49,10,105.0,False,,,True,T_OOD,True,1.9284417710523596,1.242375726200129,0.23708561432843858,True,True,True,False,False
762,hsdp18,HSDP18,fam_47c528aeb087,2,name_alias,family_fam_47c528aeb087,2,other,99.71000000000001,99.71,10,105.0,False,,,True,T_OOD,True,0.9736810924285529,0.7091793126388739,0.1262307820388499,True,True,True,False,False
763,hsdp181,HSDP181,fam_aafb6799813d,1,singleton,family_fam_aafb6799813d,1,other,99.55000000000001,99.55,10,105.0,False,,,True,D_CORE,True,0.4519720784867163,0.35846336478665675,0.0,True,True,True,False,False
764,hsdp183,HSDP183,fam_7a4c1ce8a446,1,singleton,family_fam_7a4c1ce8a446,1,other,99.7,99.7,10,105.0,False,,,True,D_CORE,True,0.4469415475534446,0.35072408642777725,0.0,True,True,True,False,False
765,hsdp18a,HSDP18A,fam_47c528aeb087,2,name_alias,family_fam_47c528aeb087,2,other,99.74,99.74,10,105.0,False,,,True,T_OOD,True,2.035220882803953,1.3173383293622971,0.15183226434806416,True,True,True,False,False
766,hsdp19,HSDP19,fam_034d97cb7ea1,2,name_alias,family_fam_034d97cb7ea1,2,other,100.21000000000002,100.21,10,105.0,False,,,True,A_SHOT_VAL,True,0.41369478978370566,0.36324764391607917,0.0,True,True,True,False,False
767,hsdp193,HSDP193,fam_ee0334235102,1,singleton,family_fam_ee0334235102,1,other,99.64000000000001,99.64,10,105.0,False,,,True,D_CORE,True,1.0961262020315483,0.7728129339467859,0.0,True,True,True,False,False
768,hsdp195a,HSDP195A,fam_58cfb1c954c2,1,singleton,family_fam_58cfb1c954c2,1,other,99.47,99.47,10,105.0,False,,,True,D_CORE,True,1.3271193517447166,0.8971616117152973,0.0,True,True,True,False,False
769,hsdp198aa,HSDP198AA,fam_13ffb43301e5,2,name_alias,family_fam_13ffb43301e5,2,other,99.47000000000001,99.47,10,105.0,False,,,True,D_CORE,True,0.9447994235969726,0.6895131472950056,0.0,True,True,True,False,False
770,hsdp198ab,HSDP198AB,fam_13ffb43301e5,2,name_alias,family_fam_13ffb43301e5,2,other,99.58,99.58,10,105.0,False,,,True,D_CORE,True,0.9027515216243207,0.6761096932768942,0.0,True,True,True,False,False
771,hsdp199a,HSDP199A,fam_b6d3f39ecb2f,1,singleton,family_fam_b6d3f39ecb2f,1,other,99.67999999999999,99.68,10,105.0,False,,,True,D_CORE,True,1.1741152760356668,0.8081170556858568,0.0,True,True,True,False,False
772,hsdp19a,HSDP19A,fam_034d97cb7ea1,2,name_alias,family_fam_034d97cb7ea1,2,other,100.08,100.08,10,105.0,False,,,True,D_CORE,True,0.38555945098751637,0.32442820487005913,0.0,True,True,True,False,False
773,hsdp2,HSDP2,fam_521ddb77b2c9,2,name_alias,family_fam_521ddb77b2c9,2,other,99.94000000000003,99.94,10,105.0,False,,,True,D_CORE,True,0.3872661415998671,0.31155122385399536,0.0,True,True,True,False,False
774,hsdp20,HSDP20,fam_722b45e81876,2,name_alias,family_fam_722b45e81876,2,other,100.05999999999999,100.06,10,105.0,False,,,True,A_SHOT_VAL,True,0.4091471963516722,0.3300590150644399,0.0,True,True,True,False,False
775,hsdp201,HSDP201,fam_7a2966a75f7c,1,singleton,family_fam_7a2966a75f7c,1,other,99.73,99.73,10,105.0,False,,,True,D_CORE,True,0.9308590911638213,0.6729928646001826,0.0,True,True,True,False,False
776,hsdp203,HSDP203,fam_4ac482e350c6,1,singleton,family_fam_4ac482e350c6,1,other,100.37,100.37,10,105.0,False,,,True,D_CORE,True,1.00636575267922,0.72440456549274,0.0,True,True,True,False,False
777,hsdp205,HSDP205,fam_fd9aa6e3f5f7,1,singleton,family_fam_fd9aa6e3f5f7,1,other,99.52,99.52,10,105.0,False,,,True,D_CORE,True,1.0365504148883613,0.7404267378953333,0.0,True,True,True,False,False
778,hsdp207a,HSDP207A,fam_1af11f66eb14,1,singleton,family_fam_1af11f66eb14,1,other,99.83000000000001,99.83,10,105.0,False,,,True,D_CORE,True,1.1521463251705832,0.8037265622136326,0.0,True,True,True,False,False
779,hsdp209,HSDP209,fam_885576f20b38,1,singleton,family_fam_885576f20b38,1,other,100.01,100.01,10,105.0,False,,,True,D_CORE,True,0.9993075464959065,0.7236089726023883,0.0,True,True,True,False,False
780,hsdp20a,HSDP20A,fam_722b45e81876,2,name_alias,family_fam_722b45e81876,2,other,99.63999999999999,99.64,10,105.0,False,,,True,D_CORE,True,0.4237807992592989,0.3611908474258845,0.0,True,True,True,False,False
781,hsdp215,HSDP215,fam_b50d501953dc,1,singleton,family_fam_b50d501953dc,1,other,99.62,99.62,10,105.0,False,,,True,D_CORE,True,0.9943170949247964,0.7284580052977541,0.0,True,True,True,False,False
782,hsdp22,HSDP22,fam_666c420909a0,2,name_alias,family_fam_666c420909a0,2,other,100.15000000000002,100.15,10,105.0,False,,,True,T_IN,True,0.5191554922257944,0.39194218512047635,0.3466851301412991,True,True,True,False,False
783,hsdp221,HSDP221,fam_60e5f54dced0,1,singleton,family_fam_60e5f54dced0,1,other,99.86000000000003,99.86,10,105.0,False,,,True,D_CORE,True,0.9154755860166823,0.6762620853499761,0.0,True,True,True,False,False
784,hsdp224a,HSDP224A,fam_2fcad49efc49,1,singleton,family_fam_2fcad49efc49,1,other,99.85,99.85,10,105.0,False,,,True,D_CORE,True,1.0665213577607389,0.7660673439532568,0.0,True,True,True,False,False
785,hsdp226a,HSDP226A,fam_90dc78e80808,1,singleton,family_fam_90dc78e80808,1,other,99.55999999999999,99.56,10,105.0,False,,,True,D_CORE,True,1.045485980668019,0.7490711059058274,0.0,True,True,True,False,False
786,hsdp228,HSDP228,fam_5884882e04f3,1,singleton,family_fam_5884882e04f3,1,other,99.6,99.6,10,105.0,False,,,True,D_CORE,True,0.8688173179379548,0.6575621642084697,0.0,True,True,True,False,False
787,hsdp22a,HSDP22A,fam_666c420909a0,2,name_alias,family_fam_666c420909a0,2,other,100.08,100.08,10,105.0,False,,,True,T_IN,True,0.40527364129860804,0.36001201934051624,0.25978285993624073,True,True,True,False,False
788,hsdp230,HSDP230,fam_1b190bd277a5,1,singleton,family_fam_1b190bd277a5,1,other,99.87,99.87,10,105.0,False,,,True,D_CORE,True,0.6559233719235984,0.5380365251639686,0.0,True,True,True,False,False
789,hsdp232,HSDP232,fam_0a38b527c92c,1,singleton,family_fam_0a38b527c92c,1,other,99.77999999999999,99.78,10,105.0,False,,,True,D_CORE,True,0.6540838196225054,0.5381375877757234,0.0,True,True,True,False,False
790,hsdp234,HSDP234,fam_758678bfa1bf,1,singleton,family_fam_758678bfa1bf,1,other,99.46,99.46,10,105.0,False,,,True,D_CORE,True,0.69451242089161,0.5674027248103898,0.0,True,True,True,False,False
791,hsdp236,HSDP236,fam_9d5989e8e592,1,singleton,family_fam_9d5989e8e592,1,other,99.67999999999996,99.68,10,105.0,False,,,True,D_CORE,True,0.6943727427803074,0.560467262281829,0.0,True,True,True,False,False
792,hsdp245a,HSDP245A,fam_3d1c01f001b1,1,singleton,family_fam_3d1c01f001b1,1,other,99.59,99.59,10,105.0,False,,,True,D_CORE,True,1.1775323919629659,0.8187448420748713,0.0,True,True,True,False,False
793,hsdp247,HSDP247,fam_7f308e736e66,1,singleton,family_fam_7f308e736e66,1,other,99.72,99.72,10,105.0,False,,,True,A_SHOT_VAL,True,0.8007957022977223,0.6119980656205598,0.0,True,True,True,False,False
794,hsdp249,HSDP249,fam_65c167fb7071,1,singleton,family_fam_65c167fb7071,1,other,99.69,99.69,10,105.0,False,,,True,D_CORE,True,0.541844786816439,0.4500581896335729,0.0,True,True,True,False,False
795,hsdp251,HSDP251,fam_3bbc3122a2e9,1,singleton,family_fam_3bbc3122a2e9,1,other,99.91999999999999,99.92,10,105.0,False,,,True,D_CORE,True,0.5434443109001962,0.4525189959162762,0.0,True,True,True,False,False
796,hsdp26,HSDP26,fam_a066682157ad,2,name_alias,family_fam_a066682157ad,2,other,100.30000000000001,100.3,10,105.0,False,,,True,D_CORE,True,0.4393254360504909,0.3616637755919564,0.0,True,True,True,False,False
797,hsdp260a,HSDP260A,fam_f203df2785d7,1,singleton,family_fam_f203df2785d7,1,other,100.00000000000001,100.0,10,105.0,False,,,True,D_CORE,True,0.5411064042755266,0.4692916478933283,0.0,True,True,True,False,False
798,hsdp263a,HSDP263A,fam_9e37797382b8,1,singleton,family_fam_9e37797382b8,1,other,99.84000000000002,99.84,10,105.0,False,,,True,A_SHOT_VAL,True,0.4794441057700926,0.4027566615201823,0.0,True,True,True,False,False
799,hsdp266,HSDP266,fam_83f9a4066e72,1,singleton,family_fam_83f9a4066e72,1,other,100.41000000000001,100.41,10,105.0,False,,,True,D_CORE,True,0.5689041540795997,0.482332546381924,0.0,True,True,True,False,False
800,hsdp268a,HSDP268A,fam_d0930b61a63d,1,singleton,family_fam_d0930b61a63d,1,other,99.77999999999999,99.78,10,105.0,False,,,True,D_CORE,True,1.2457195866421074,0.8474722465967474,0.0,True,True,True,False,False
801,hsdp26a,HSDP26A,fam_a066682157ad,2,name_alias,family_fam_a066682157ad,2,other,99.85,99.85,10,105.0,False,,,True,D_CORE,True,0.48565283104324186,0.3873204561727697,0.0,True,True,True,False,False
802,hsdp278a,HSDP278A,fam_95da51cc27b3,1,singleton,family_fam_95da51cc27b3,1,other,99.66,99.66,10,105.0,False,,,True,A_SHOT_VAL,True,0.7916676795192632,0.6142703300351464,0.0,True,True,True,False,False
803,hsdp28,HSDP28,fam_ac563f0bf586,2,name_alias,family_fam_ac563f0bf586,2,other,99.83999999999999,99.84,10,105.0,False,,,True,D_CORE,True,1.0828487537577791,0.7731487183018233,0.0,True,True,True,False,False
804,hsdp280,HSDP280,fam_c1ba92aa5a34,1,singleton,family_fam_c1ba92aa5a34,1,other,100.4,100.4,10,105.0,False,,,True,D_CORE,True,0.7939675466738362,0.6084975482173552,0.0,True,True,True,False,False
805,hsdp283a,HSDP283A,fam_983952101626,1,singleton,family_fam_983952101626,1,other,99.77000000000004,99.77,10,105.0,False,,,True,D_CORE,True,0.8719639564542081,0.655225633267415,0.0,True,True,True,False,False
806,hsdp284aa,HSDP284AA,fam_a653dd5af83a,2,name_alias,family_fam_a653dd5af83a,2,other,99.7,99.7,10,105.0,False,,,True,D_CORE,True,1.0225757670649536,0.736711279541397,0.0,True,True,True,False,False
807,hsdp284ab,HSDP284AB,fam_a653dd5af83a,2,name_alias,family_fam_a653dd5af83a,2,other,99.73,99.73,10,105.0,False,,,True,D_CORE,True,0.9487075190550038,0.6930590475777149,0.0,True,True,True,False,False
808,hsdp288a,HSDP288A,fam_f401a3ab0150,1,singleton,family_fam_f401a3ab0150,1,other,99.93,99.93,10,105.0,False,,,True,D_CORE,True,0.5789783832205948,0.48234798537477686,0.0,True,True,True,False,False
809,hsdp28a,HSDP28A,fam_ac563f0bf586,2,name_alias,family_fam_ac563f0bf586,2,other,99.85000000000001,99.85,10,105.0,False,,,True,D_CORE,True,1.2028556919011115,0.8361568548745755,0.0,True,True,True,False,False
810,hsdp29,HSDP29,fam_844c9800274d,1,singleton,family_fam_844c9800274d,1,other,99.64000000000001,99.64,10,105.0,False,,,True,A_SEEN_TEST,True,1.4016056229366292,0.9832344572414402,0.0,True,True,True,False,False
811,hsdp291a,HSDP291A,fam_ae7bb1cb97f9,1,singleton,family_fam_ae7bb1cb97f9,1,other,99.54,99.54,10,105.0,False,,,True,D_CORE,True,0.6638746178310222,0.5640410997417462,0.0,True,True,True,False,False
812,hsdp292a,HSDP292A,fam_8c0e03f2fdea,1,singleton,family_fam_8c0e03f2fdea,1,other,99.52,99.52,10,105.0,False,,,True,D_CORE,True,0.644113459290905,0.5406111068460162,0.0,True,True,True,False,False
813,hsdp2a,HSDP2A,fam_521ddb77b2c9,2,name_alias,family_fam_521ddb77b2c9,2,other,99.85999999999999,99.86,10,105.0,False,,,True,D_CORE,True,0.39389366506582824,0.32394044886443657,0.0,True,True,True,False,False
814,hsdp3001,HSDP3001,fam_2322c4921980,1,singleton,family_fam_2322c4921980,1,other,100.16000000000003,100.16,10,105.0,False,,,True,D_CORE,True,0.46104446491133394,0.38262546080863535,0.0,True,True,True,False,False
815,hsdp302,HSDP302,fam_804fbb27a4bc,1,singleton,family_fam_804fbb27a4bc,1,other,100.32000000000001,100.32,10,105.0,False,,,True,D_CORE,True,0.704198276679699,0.5620921059183114,0.0,True,True,True,False,False
816,hsdp304,HSDP304,fam_0ff3f6df1406,1,singleton,family_fam_0ff3f6df1406,1,other,100.35999999999999,100.36,10,105.0,False,,,True,D_CORE,True,0.5945149379779529,0.4869864658519889,0.0,True,True,True,False,False
817,hsdp309c,HSDP309C,fam_df9e466fc96e,1,singleton,family_fam_df9e466fc96e,1,other,100.31000000000003,100.31,10,105.0,False,,,True,D_CORE,True,0.6242784468837714,0.515058838479438,0.0,True,True,True,False,False
818,hsdp310ea,HSDP310EA,fam_9ed45bd63376,1,singleton,family_fam_9ed45bd63376,1,other,99.96,99.96,10,105.0,False,,,True,A_SHOT_VAL,True,0.48312381970601526,0.36704369059334596,0.0,True,True,True,False,False
819,hsdp312,HSDP312,fam_c92d548ffa66,2,name_alias,family_fam_c92d548ffa66,2,other,100.25000000000003,100.25,10,105.0,False,,,True,D_CORE,True,0.502558549274846,0.40656720246577627,0.0,True,True,True,False,False
820,hsdp312a,HSDP312A,fam_c92d548ffa66,2,name_alias,family_fam_c92d548ffa66,2,other,99.63000000000002,99.63,10,105.0,False,,,True,D_CORE,True,0.8264985241556508,0.6374776378952254,0.0,True,True,True,False,False
821,hsdp315,HSDP315,fam_467f36ece4ab,1,singleton,family_fam_467f36ece4ab,1,other,100.3,100.3,10,105.0,False,,,True,D_CORE,True,0.4885897370857537,0.3492120809170876,0.0,True,True,True,False,False
822,hsdp316a,HSDP316A,fam_86e25c330736,1,singleton,family_fam_86e25c330736,1,other,99.69000000000003,99.69,10,105.0,False,,,True,T_OOD,True,1.4331606952458888,0.9561886398510379,0.16009892265412665,True,True,True,False,False
823,hsdp32,HSDP32,fam_3c382c34dc5d,2,name_alias,family_fam_3c382c34dc5d,2,other,100.02000000000001,100.02,10,105.0,False,,,True,D_CORE,True,0.9182593488661367,0.690273747471011,0.0,True,True,True,False,False
824,hsdp320a,HSDP320A,fam_3e6a0b643faf,1,singleton,family_fam_3e6a0b643faf,1,other,99.97999999999999,99.98,10,105.0,False,,,True,D_CORE,True,0.5986039485604201,0.489586514861829,0.0,True,True,True,False,False
825,hsdp321a,HSDP321A,fam_42df489039b8,1,singleton,family_fam_42df489039b8,1,other,99.75000000000001,99.75,10,105.0,False,,,True,D_CORE,True,0.45836906175088776,0.3888703127123423,0.0,True,True,True,False,False
826,hsdp325c,HSDP325C,fam_20c8bbc1a17b,1,singleton,family_fam_20c8bbc1a17b,1,other,100.34000000000002,100.34,10,105.0,False,,,True,D_CORE,True,1.2339720080624694,0.851383020713312,0.0,True,True,True,False,False
827,hsdp326b,HSDP326B,fam_3cd26dcff2ee,1,singleton,family_fam_3cd26dcff2ee,1,other,100.21000000000002,100.21,10,105.0,False,,,True,D_CORE,True,0.8484681044607635,0.6453032800726668,0.0,True,True,True,False,False
828,hsdp327a,HSDP327A,fam_9be7ad3165bd,1,singleton,family_fam_9be7ad3165bd,1,other,99.67000000000002,99.67,10,105.0,False,,,True,D_CORE,True,0.6158254786619894,0.5126504147573501,0.0,True,True,True,False,False
829,hsdp329,HSDP329,fam_15ca1a5f8992,2,exact_chemistry,family_fam_15ca1a5f8992,2,other,100.21000000000001,100.21,10,105.0,False,,,True,D_CORE,True,0.6250966467874177,0.509706437656961,0.0,True,True,True,False,False
830,hsdp32a,HSDP32A,fam_3c382c34dc5d,2,name_alias,family_fam_3c382c34dc5d,2,other,99.87,99.87,10,105.0,False,,,True,A_SHOT_VAL,True,0.9218890632409844,0.7079701907032194,0.0,True,True,True,False,False
831,hsdp330a,HSDP330A,fam_a719e8cc9c9c,1,singleton,family_fam_a719e8cc9c9c,1,other,99.54,99.54,10,105.0,False,,,True,D_CORE,True,0.9646934412953989,0.7052862091540987,0.0,True,True,True,False,False
832,hsdp331,HSDP331,fam_2dad50f734c8,1,singleton,family_fam_2dad50f734c8,1,other,100.26,100.26,10,105.0,False,,,True,D_CORE,True,0.4494389333317722,0.3505270975944248,0.0,True,True,True,False,False
833,hsdp333a,HSDP333A,fam_fbd32aebfd56,1,singleton,family_fam_fbd32aebfd56,1,other,99.87,99.87,10,105.0,False,,,True,T_OOD,True,1.4333568612670664,0.9770504974064751,0.21726845162947406,True,True,True,False,False
834,hsdp335a,HSDP335A,fam_62f2d7f58446,2,name_alias,family_fam_62f2d7f58446,2,other,100.16000000000001,100.16,10,105.0,False,,,True,D_CORE,True,1.0968756244680609,0.7687502793892744,0.0,True,True,True,False,False
835,hsdp335aa,HSDP335AA,fam_62f2d7f58446,2,name_alias,family_fam_62f2d7f58446,2,other,99.75999999999999,99.76,10,105.0,False,,,True,D_CORE,True,0.9864648444987583,0.7088685814756376,0.0,True,True,True,False,False
836,hsdp336ca,HSDP336CA,fam_268535fb4b4f,1,singleton,family_fam_268535fb4b4f,1,other,99.75000000000003,99.75,10,105.0,False,,,True,D_CORE,True,0.636721125173325,0.5243764998800688,0.0,True,True,True,False,False
837,hsdp336e,HSDP336E,fam_36c453a86eb8,1,singleton,family_fam_36c453a86eb8,1,other,100.09,100.09,10,105.0,False,,,True,D_CORE,True,0.6365702393873511,0.5098847908338041,0.0,True,True,True,False,False
838,hsdp336h,HSDP336H,fam_8d9237fb40cc,1,singleton,family_fam_8d9237fb40cc,1,other,100.28,100.28,10,105.0,False,,,True,D_CORE,True,0.5062809428402941,0.3969607111806659,0.0,True,True,True,False,False
839,hsdp338,HSDP338,fam_d793555cee0e,1,singleton,family_fam_d793555cee0e,1,other,100.11999999999999,100.12,10,105.0,False,,,True,T_OOD,True,1.4484796117186165,0.964974335697425,0.15857552781660506,True,True,True,False,False
840,hsdp340ea,HSDP340EA,fam_eddaf2c54fb8,1,singleton,family_fam_eddaf2c54fb8,1,other,99.49000000000001,99.49,10,105.0,False,,,True,D_CORE,True,,,,True,False,True,False,False
841,hsdp341ba,HSDP341BA,fam_d0f1b1144fe4,1,singleton,family_fam_d0f1b1144fe4,1,other,99.84000000000002,99.84,10,105.0,False,,,True,D_CORE,True,0.4880914805520042,0.36143867542540953,0.0,True,True,True,False,False
842,hsdp343aa,HSDP343AA,fam_90c37171933a,1,singleton,family_fam_90c37171933a,1,other,99.72000000000001,99.72,10,105.0,False,,,True,D_CORE,True,0.8128666564123123,0.6165055336747046,0.0,True,True,True,False,False
843,hsdp343e,HSDP343E,fam_7a60a715dd19,1,singleton,family_fam_7a60a715dd19,1,other,100.25999999999999,100.26,10,105.0,False,,,True,D_CORE,True,0.7797500462631575,0.6052146614375836,0.0,True,True,True,False,False
844,hsdp344b,HSDP344B,fam_c898ca9a5c87,1,singleton,family_fam_c898ca9a5c87,1,other,99.96000000000001,99.96,10,105.0,False,,,True,D_CORE,True,0.5649022869216703,0.45793661852083317,0.0,True,True,True,False,False
845,hsdp345,HSDP345,fam_c7f2bd325d49,1,singleton,family_fam_c7f2bd325d49,1,other,99.99000000000001,99.99,10,105.0,False,,,True,A_SHOT_VAL,True,0.47642707298616754,0.3529294398731443,0.0,True,True,True,False,False
846,hsdp35,HSDP35,fam_e15fffe7a64e,2,name_alias,family_fam_e15fffe7a64e,2,other,100.12000000000002,100.12,10,105.0,False,,,True,D_CORE,True,0.48864730794125966,0.40161301617950595,0.0,True,True,True,False,False
847,hsdp35a,HSDP35A,fam_e15fffe7a64e,2,name_alias,family_fam_e15fffe7a64e,2,other,100.19000000000001,100.19,10,105.0,False,,,True,D_CORE,True,0.4770319956341994,0.3979497683859363,0.0,True,True,True,False,False
848,hsdp36,HSDP36,fam_a700e91f008f,2,name_alias,family_fam_a700e91f008f,2,other,99.68,99.68,10,105.0,False,,,True,D_CORE,True,0.9632649962918161,0.7449066485087718,0.0,True,True,True,False,False
849,hsdp36a,HSDP36A,fam_a700e91f008f,2,name_alias,family_fam_a700e91f008f,2,other,100.00999999999999,100.01,10,105.0,False,,,True,D_CORE,True,0.9465599559433836,0.711873673497338,0.0,True,True,True,False,False
850,hsdp37a,HSDP37A,fam_44a8ca5fd73c,1,singleton,family_fam_44a8ca5fd73c,1,other,100.00000000000001,100.0,10,105.0,False,,,True,D_CORE,True,0.9919270181764326,0.7272793595990559,0.0,True,True,True,False,False
851,hsdp4,HSDP4,fam_020f677b8cd6,1,singleton,family_fam_020f677b8cd6,1,other,99.85,99.85,10,105.0,False,,,True,D_CORE,True,0.7073279052657084,0.5623948286986505,0.0,True,True,True,False,False
852,hsdp40,HSDP40,fam_2a852bdefa27,2,name_alias,family_fam_2a852bdefa27,2,other,99.81,99.81,10,105.0,False,,,True,D_CORE,True,0.8065607165639233,0.6255388879026251,0.0,True,True,True,False,False
853,hsdp40a,HSDP40A,fam_2a852bdefa27,2,name_alias,family_fam_2a852bdefa27,2,other,99.72,99.72,10,105.0,False,,,True,D_CORE,True,0.8890952436621893,0.6695765235033545,0.0,True,True,True,False,False
854,hsdp41,HSDP41,fam_1eea2de46b26,1,singleton,family_fam_1eea2de46b26,1,other,99.48000000000002,99.48,10,105.0,False,,,True,V_IN,True,0.754112121210385,0.5729870658300144,0.25057113187778346,True,True,True,False,False
855,hsdp42,HSDP42,fam_c3d574ca139b,2,name_alias,family_fam_c3d574ca139b,2,other,99.6,99.6,10,105.0,False,,,True,D_CORE,True,0.7390844740232898,0.5218179090916102,0.0,True,True,True,False,False
856,hsdp42a,HSDP42A,fam_c3d574ca139b,2,name_alias,family_fam_c3d574ca139b,2,other,99.67999999999999,99.68,10,105.0,False,,,True,D_CORE,True,0.7807718172785691,0.549373065609253,0.0,True,True,True,False,False
857,hsdp43,HSDP43,fam_0bf07408b09e,2,name_alias,family_fam_0bf07408b09e,2,other,100.01000000000002,100.01,10,105.0,False,,,True,D_CORE,True,0.6996978618269029,0.5289346574927717,0.0,True,True,True,False,False
858,hsdp43a,HSDP43A,fam_0bf07408b09e,2,name_alias,family_fam_0bf07408b09e,2,other,99.53000000000002,99.53,10,105.0,False,,,True,D_CORE,True,0.6677724822123674,0.5009155210038518,0.0,True,True,True,False,False
859,hsdp45a,HSDP45A,fam_f02d088de3d8,1,singleton,family_fam_f02d088de3d8,1,other,99.89,99.89,10,105.0,False,,,True,T_IN,True,0.7638798211648825,0.5647512754441945,0.450936566321787,True,True,True,False,False
860,hsdp46a,HSDP46A,fam_ca43488d7a8b,3,name_alias,family_fam_ca43488d7a8b,3,other,99.73999999999998,99.74,10,105.0,False,,,True,D_CORE,True,0.5677827546443501,0.4440179034890952,0.0,True,True,True,False,False
861,hsdp46aa,HSDP46AA,fam_ca43488d7a8b,3,name_alias,family_fam_ca43488d7a8b,3,other,99.75,99.75,10,105.0,False,,,True,D_CORE,True,0.5542900639030077,0.40410276146339835,0.0,True,True,True,False,False
862,hsdp46b,HSDP46B,fam_ca43488d7a8b,3,name_alias,family_fam_ca43488d7a8b,3,other,99.70000000000002,99.7,10,105.0,False,,,True,D_CORE,True,0.5586613050684852,0.4212098041528382,0.0,True,True,True,False,False
863,hsdp47,HSDP47,fam_fba47bd10475,2,name_alias,family_fam_fba47bd10475,2,other,99.92000000000002,99.92,10,105.0,False,,,True,T_IN,True,0.5996216594010836,0.47901479112918727,0.2902775860141668,True,True,True,False,False
864,hsdp47a,HSDP47A,fam_fba47bd10475,2,name_alias,family_fam_fba47bd10475,2,other,99.85000000000001,99.85,10,105.0,False,,,True,T_IN,True,0.6028039650648518,0.4891215887626331,0.2780640585735152,True,True,True,False,False
865,hsdp48,HSDP48,fam_10a41675f468,2,name_alias,family_fam_10a41675f468,2,other,99.81,99.81,10,105.0,False,,,True,A_SEEN_TEST,True,0.7488395687210185,0.5435710743943417,0.0,True,True,True,False,False
866,hsdp48a,HSDP48A,fam_10a41675f468,2,name_alias,family_fam_10a41675f468,2,other,99.82,99.82,10,105.0,False,,,True,A_SEEN_TEST,True,0.7468862937420171,0.5405660359651089,0.0,True,True,True,False,False
867,hsdp49,HSDP49,fam_42fe55b31b46,2,name_alias,family_fam_42fe55b31b46,2,other,99.63000000000001,99.63,10,105.0,False,,,True,V_IN,True,0.6804350101529439,0.5870888511050232,0.2774996965467039,True,True,True,False,False
868,hsdp49a,HSDP49A,fam_42fe55b31b46,2,name_alias,family_fam_42fe55b31b46,2,other,100.0,100.0,10,105.0,False,,,True,V_IN,True,0.7447801268801276,0.6109668458949155,0.22899136378269486,True,True,True,False,False
869,hsdp5,HSDP5,fam_35872485878a,1,singleton,family_fam_35872485878a,1,other,99.69000000000001,99.69,10,105.0,False,,,True,A_SEEN_TEST,True,0.674437923792321,0.5449820352006594,0.0,True,True,True,False,False
870,hsdp52,HSDP52,fam_2fdb6cbae43e,1,singleton,family_fam_2fdb6cbae43e,1,other,99.67000000000002,99.67,10,105.0,False,,,True,D_CORE,True,0.8459239830849598,0.6555875836578651,0.0,True,True,True,False,False
871,hsdp53,HSDP53,fam_87b2f70ca885,2,name_alias,family_fam_87b2f70ca885,2,other,99.88000000000001,99.88,10,105.0,False,,,True,D_CORE,True,0.5960279393610199,0.47869693383366085,0.0,True,True,True,False,False
872,hsdp53a,HSDP53A,fam_87b2f70ca885,2,name_alias,family_fam_87b2f70ca885,2,other,99.87000000000002,99.87,10,105.0,False,,,True,D_CORE,True,0.5687870346536434,0.4562455514589137,0.0,True,True,True,False,False
873,hsdp54,HSDP54,fam_be41d0cd7685,1,singleton,family_fam_be41d0cd7685,1,other,100.17,100.17,10,105.0,False,,,True,D_CORE,True,0.5959987105086251,0.47344102360232815,0.0,True,True,True,False,False
874,hsdp56a,HSDP56A,fam_063caf7bd1e3,1,singleton,family_fam_063caf7bd1e3,1,other,99.75,99.75,10,105.0,False,,,True,D_CORE,True,0.5810745574893552,0.41673061248737386,0.0,True,True,True,False,False
875,hsdp57,HSDP57,fam_f3b81b99450b,1,singleton,family_fam_f3b81b99450b,1,other,99.82000000000002,99.82,10,105.0,False,,,True,D_CORE,True,1.3144195635614055,0.9114575432775381,0.0,True,True,True,False,False
876,hsdp58,HSDP58,fam_a30639c072a4,1,singleton,family_fam_a30639c072a4,1,other,99.91000000000001,99.91,10,105.0,False,,,True,D_CORE,True,0.5938544877753951,0.5070845172137719,0.0,True,True,True,False,False
877,hsdp59,HSDP59,fam_8ea6ade15155,1,singleton,family_fam_8ea6ade15155,1,other,100.21000000000001,100.21,10,105.0,False,,,True,D_CORE,True,0.5866111807364178,0.43020493213782346,0.0,True,True,True,False,False
878,hsdp6,HSDP6,fam_89a91b19218d,2,name_alias,family_fam_89a91b19218d,2,other,100.08999999999999,100.09,10,105.0,False,,,True,D_CORE,True,0.6841068390844832,0.5401839034823744,0.0,True,True,True,False,False
879,hsdp60,HSDP60,fam_8ffad55b6a8c,2,name_alias,family_fam_8ffad55b6a8c,2,other,99.55,99.55,10,105.0,False,,,True,D_CORE,True,1.2900005975937283,0.8850746856758271,0.0,True,True,True,False,False
880,hsdp60a,HSDP60A,fam_8ffad55b6a8c,2,name_alias,family_fam_8ffad55b6a8c,2,other,99.55,99.55,10,105.0,False,,,True,D_CORE,True,1.3254842203717618,0.9116158696641016,0.0,True,True,True,False,False
881,hsdp61,HSDP61,fam_b2c8b1970ab5,1,singleton,family_fam_b2c8b1970ab5,1,other,99.78000000000003,99.78,10,105.0,False,,,True,D_CORE,True,0.5632112158621123,0.447667368702712,0.0,True,True,True,False,False
882,hsdp62,HSDP62,fam_00f954859010,1,singleton,family_fam_00f954859010,1,other,99.78000000000003,99.78,10,105.0,False,,,True,D_CORE,True,0.6647719751873679,0.5024498598407531,0.0,True,True,True,False,False
883,hsdp63,HSDP63,fam_c5ff4769895b,1,singleton,family_fam_c5ff4769895b,1,other,99.63,99.63,10,105.0,False,,,True,D_CORE,True,0.6620847766332666,0.4936975966053764,0.0,True,True,True,False,False
884,hsdp65,HSDP65,fam_69fa209f7301,2,name_alias,family_fam_69fa209f7301,2,other,99.6,99.6,10,105.0,False,,,True,T_OOD,True,1.4261836977523825,0.9864200870247379,0.3306081119161706,True,True,True,False,False
885,hsdp65a,HSDP65A,fam_69fa209f7301,2,name_alias,family_fam_69fa209f7301,2,other,99.49,99.49,10,105.0,False,,,True,T_OOD,True,1.4839096841831818,0.9836731203599185,0.23304895572717688,True,True,True,False,False
886,hsdp67,HSDP67,fam_49afa24912bb,1,singleton,family_fam_49afa24912bb,1,other,99.83,99.83,10,105.0,False,,,True,A_SHOT_VAL,True,,,,True,False,True,True,True
887,hsdp68,HSDP68,fam_883d1765c45f,1,singleton,family_fam_883d1765c45f,1,other,99.61,99.61,10,105.0,False,,,True,T_IN,True,0.615189050485311,0.4808364638940111,0.2929488340319224,True,True,True,False,False
888,hsdp69,HSDP69,fam_557760b06c8c,1,singleton,family_fam_557760b06c8c,1,other,99.50999999999999,99.51,10,105.0,False,,,True,D_CORE,True,0.6028546018151277,0.49797459144413764,0.0,True,True,True,False,False
889,hsdp6a,HSDP6A,fam_89a91b19218d,2,name_alias,family_fam_89a91b19218d,2,other,99.75000000000001,99.75,10,105.0,False,,,True,D_CORE,True,0.6086712116908812,0.4998780106413331,0.0,True,True,True,False,False
890,hsdp7,HSDP7,fam_8249b248efc5,2,name_alias,family_fam_8249b248efc5,2,other,99.49000000000001,99.49,10,105.0,False,,,True,T_OOD,True,1.4784217950315641,0.9752302139728143,0.20412917454990057,True,True,True,False,False
891,hsdp70,HSDP70,fam_48792bfacd11,2,name_alias,family_fam_48792bfacd11,2,other,99.75999999999999,99.76,10,105.0,False,,,True,D_CORE,True,0.6013543945785708,0.4816805375560906,0.0,True,True,True,False,False
892,hsdp70a,HSDP70A,fam_48792bfacd11,2,name_alias,family_fam_48792bfacd11,2,other,99.87,99.87,10,105.0,False,,,True,D_CORE,True,0.5895059040656898,0.4480558344883152,0.0,True,True,True,False,False
893,hsdp71,HSDP71,fam_04b9b46d9353,2,exact_chemistry,family_fam_04b9b46d9353,2,other,99.70000000000002,99.7,10,105.0,False,,,True,D_CORE,True,1.0062874130316142,0.7318349340772616,0.0,True,True,True,False,False
894,hsdp72,HSDP72,fam_18f3aa02b09b,1,singleton,family_fam_18f3aa02b09b,1,other,99.76,99.76,10,105.0,False,,,True,D_CORE,True,0.5315571644619665,0.38652207737322924,0.0,True,True,True,False,False
895,hsdp73,HSDP73,fam_73ba87bf527b,2,name_alias,family_fam_73ba87bf527b,2,other,99.65,99.65,10,105.0,False,,,True,T_OOD,True,1.6183560722969896,1.077025869084175,0.4539636202484909,True,True,True,False,False
896,hsdp73a,HSDP73A,fam_73ba87bf527b,2,name_alias,family_fam_73ba87bf527b,2,other,99.7,99.7,10,105.0,False,,,True,T_OOD,True,1.741271003959429,1.141123257354477,0.6257092888327909,True,True,True,False,False
897,hsdp75,HSDP75,fam_64801ff1129f,1,singleton,family_fam_64801ff1129f,1,other,99.71000000000001,99.71,10,105.0,False,,,True,D_CORE,True,0.5647609445344699,0.4184968501939252,0.0,True,True,True,False,False
898,hsdp77,HSDP77,fam_afaa4cb9a5a8,1,singleton,family_fam_afaa4cb9a5a8,1,other,99.80000000000003,99.8,10,105.0,False,,,True,D_CORE,True,,,,False,True,False,False,False
899,hsdp78,HSDP78,fam_dc45ef658af6,1,singleton,family_fam_dc45ef658af6,1,other,99.50000000000001,99.5,10,105.0,False,,,True,D_CORE,True,0.7849864130327797,0.6409189081406699,0.0,True,True,True,False,False
900,hsdp79,HSDP79,fam_211700eb80f1,1,singleton,family_fam_211700eb80f1,1,other,99.7,99.7,10,105.0,False,,,True,T_OOD,True,2.160767917623203,1.3802870835176784,0.25091952608047247,True,True,True,False,False
901,hsdp7a,HSDP7A,fam_8249b248efc5,2,name_alias,family_fam_8249b248efc5,2,other,99.52,99.52,10,105.0,False,,,True,T_OOD,True,2.2213758193023567,1.4118599859433125,0.19418643256712914,True,True,True,False,False
902,hsdp8,HSDP8,fam_272e6afa37e3,2,name_alias,family_fam_272e6afa37e3,2,other,99.84,99.84,10,105.0,False,,,True,T_OOD,True,0.9303851701948203,0.6475417802927721,0.059531572454473804,True,True,True,False,False
903,hsdp80,HSDP80,fam_1144935e639d,2,name_alias,family_fam_1144935e639d,2,other,99.75999999999999,99.76,10,105.0,False,,,True,D_CORE,True,0.5156120589948264,0.41893946190341164,0.0,True,True,True,False,False
904,hsdp80a,HSDP80A,fam_1144935e639d,2,name_alias,family_fam_1144935e639d,2,other,99.78999999999999,99.79,10,105.0,False,,,True,D_CORE,True,0.5506656349048697,0.4856389506601825,0.0,True,True,True,False,False
905,hsdp81,HSDP81,fam_a62c11b014e7,1,singleton,family_fam_a62c11b014e7,1,other,99.78000000000002,99.78,10,105.0,False,,,True,D_CORE,True,,,,True,False,True,True,True
906,hsdp82,HSDP82,fam_f125326dcc72,1,singleton,family_fam_f125326dcc72,1,other,99.67999999999999,99.68,10,105.0,False,,,True,D_CORE,True,0.51914223486915,0.39805687914903165,0.0,True,True,True,False,False
907,hsdp83,HSDP83,fam_7f1d1680758b,2,name_alias,family_fam_7f1d1680758b,2,other,99.68,99.68,10,105.0,False,,,True,D_CORE,True,0.7970709977731754,0.6249058961806929,0.0,True,True,True,False,False
908,hsdp83a,HSDP83A,fam_7f1d1680758b,2,name_alias,family_fam_7f1d1680758b,2,other,99.83,99.83,10,105.0,False,,,True,D_CORE,True,0.8281822376354606,0.6282925906586355,0.0,True,True,True,False,False
909,hsdp84,HSDP84,fam_96e0e2541737,1,singleton,family_fam_96e0e2541737,1,other,99.50999999999999,99.51,10,105.0,False,,,True,T_OOD,True,1.6119219197968389,1.0577136961433458,0.4209238649467571,True,True,True,False,False
910,hsdp85,HSDP85,fam_e4347473309b,1,singleton,family_fam_e4347473309b,1,other,99.8,99.8,10,105.0,False,,,True,D_CORE,True,0.7375555381306782,0.5839471696991144,0.0,True,True,True,False,False
911,hsdp86,HSDP86,fam_fa431bf65f37,1,singleton,family_fam_fa431bf65f37,1,other,99.82000000000001,99.82,10,105.0,False,,,True,D_CORE,True,1.0324604184256416,0.736682164724482,0.0,True,True,True,False,False
912,hsdp87,HSDP87,fam_59f1b0e606b9,1,singleton,family_fam_59f1b0e606b9,1,other,99.58000000000001,99.58,10,105.0,False,,,True,D_CORE,True,1.1969157237725314,0.8216048348210823,0.0,True,True,True,False,False
913,hsdp88,HSDP88,fam_48acf8b488a3,2,name_alias,family_fam_48acf8b488a3,2,other,100.04,100.04,10,105.0,False,,,True,D_CORE,True,0.870061696821975,0.6402941437491787,0.0,True,True,True,False,False
914,hsdp88a,HSDP88A,fam_48acf8b488a3,2,name_alias,family_fam_48acf8b488a3,2,other,100.13000000000001,100.13,10,105.0,False,,,True,D_CORE,True,0.9037725666441606,0.6704131791518247,0.0,True,True,True,False,False
915,hsdp89,HSDP89,fam_1d45c183c72a,1,singleton,family_fam_1d45c183c72a,1,other,99.8,99.8,10,105.0,False,,,True,D_CORE,True,0.5061588603770726,0.3634931966616616,0.0,True,True,True,False,False
916,hsdp8a,HSDP8A,fam_272e6afa37e3,2,name_alias,family_fam_272e6afa37e3,2,other,99.70999999999998,99.71,10,105.0,False,,,True,T_OOD,True,1.6871236911512693,1.0871825236790602,0.565915610766566,True,True,True,False,False
917,hsdp9,HSDP9,fam_93f88a9d8884,2,name_alias,family_fam_93f88a9d8884,2,other,99.55000000000001,99.55,10,105.0,False,,,True,T_OOD,True,2.036766653757924,1.2941720503533158,0.23942143753499837,True,True,True,False,False
918,hsdp90,HSDP90,fam_a99fa25e8c5a,1,singleton,family_fam_a99fa25e8c5a,1,other,99.87,99.87,10,105.0,False,,,True,D_CORE,True,0.6908039065469077,0.5482394609405631,0.0,True,True,True,False,False
919,hsdp91,HSDP91,fam_3f6ddf16d9df,2,exact_chemistry,family_fam_3f6ddf16d9df,2,other,100.01,100.01,10,105.0,False,,,True,D_CORE,True,0.48994640250496,0.38522813097022507,0.0,True,True,True,False,False
920,hsdp92,HSDP92,fam_0145cf324284,2,name_alias,family_fam_0145cf324284,2,other,99.50000000000001,99.5,10,105.0,False,,,True,D_CORE,True,0.6474736708673061,0.5283904916900217,0.0,True,True,True,False,False
921,hsdp92a,HSDP92A,fam_0145cf324284,2,name_alias,family_fam_0145cf324284,2,other,99.56,99.56,10,105.0,False,,,True,D_CORE,True,0.6626148785829149,0.545046410697405,0.0,True,True,True,False,False
922,hsdp93,HSDP93,fam_ab0213b1844c,1,singleton,family_fam_ab0213b1844c,1,other,99.92,99.92,10,105.0,False,,,True,D_CORE,True,0.92082186240778,0.6673769493499646,0.0,True,True,True,False,False
923,hsdp94,HSDP94,fam_be672ac6af3f,2,name_alias,family_fam_be672ac6af3f,2,other,99.65,99.65,10,105.0,False,,,True,A_SHOT_VAL,True,0.8718964281863577,0.652725007796994,0.0,True,True,True,False,False
924,hsdp94a,HSDP94A,fam_be672ac6af3f,2,name_alias,family_fam_be672ac6af3f,2,other,99.91000000000001,99.91,10,105.0,False,,,True,D_CORE,True,0.8334933446712679,0.6576224929005718,0.0,True,True,True,False,False
925,hsdp95,HSDP95,fam_1299b05dfb43,1,singleton,family_fam_1299b05dfb43,1,other,99.67,99.67,10,105.0,False,,,True,D_CORE,True,0.5410772097204061,0.44108367103361396,0.0,True,True,True,False,False
926,hsdp96,HSDP96,fam_2edc425cdd6f,1,singleton,family_fam_2edc425cdd6f,1,other,99.46000000000001,99.46,10,105.0,False,,,True,D_CORE,True,1.0237972159958741,0.7335211885870769,0.0,True,True,True,False,False
927,hsdp97,HSDP97,fam_1797109e7ff8,1,singleton,family_fam_1797109e7ff8,1,other,99.61,99.61,10,105.0,False,,,True,D_CORE,True,0.6531039901076977,0.537288280341769,0.0,True,True,True,False,False
928,hsdp98,HSDP98,fam_b1e612b8f585,2,name_alias,family_fam_b1e612b8f585,2,other,99.48,99.48,10,105.0,False,,,True,D_CORE,True,0.8237233544717166,0.6214327704067218,0.0,True,True,True,False,False
929,hsdp98a,HSDP98A,fam_b1e612b8f585,2,name_alias,family_fam_b1e612b8f585,2,other,99.96,99.96,10,105.0,False,,,True,D_CORE,True,0.9163999816189754,0.6776842324304267,0.0,True,True,True,False,False
930,hsdp99,HSDP99,fam_ee0ce7c468f4,1,singleton,family_fam_ee0ce7c468f4,1,other,99.95999999999998,99.96,10,105.0,False,,,True,D_CORE,True,0.5108575944554332,0.3743399452551918,0.0,True,True,True,False,False
931,hsdp9a,HSDP9A,fam_93f88a9d8884,2,name_alias,family_fam_93f88a9d8884,2,other,99.71000000000002,99.71,10,105.0,False,,,True,T_OOD,True,2.060260573550302,1.3008249894020574,0.29295095392699333,True,True,True,False,False
932,hu01,HU01,fam_d250fcd0cf4f,1,singleton,family_fam_d250fcd0cf4f,1,other,99.82999999999998,99.83,10,105.0,False,,,True,T_IN,True,0.5294408498331831,0.4063575142010464,0.17697378813300932,True,True,True,False,False
933,hu02,HU02,fam_6047081ffb7d,1,singleton,family_fam_6047081ffb7d,1,other,99.67,99.67,10,105.0,False,,,True,D_CORE,True,0.49267551347277794,0.37858561643103555,0.0,True,True,True,False,False
934,hv0201,HV0201,fam_1edeb27d1806,1,singleton,family_fam_1edeb27d1806,1,other,99.62,99.62,10,105.0,False,,,True,D_CORE,True,,,,True,False,True,True,True
935,hv0202,HV0202,fam_c50b99c8142e,1,singleton,family_fam_c50b99c8142e,1,other,99.31,99.31,10,105.0,False,,,True,D_CORE,True,,,,True,False,True,True,True
936,hv0203,HV0203,fam_3c75585871d6,1,singleton,family_fam_3c75585871d6,1,other,99.41,99.41,10,105.0,False,,,True,D_CORE,True,,,,True,False,True,True,True
937,hv0204b,HV0204B,fam_d2e857de07d5,1,singleton,family_fam_d2e857de07d5,1,other,99.68,99.68,10,105.0,False,,,True,D_CORE,True,,,,True,False,True,True,True
938,hv0205,HV0205,fam_b56fc17c60a2,1,singleton,family_fam_b56fc17c60a2,1,other,99.53,99.53,10,105.0,False,,,True,D_CORE,True,,,,True,False,True,True,True
939,hv0206,HV0206,fam_86c04cd5764a,1,singleton,family_fam_86c04cd5764a,1,other,99.90000000000003,99.9,10,105.0,False,,,True,D_CORE,True,,,,True,False,True,True,True
940,hv0207,HV0207,fam_bdaadcdafd52,1,singleton,family_fam_bdaadcdafd52,1,other,99.83999999999999,99.84,10,105.0,False,,,True,D_CORE,True,,,,True,False,True,True,True
941,hv0208,HV0208,fam_f38d5110b099,1,singleton,family_fam_f38d5110b099,1,other,99.88999999999999,99.89,10,105.0,False,,,True,D_CORE,True,,,,True,False,True,True,True
942,hv0212,HV0212,fam_f5f742e93648,1,singleton,family_fam_f5f742e93648,1,other,99.73,99.73,10,105.0,False,,,True,D_CORE,True,,,,True,False,True,True,True
943,hv0213,HV0213,fam_fed875aeffba,1,singleton,family_fam_fed875aeffba,1,other,99.46999999999998,99.47,10,105.0,False,,,True,D_CORE,True,,,,True,False,True,True,True
944,hv0214,HV0214,fam_85f11d18b3a2,1,singleton,family_fam_85f11d18b3a2,1,other,99.54000000000002,99.54,10,105.0,False,,,True,A_SEEN_TEST,True,1.1802179151936585,0.8950417708627486,0.0,True,True,True,False,False
945,hv0215,HV0215,fam_990fafa5d0f3,1,singleton,family_fam_990fafa5d0f3,1,other,99.69999999999999,99.7,10,105.0,False,,,True,D_CORE,True,,,,True,False,True,True,True
946,hv0216,HV0216,fam_44aa8d116ed5,1,singleton,family_fam_44aa8d116ed5,1,other,99.40000000000002,99.4,10,105.0,False,,,True,D_CORE,True,,,,True,False,True,True,True
947,hv0219,HV0219,fam_c489d10ae0f5,1,singleton,family_fam_c489d10ae0f5,1,other,98.93,98.93,10,105.0,False,,,True,D_CORE,True,,,,True,False,True,True,True
948,hv0220,HV0220,fam_efec61f766d3,1,singleton,family_fam_efec61f766d3,1,other,99.57999999999998,99.58,10,105.0,False,,,True,D_CORE,True,,,,True,False,True,True,True
949,hv0302,HV0302,fam_3377a2f001e3,1,singleton,family_fam_3377a2f001e3,1,other,99.30000000000001,99.3,10,105.0,False,,,True,D_CORE,True,,,,True,False,True,True,True
950,hv031,HV031,fam_77fbd5dec9f4,1,singleton,family_fam_77fbd5dec9f4,1,other,99.11999999999999,99.12,10,105.0,False,,,True,D_CORE,True,0.8943126142931486,0.7158332951994131,0.0,True,True,True,False,False
951,iah1,IAH1,fam_9f24223286ea,1,singleton,family_fam_9f24223286ea,1,other,99.56,99.56,10,105.0,False,,,True,D_CORE,False,,,,True,False,True,True,True
952,iah10,IAH10,fam_6e883ebfeff2,1,singleton,family_fam_6e883ebfeff2,1,other,99.62,99.62,10,105.0,False,,,True,D_CORE,False,,,,True,False,True,True,True
953,iah11,IAH11,fam_7d577c879842,1,singleton,family_fam_7d577c879842,1,other,99.61,99.61,10,105.0,False,,,True,D_CORE,False,,,,True,False,True,True,True
954,iah2,IAH2,fam_ecc2090b67ff,1,singleton,family_fam_ecc2090b67ff,1,other,99.59000000000002,99.59,10,105.0,False,,,True,D_CORE,True,,,,True,False,True,True,True
955,iah217,IAH217,fam_e867109fa168,1,singleton,family_fam_e867109fa168,1,other,99.72,99.72,10,105.0,False,,,True,D_CORE,False,,,,True,False,True,True,True
956,iah218,IAH218,fam_181a11b0a67d,1,singleton,family_fam_181a11b0a67d,1,other,100.15,100.15,10,105.0,False,,,True,D_CORE,False,,,,True,False,True,True,True
957,iah220,IAH220,fam_ce12dbef891d,1,singleton,family_fam_ce12dbef891d,1,other,100.16000000000001,100.16,10,105.0,False,,,True,D_CORE,False,,,,True,False,True,True,True
958,iah221,IAH221,fam_db9d9431364d,1,singleton,family_fam_db9d9431364d,1,other,100.15000000000002,100.15,10,105.0,False,,,True,D_CORE,False,,,,True,False,True,True,True
959,iah223,IAH223,fam_187e3dad8838,1,singleton,family_fam_187e3dad8838,1,other,99.90000000000002,99.9,10,105.0,False,,,True,D_CORE,False,,,,True,False,True,True,True
960,iah225,IAH225,fam_f1f17bca9ead,1,singleton,family_fam_f1f17bca9ead,1,other,99.59,99.59,10,105.0,False,,,True,D_CORE,False,,,,True,False,True,True,True
961,iah226,IAH226,fam_89e305df5c5b,1,singleton,family_fam_89e305df5c5b,1,other,99.40000000000002,99.4,10,105.0,False,,,True,D_CORE,False,,,,True,False,True,True,True
962,iah228bh,IAH228BH,fam_3820890d5597,1,singleton,family_fam_3820890d5597,1,other,100.01000000000002,100.01,10,105.0,False,,,True,D_CORE,False,,,,True,False,True,True,True
963,iah230mdwh,IAH230MDWH,fam_d6190e54272e,1,singleton,family_fam_d6190e54272e,1,other,99.92000000000002,99.92,10,105.0,False,,,True,D_CORE,False,,,,True,False,True,True,True
964,iah236,IAH236,fam_53445d877925,1,singleton,family_fam_53445d877925,1,other,99.74,99.74,10,105.0,False,,,True,D_CORE,False,,,,True,False,True,True,True
965,iah238,IAH238,fam_47ffa36294ef,1,singleton,family_fam_47ffa36294ef,1,other,99.99000000000001,99.99,10,105.0,False,,,True,D_CORE,False,,,,True,False,True,True,True
966,iah248,IAH248,fam_8ab17af38d03,1,singleton,family_fam_8ab17af38d03,1,other,100.16000000000003,100.16,10,105.0,False,,,True,D_CORE,False,,,,True,False,True,True,True
967,iah250,IAH250,fam_464f47eb5373,1,singleton,family_fam_464f47eb5373,1,other,99.98,99.98,10,105.0,False,,,True,D_CORE,False,,,,True,False,True,True,True
968,iah251,IAH251,fam_b94fc199a148,1,singleton,family_fam_b94fc199a148,1,other,103.04,103.04,10,105.0,False,,,True,D_CORE,False,,,,False,False,True,True,False
969,iah3,IAH3,fam_e3376e23f39e,1,singleton,family_fam_e3376e23f39e,1,other,100.08999999999999,100.09,10,105.0,False,,,True,A_SHOT_VAL,True,,,,True,False,True,True,True
970,iah341,IAH341,fam_7d6bc8984a98,1,singleton,family_fam_7d6bc8984a98,1,other,100.06000000000002,100.06,10,105.0,False,,,True,D_CORE,True,,,,True,False,True,True,True
971,iah343,IAH343,fam_7840e0245942,1,singleton,family_fam_7840e0245942,1,other,100.36000000000001,100.36,10,105.0,False,,,True,D_CORE,False,,,,True,False,True,True,True
972,iah344,IAH344,fam_c4575e5c9953,1,singleton,family_fam_c4575e5c9953,1,other,100.36999999999999,100.37,10,105.0,False,,,True,D_CORE,False,,,,True,False,True,True,True
973,iah4,IAH4,fam_2e5994b48d1f,1,singleton,family_fam_2e5994b48d1f,1,other,99.92999999999999,99.93,10,105.0,False,,,True,D_CORE,False,,,,True,True,True,False,False
974,iah7,IAH7,fam_f820ccfb1377,1,singleton,family_fam_f820ccfb1377,1,other,99.28,99.28,10,105.0,False,,,True,D_CORE,False,,,,True,False,True,True,True
975,iah8,IAH8,fam_68ad72831c58,1,singleton,family_fam_68ad72831c58,1,other,99.80999999999999,99.81,10,105.0,False,,,True,D_CORE,False,,,,True,False,True,True,True
976,iah9,IAH9,fam_f758a8c5565e,1,singleton,family_fam_f758a8c5565e,1,other,99.69999999999999,99.7,10,105.0,False,,,True,D_CORE,False,,,,True,False,True,True,True
977,iaha1,IAHA1,fam_8035948c8333,1,singleton,family_fam_8035948c8333,1,other,99.60000000000001,99.6,10,105.0,False,,,True,D_CORE,True,,,,True,False,True,True,True
978,iaha10,IAHA10,fam_2613f32f4d28,1,singleton,family_fam_2613f32f4d28,1,other,99.92999999999999,99.93,10,105.0,False,,,True,D_CORE,True,,,,True,False,True,True,True
979,iaha8,IAHA8,fam_6361dd344b93,1,singleton,family_fam_6361dd344b93,1,other,100.05,100.05,10,105.0,False,,,True,D_CORE,True,,,,True,False,True,True,True
980,iaha9,IAHA9,fam_1be1cc86c3b2,1,singleton,family_fam_1be1cc86c3b2,1,other,99.83,99.83,10,105.0,False,,,True,D_CORE,True,,,,True,False,True,True,True
981,iahaa4,IAHAA4,fam_16830695d58a,1,singleton,family_fam_16830695d58a,1,other,99.77999999999997,99.78,10,105.0,False,,,True,D_CORE,True,,,,True,False,True,True,True
982,iahaa5,IAHAA5,fam_01e6fc004bc3,1,singleton,family_fam_01e6fc004bc3,1,other,99.99,99.99,10,105.0,False,,,True,D_CORE,True,,,,True,False,True,True,True
983,iahaa6,IAHAA6,fam_98cd43f352e8,1,singleton,family_fam_98cd43f352e8,1,other,99.99000000000001,99.99,10,105.0,False,,,True,D_CORE,True,,,,True,False,True,True,True
984,iahaas1,IAHAAS1,fam_28c2863a2c76,1,singleton,family_fam_28c2863a2c76,1,other,99.83,99.83,10,105.0,False,,,True,D_CORE,True,,,,True,False,True,True,True
985,iahaas2,IAHAAS2,fam_6dbffdd380ba,1,singleton,family_fam_6dbffdd380ba,1,other,99.7,99.7,10,105.0,False,,,True,D_CORE,True,,,,True,False,True,True,True
986,iahas1,IAHAS1,fam_1577473cf302,1,singleton,family_fam_1577473cf302,1,other,99.63000000000002,99.63,10,105.0,False,,,True,A_SHOT_VAL,True,,,,True,False,True,True,True
987,iahas2,IAHAS2,fam_fa084b96bfe6,1,singleton,family_fam_fa084b96bfe6,1,other,99.73000000000002,99.73,10,105.0,False,,,True,A_SHOT_VAL,True,,,,True,False,True,True,True
988,iahas3,IAHAS3,fam_5383e7f9226d,1,singleton,family_fam_5383e7f9226d,1,other,100.07999999999998,100.08,10,105.0,False,,,True,D_CORE,True,,,,True,False,True,True,True
989,iahas4,IAHAS4,fam_99916113b9e0,1,singleton,family_fam_99916113b9e0,1,other,99.96000000000002,99.96,10,105.0,False,,,True,D_CORE,True,,,,True,False,True,True,True
990,iahas6,IAHAS6,fam_91fd85aeb700,1,singleton,family_fam_91fd85aeb700,1,other,99.94000000000001,99.94,10,105.0,False,,,True,D_CORE,True,,,,True,False,True,True,True
991,iahas7,IAHAS7,fam_f8f17871a0cf,1,singleton,family_fam_f8f17871a0cf,1,other,100.27999999999997,100.28,10,105.0,False,,,True,D_CORE,True,,,,True,False,True,True,True
992,iahb1,IAHB1,fam_067435846c3a,1,singleton,family_fam_067435846c3a,1,other,100.21999999999998,100.22,10,105.0,False,,,True,D_CORE,True,,,,True,False,True,True,True
993,iahb3,IAHB3,fam_ae5252c8384a,1,singleton,family_fam_ae5252c8384a,1,other,100.42999999999999,100.43,10,105.0,False,,,True,D_CORE,True,,,,True,False,True,True,True
994,iahbs2,IAHBS2,fam_e6f0dda01b0b,1,singleton,family_fam_e6f0dda01b0b,1,other,99.65000000000002,99.65,10,105.0,False,,,True,D_CORE,True,,,,True,False,True,True,True
995,iahbs3,IAHBS3,fam_e40c4f1ce80c,1,singleton,family_fam_e40c4f1ce80c,1,other,100.04000000000002,100.04,10,105.0,False,,,True,D_CORE,True,,,,True,False,True,True,True
996,iahc1,IAHC1,fam_eb1e460ac9e8,1,singleton,family_fam_eb1e460ac9e8,1,other,100.16000000000003,100.16,10,105.0,False,,,True,D_CORE,True,,,,True,False,True,True,True
997,iahc2,IAHC2,fam_2759a4fd394b,1,singleton,family_fam_2759a4fd394b,1,other,100.47,100.47,10,105.0,False,,,True,D_CORE,True,,,,True,False,True,True,True
998,iahc4,IAHC4,fam_fa5fd0ef39e7,1,singleton,family_fam_fa5fd0ef39e7,1,other,100.09000000000002,100.09,10,105.0,False,,,True,D_CORE,True,,,,True,False,True,True,True
999,iahc5,IAHC5,fam_3984e68ee662,1,singleton,family_fam_3984e68ee662,1,other,100.41999999999999,100.42,10,105.0,False,,,True,D_CORE,True,,,,True,False,True,True,True
1000,iahcs1,IAHCS1,fam_85da0dd0ff3a,1,singleton,family_fam_85da0dd0ff3a,1,other,99.94,99.94,10,105.0,False,,,True,D_CORE,True,,,,True,False,True,True,True
1001,iahcs2,IAHCS2,fam_458e92a8d03d,1,singleton,family_fam_458e92a8d03d,1,other,100.04999999999998,100.05,10,105.0,False,,,True,D_CORE,True,,,,True,False,True,True,True
1002,iahcs3,IAHCS3,fam_bd0b98b46664,1,singleton,family_fam_bd0b98b46664,1,other,99.97,99.97,10,105.0,False,,,True,D_CORE,True,,,,True,False,True,True,True
1003,iahcs4,IAHCS4,fam_099cf4f1ca8d,1,singleton,family_fam_099cf4f1ca8d,1,other,100.11999999999999,100.12,10,105.0,False,,,True,D_CORE,True,,,,True,False,True,True,True
1004,iahcs5,IAHCS5,fam_cd13a97a83ee,1,singleton,family_fam_cd13a97a83ee,1,other,100.11999999999999,100.12,10,105.0,False,,,True,D_CORE,True,,,,True,False,True,True,True
1005,iahcs7,IAHCS7,fam_5c7a48fb6c86,1,singleton,family_fam_5c7a48fb6c86,1,other,99.78999999999999,99.79,10,105.0,False,,,True,D_CORE,True,,,,True,False,True,True,True
1006,iahcs8,IAHCS8,fam_b9ff1550eb1f,1,singleton,family_fam_b9ff1550eb1f,1,other,99.63000000000001,99.63,10,105.0,False,,,True,D_CORE,True,,,,True,False,True,True,True
1007,iahcs9,IAHCS9,fam_ca140cab9157,1,singleton,family_fam_ca140cab9157,1,other,99.77,99.77,10,105.0,False,,,True,D_CORE,True,,,,True,False,True,True,True
1008,iahd1,IAHD1,fam_6433f7e1ddd6,1,singleton,family_fam_6433f7e1ddd6,1,other,99.89999999999999,99.9,10,105.0,False,,,True,A_SHOT_VAL,True,,,,True,False,True,True,True
1009,iahd2,IAHD2,fam_bc6767e8f97b,1,singleton,family_fam_bc6767e8f97b,1,other,100.06,100.06,10,105.0,False,,,True,D_CORE,True,,,,True,False,True,True,True
1010,iahd3,IAHD3,fam_d6cde7b813e9,1,singleton,family_fam_d6cde7b813e9,1,other,100.33,100.33,10,105.0,False,,,True,D_CORE,True,,,,True,False,True,True,True
1011,iahd5,IAHD5,fam_0da06ebeeaf2,1,singleton,family_fam_0da06ebeeaf2,1,other,100.42000000000002,100.42,10,105.0,False,,,True,D_CORE,True,,,,True,False,True,True,True
1012,iahdiabase2,IAHDIABASE2,fam_4c460d1b6228,1,singleton,family_fam_4c460d1b6228,1,other,99.93999999999998,99.94,10,105.0,False,,,True,D_CORE,True,,,,True,False,True,True,True
1013,iahdiabase3,IAHDIABASE3,fam_02a6b11a9bab,1,singleton,family_fam_02a6b11a9bab,1,other,100.30999999999999,100.31,10,105.0,False,,,True,D_CORE,True,,,,True,False,True,True,True
1014,iahds1,IAHDS1,fam_69635780d656,1,singleton,family_fam_69635780d656,1,other,100.24999999999999,100.25,10,105.0,False,,,True,D_CORE,True,,,,True,False,True,True,True
1015,iahds2,IAHDS2,fam_62d454fcc837,1,singleton,family_fam_62d454fcc837,1,other,100.13000000000001,100.13,10,105.0,False,,,True,D_CORE,True,,,,True,False,True,True,True
1016,iahe1,IAHE1,fam_c851e333867c,1,singleton,family_fam_c851e333867c,1,other,99.72999999999998,99.73,10,105.0,False,,,True,D_CORE,True,,,,True,False,True,True,True
1017,iahe10,IAHE10,fam_b8eb4650ba6b,1,singleton,family_fam_b8eb4650ba6b,1,other,100.11000000000001,100.11,10,105.0,False,,,True,D_CORE,True,,,,True,False,True,True,True
1018,iahe2,IAHE2,fam_03747e4c8fad,1,singleton,family_fam_03747e4c8fad,1,other,100.03000000000002,100.03,10,105.0,False,,,True,D_CORE,True,,,,True,False,True,True,True
1019,iahe3,IAHE3,fam_38ccb1242adc,1,singleton,family_fam_38ccb1242adc,1,other,99.88000000000002,99.88,10,105.0,False,,,True,D_CORE,True,,,,True,False,True,True,True
1020,iahe5,IAHE5,fam_6ffe35a8ce66,1,singleton,family_fam_6ffe35a8ce66,1,other,100.34000000000003,100.34,10,105.0,False,,,True,D_CORE,True,,,,True,False,True,True,True
1021,iahe6,IAHE6,fam_e0afb950d3fd,1,singleton,family_fam_e0afb950d3fd,1,other,100.21000000000001,100.21,10,105.0,False,,,True,D_CORE,True,,,,True,False,True,True,True
1022,iahe7,IAHE7,fam_db24abc2004b,1,singleton,family_fam_db24abc2004b,1,other,100.14999999999996,100.15,10,105.0,False,,,True,D_CORE,True,,,,True,False,True,True,True
1023,iahe8,IAHE8,fam_0c1765b3b3a2,1,singleton,family_fam_0c1765b3b3a2,1,other,99.94000000000001,99.94,10,105.0,False,,,True,D_CORE,True,,,,True,False,True,True,True
1024,iahe9,IAHE9,fam_4ae731eef969,1,singleton,family_fam_4ae731eef969,1,other,100.14,100.14,10,105.0,False,,,True,D_CORE,True,,,,True,False,True,True,True
1025,iahee10a,IAHEE10A,fam_a361e95616e1,3,name_alias,family_fam_a361e95616e1,3,other,100.32,100.32,10,105.0,False,,,True,D_CORE,True,,,,True,False,True,True,True
1026,iahee10b,IAHEE10B,fam_a361e95616e1,3,name_alias,family_fam_a361e95616e1,3,other,100.03,100.03,10,105.0,False,,,True,D_CORE,True,,,,True,False,True,True,True
1027,iahee10c,IAHEE10C,fam_a361e95616e1,3,name_alias,family_fam_a361e95616e1,3,other,100.44999999999999,100.45,10,105.0,False,,,True,D_CORE,True,,,,True,False,True,True,True
1028,iahee11a,IAHEE11A,fam_95453b2b3529,2,name_alias,family_fam_95453b2b3529,2,other,100.36999999999999,100.37,10,105.0,False,,,True,D_CORE,True,,,,True,False,True,True,True
1029,iahee11d,IAHEE11D,fam_95453b2b3529,2,name_alias,family_fam_95453b2b3529,2,other,99.56,99.56,10,105.0,False,,,True,D_CORE,True,,,,True,False,False,False,False
1030,iahee11e,IAHEE11E,fam_3b3faa791f1e,1,singleton,family_fam_3b3faa791f1e,1,other,99.80000000000004,99.8,10,105.0,False,,,True,D_CORE,True,,,,True,False,True,True,True
1031,iahee11f,IAHEE11F,fam_2697bd208c9b,1,singleton,family_fam_2697bd208c9b,1,other,99.68,99.68,10,105.0,False,,,True,A_SHOT_VAL,True,,,,True,False,True,True,True
1032,iahee12,IAHEE12,fam_7e8c6c2824c5,1,singleton,family_fam_7e8c6c2824c5,1,other,99.97,99.97,10,105.0,False,,,True,D_CORE,True,,,,True,False,True,True,True
1033,iahee14,IAHEE14,fam_a30207ec9df7,1,singleton,family_fam_a30207ec9df7,1,other,100.06999999999998,100.07,10,105.0,False,,,True,D_CORE,True,,,,True,False,True,True,True
1034,iahee15,IAHEE15,fam_8c3229ccdb10,1,singleton,family_fam_8c3229ccdb10,1,other,100.2,100.2,10,105.0,False,,,True,D_CORE,True,,,,True,False,False,False,False
1035,iahee16,IAHEE16,fam_28e6f85c28e0,1,singleton,family_fam_28e6f85c28e0,1,other,100.30000000000003,100.3,10,105.0,False,,,True,D_CORE,True,,,,True,False,True,True,True
1036,iahee17,IAHEE17,fam_6c7be2825f35,1,singleton,family_fam_6c7be2825f35,1,other,100.33,100.33,10,105.0,False,,,True,D_CORE,True,,,,True,False,True,True,True
1037,iahee2,IAHEE2,fam_7961e2f9f3b0,1,singleton,family_fam_7961e2f9f3b0,1,other,99.61999999999999,99.62,10,105.0,False,,,True,D_CORE,True,,,,True,False,True,True,True
1038,iahee3,IAHEE3,fam_c4e40ef0cb4e,1,singleton,family_fam_c4e40ef0cb4e,1,other,99.95999999999998,99.96,10,105.0,False,,,True,D_CORE,True,,,,True,False,True,True,True
1039,iahee4,IAHEE4,fam_de966cdd3ac6,1,singleton,family_fam_de966cdd3ac6,1,other,99.43999999999998,99.44,10,105.0,False,,,True,D_CORE,True,,,,True,False,True,True,True
1040,iahee5,IAHEE5,fam_8ccaa5db1dad,1,singleton,family_fam_8ccaa5db1dad,1,other,99.55000000000001,99.55,10,105.0,False,,,True,D_CORE,True,,,,True,False,True,False,False
1041,iahee6,IAHEE6,fam_6c7867cbd37c,1,singleton,family_fam_6c7867cbd37c,1,other,99.60999999999999,99.61,10,105.0,False,,,True,D_CORE,True,,,,True,False,True,True,True
1042,iahee7,IAHEE7,fam_66cd2a1853ea,1,singleton,family_fam_66cd2a1853ea,1,other,100.00999999999999,100.01,10,105.0,False,,,True,D_CORE,True,,,,True,False,True,True,True
1043,iahee8,IAHEE8,fam_e359334708ea,1,singleton,family_fam_e359334708ea,1,other,99.82,99.82,10,105.0,False,,,True,D_CORE,True,,,,True,False,True,True,True
1044,iahee9,IAHEE9,fam_8198e5a68e7e,1,singleton,family_fam_8198e5a68e7e,1,other,100.33999999999999,100.34,10,105.0,False,,,True,D_CORE,True,,,,True,False,True,True,True
1045,iahes1,IAHES1,fam_741080abf110,1,singleton,family_fam_741080abf110,1,other,100.37,100.37,10,105.0,False,,,True,D_CORE,True,,,,True,False,True,True,True
1046,iahf1,IAHF1,fam_ea01c01e4dfd,1,singleton,family_fam_ea01c01e4dfd,1,other,99.66,99.66,10,105.0,False,,,True,D_CORE,False,,,,True,False,True,True,True
1047,iahf10,IAHF10,fam_194215bc7de8,1,singleton,family_fam_194215bc7de8,1,other,99.62,99.62,10,105.0,False,,,True,D_CORE,True,,,,True,False,True,True,True
1048,iahf11,IAHF11,fam_f7d7252fe363,1,singleton,family_fam_f7d7252fe363,1,other,99.74,99.74,10,105.0,False,,,True,D_CORE,True,,,,True,False,False,False,True
1049,iahf12,IAHF12,fam_ee3999a5cb27,1,singleton,family_fam_ee3999a5cb27,1,other,99.5,99.5,10,105.0,False,,,True,D_CORE,True,,,,True,False,False,True,True
1050,iahf13,IAHF13,fam_796e495057f3,1,singleton,family_fam_796e495057f3,1,other,99.75,99.75,10,105.0,False,,,True,D_CORE,True,,,,True,False,True,True,True
1051,iahf14a,IAHF14A,fam_25ecfc625183,3,name_alias,family_fam_25ecfc625183,3,other,99.99999999999999,100.0,10,105.0,False,,,True,D_CORE,True,,,,True,False,True,True,True
1052,iahf14b,IAHF14B,fam_25ecfc625183,3,name_alias,family_fam_25ecfc625183,3,other,100.09999999999998,100.1,10,105.0,False,,,True,D_CORE,True,,,,True,False,True,True,True
1053,iahf14c,IAHF14C,fam_25ecfc625183,3,name_alias,family_fam_25ecfc625183,3,other,100.13,100.13,10,105.0,False,,,True,D_CORE,True,,,,True,False,True,True,True
1054,iahf2,IAHF2,fam_db88bd808924,1,singleton,family_fam_db88bd808924,1,other,99.82000000000001,99.82,10,105.0,False,,,True,D_CORE,True,,,,True,False,True,True,True
1055,iahf3,IAHF3,fam_1ec49319c7cd,1,singleton,family_fam_1ec49319c7cd,1,other,99.91999999999999,99.92,10,105.0,False,,,True,D_CORE,True,,,,True,False,True,True,True
1056,iahf4,IAHF4,fam_5614dff918e2,1,singleton,family_fam_5614dff918e2,1,other,100.06,100.06,10,105.0,False,,,True,D_CORE,True,,,,True,False,True,True,True
1057,iahf6,IAHF6,fam_7e74edc78840,1,singleton,family_fam_7e74edc78840,1,other,100.07,100.07,10,105.0,False,,,True,D_CORE,True,,,,True,False,True,True,True
1058,iahf7,IAHF7,fam_6712fb21f6fb,2,name_alias,family_fam_6712fb21f6fb,2,other,100.06,100.06,10,105.0,False,,,True,D_CORE,True,,,,True,False,True,True,True
1059,iahf7a,IAHF7A,fam_6712fb21f6fb,2,name_alias,family_fam_6712fb21f6fb,2,other,99.52000000000001,99.52,10,105.0,False,,,True,D_CORE,True,,,,True,False,True,True,True
1060,iahf8fpipe,IAHF8FPIPE,fam_eecbeb0aaded,1,singleton,family_fam_eecbeb0aaded,1,other,99.86,99.86,10,105.0,False,,,True,D_CORE,True,,,,False,False,False,False,True
1061,iahf9,IAHF9,fam_8143e8aee23c,1,singleton,family_fam_8143e8aee23c,1,other,99.57,99.57,10,105.0,False,,,True,D_CORE,True,,,,True,False,True,True,True
1062,iahg10,IAHG10,fam_7a8dfb92ab00,1,singleton,family_fam_7a8dfb92ab00,1,other,100.06,100.06,10,105.0,False,,,True,D_CORE,True,,,,True,False,True,True,True
1063,iahg11,IAHG11,fam_7ba35751e2d1,1,singleton,family_fam_7ba35751e2d1,1,other,100.19999999999999,100.2,10,105.0,False,,,True,D_CORE,False,,,,True,False,True,True,True
1064,iahg12,IAHG12,fam_44d2aca04d10,1,singleton,family_fam_44d2aca04d10,1,other,100.34999999999998,100.35,10,105.0,False,,,True,D_CORE,False,,,,True,False,True,True,True
1065,iahg13,IAHG13,fam_3bc1ee4cd620,1,singleton,family_fam_3bc1ee4cd620,1,other,100.28000000000002,100.28,10,105.0,False,,,True,D_CORE,False,,,,True,False,True,True,True
1066,iahg14,IAHG14,fam_6663c2cd6546,1,singleton,family_fam_6663c2cd6546,1,other,100.0,100.0,10,105.0,False,,,True,D_CORE,True,,,,True,False,True,True,True
1067,iahg1p,IAHG1P,fam_99b27abdf6f8,1,singleton,family_fam_99b27abdf6f8,1,other,100.24000000000001,100.24,10,105.0,False,,,True,D_CORE,True,,,,True,False,True,True,True
1068,iahg2,IAHG2,fam_66d71f624cf0,1,singleton,family_fam_66d71f624cf0,1,other,99.92,99.92,10,105.0,False,,,True,D_CORE,True,,,,True,False,True,True,True
1069,iahg3,IAHG3,fam_0a8002a5d284,1,singleton,family_fam_0a8002a5d284,1,other,99.96,99.96,10,105.0,False,,,True,D_CORE,True,,,,True,False,True,True,True
1070,iahg4,IAHG4,fam_67aa43456dd6,1,singleton,family_fam_67aa43456dd6,1,other,100.13,100.13,10,105.0,False,,,True,D_CORE,True,,,,True,False,True,True,True
1071,iahg5,IAHG5,fam_0ec84205cdba,1,singleton,family_fam_0ec84205cdba,1,other,100.25,100.25,10,105.0,False,,,True,D_CORE,True,,,,True,False,True,True,True
1072,iahg6,IAHG6,fam_b74a17ef5342,1,singleton,family_fam_b74a17ef5342,1,other,100.05,100.05,10,105.0,False,,,True,D_CORE,True,,,,True,False,True,True,True
1073,iahg7,IAHG7,fam_c862bbca1df1,1,singleton,family_fam_c862bbca1df1,1,other,100.01,100.01,10,105.0,False,,,True,D_CORE,True,,,,True,False,True,True,True
1074,iahg8,IAHG8,fam_f884a2b235ca,1,singleton,family_fam_f884a2b235ca,1,other,100.00000000000001,100.0,10,105.0,False,,,True,D_CORE,True,,,,True,False,True,True,True
1075,iahg9,IAHG9,fam_d2cc73a56d90,1,singleton,family_fam_d2cc73a56d90,1,other,100.22000000000001,100.22,10,105.0,False,,,True,D_CORE,True,,,,True,False,True,True,True
1076,iahh1,IAHH1,fam_bddb240bbf38,1,singleton,family_fam_bddb240bbf38,1,other,99.71,99.71,10,105.0,False,,,True,D_CORE,True,,,,True,False,True,True,True
1077,iahh2,IAHH2,fam_7d6cd3926de4,1,singleton,family_fam_7d6cd3926de4,1,other,99.85,99.85,10,105.0,False,,,True,D_CORE,True,,,,True,False,True,True,True
1078,iahh3,IAHH3,fam_a13ff29d7301,1,singleton,family_fam_a13ff29d7301,1,other,119.75999999999999,119.76,10,105.0,True,nonclosed_reference,major_oxide_sum_gt_105:119.76,False,STRESS_NONCLOSED_REFERENCE,True,,,,False,False,True,False,False
1079,iahh6,IAHH6,fam_c49ff58cc008,1,singleton,family_fam_c49ff58cc008,1,other,99.79000000000002,99.79,10,105.0,False,,,True,D_CORE,True,,,,True,False,True,True,True
1080,iahh7,IAHH7,fam_1b071e42c206,1,singleton,family_fam_1b071e42c206,1,other,99.75,99.75,10,105.0,False,,,True,D_CORE,True,,,,True,False,True,True,True
1081,iahh8,IAHH8,fam_d3579ca846bf,1,singleton,family_fam_d3579ca846bf,1,other,99.52,99.52,10,105.0,False,,,True,D_CORE,True,,,,True,False,True,True,True
1082,iahi10a,IAHI10A,fam_5b79c0d1bcfc,1,singleton,family_fam_5b79c0d1bcfc,1,other,99.54999999999998,99.55,10,105.0,False,,,True,D_CORE,True,,,,True,False,True,True,True
1083,iahi5,IAHI5,fam_49a361199a6a,1,singleton,family_fam_49a361199a6a,1,other,99.96000000000001,99.96,10,105.0,False,,,True,D_CORE,True,,,,True,False,True,True,True
1084,iahi7,IAHI7,fam_d91ccb431d4d,1,singleton,family_fam_d91ccb431d4d,1,other,100.32000000000001,100.32,10,105.0,False,,,True,D_CORE,True,,,,True,False,True,True,True
1085,iahi8,IAHI8,fam_8e78bee585b6,1,singleton,family_fam_8e78bee585b6,1,other,100.39,100.39,10,105.0,False,,,True,D_CORE,True,,,,True,False,True,True,True
1086,ic891,IC891,fam_9589b68cb389,1,singleton,family_fam_9589b68cb389,1,other,99.82000000000001,99.82,10,105.0,False,,,True,D_CORE,False,,,,True,True,True,False,False
1087,ic892,IC892,fam_d71b3284d842,1,singleton,family_fam_d71b3284d842,1,other,99.83999999999999,99.84,10,105.0,False,,,True,D_CORE,False,,,,True,True,True,False,False
1088,idaho,IDAHO,fam_6b8602d4dbe2,1,singleton,family_fam_6b8602d4dbe2,1,other,99.65,99.65,10,105.0,False,,,True,D_CORE,True,0.5338712018358585,0.3441100653281481,0.0,True,True,True,False,False
1089,j9716,J9716,fam_22d1fea206e0,1,singleton,family_fam_22d1fea206e0,1,other,100.07,100.07,10,105.0,False,,,True,D_CORE,True,,,,True,False,True,True,True
1090,j9717,J9717,fam_37080e5a323c,1,singleton,family_fam_37080e5a323c,1,other,100.08000000000001,100.08,10,105.0,False,,,True,A_SHOT_VAL,True,0.7679796826262907,0.6298538647092967,0.0,True,True,True,False,False
1091,j9718,J9718,fam_924eea02c5b2,1,singleton,family_fam_924eea02c5b2,1,other,99.98000000000002,99.98,10,105.0,False,,,True,D_CORE,True,,,,True,False,True,True,True
1092,j9719,J9719,fam_41bc27d6afaa,1,singleton,family_fam_41bc27d6afaa,1,other,100.31,100.31,10,105.0,False,,,True,D_CORE,True,,,,True,False,True,True,True
1093,j9726,J9726,fam_03352df7682d,1,singleton,family_fam_03352df7682d,1,other,99.92000000000002,99.92,10,105.0,False,,,True,D_CORE,True,,,,True,False,True,True,True
1094,j98121,J98121,fam_ce30f7550dac,1,singleton,family_fam_ce30f7550dac,1,other,100.16,100.16,10,105.0,False,,,True,D_CORE,True,,,,True,False,True,True,False
1095,j98134,J98134,fam_3e5da9d5acd6,1,singleton,family_fam_3e5da9d5acd6,1,other,100.07999999999998,100.08,10,105.0,False,,,True,D_CORE,True,,,,True,False,True,True,True
1096,j98136,J98136,fam_08e1b0677640,1,singleton,family_fam_08e1b0677640,1,other,100.1,100.1,10,105.0,False,,,True,D_CORE,True,,,,True,False,True,True,True
1097,j98137,J98137,fam_e8f3faaca57e,1,singleton,family_fam_e8f3faaca57e,1,other,100.16,100.16,10,105.0,False,,,True,D_CORE,True,0.844451492846982,0.6157388684503202,0.0,True,True,True,False,False
1098,j98169b,J98169B,fam_3a15f360b988,1,singleton,family_fam_3a15f360b988,1,other,100.26000000000002,100.26,10,105.0,False,,,True,D_CORE,True,,,,True,False,True,True,True
1099,ja1,JA1,fam_879328a11d6a,1,singleton,family_fam_879328a11d6a,1,other,99.25,99.25,10,105.0,False,,,True,V_IN,True,0.5790822473993212,0.45834006977131425,0.6492257959700344,True,True,True,False,False
1100,ja2,JA2,fam_c8208b9b051a,1,singleton,family_fam_c8208b9b051a,1,other,93.72,93.72,10,105.0,False,,,True,D_CORE,True,,,,False,True,False,False,False
1101,jarosite,JAROSITE,fam_0744cef4ba26,1,singleton,family_fam_0744cef4ba26,1,other,94.66999999999999,94.67,10,105.0,False,,,True,D_CORE,False,,,,True,True,True,False,False
1102,jdo1,JDO1,fam_4fbe7578ea8a,1,singleton,family_fam_4fbe7578ea8a,1,other,52.879999999999995,52.88,10,105.0,False,,,True,A_SHOT_VAL,True,,,,True,False,True,True,True
1103,jf129,JF129,fam_c54cae6803dc,1,singleton,family_fam_c54cae6803dc,1,other,91.49000000000001,91.49,10,105.0,False,,,True,D_CORE,False,,,,False,True,True,False,False
1104,jg1a,JG1A,fam_759e4168ca82,1,singleton,family_fam_759e4168ca82,1,other,97.66999999999999,97.67,10,105.0,False,,,True,A_SEEN_TEST,True,0.9766579396248034,0.7091671044451198,0.0,True,True,True,False,False
1105,jgb1,JGB1,fam_0cb684703d16,1,singleton,family_fam_0cb684703d16,1,other,88.98,88.98,10,105.0,False,,,True,A_SEEN_TEST,True,0.8306817281235646,0.6258089843649357,0.0,True,True,True,False,False
1106,jlk1,JLK1,fam_d928774c9c1e,1,singleton,family_fam_d928774c9c1e,1,other,85.57999999999998,85.58,10,105.0,False,,,True,T_IN,True,0.956902013722698,0.725947392487836,0.7537626471034534,True,True,True,False,False
1107,jms2,JMS2,fam_cb622105d237,1,singleton,family_fam_cb622105d237,1,other,88.25000000000001,88.25,10,105.0,False,,,True,A_SEEN_TEST,True,0.9668308629473448,0.6386941455746792,0.0,True,True,True,False,False
1108,jsd2,JSD2,fam_786b763c3a65,1,singleton,family_fam_786b763c3a65,1,other,88.46000000000001,88.46,10,105.0,False,,,True,T_IN,True,0.3589243928612931,0.30523811465954104,0.5492961764176351,True,True,True,False,False
1109,jsl1,JSL1,fam_66e27070f752,1,singleton,family_fam_66e27070f752,1,other,88.86,88.86,10,105.0,False,,,True,T_IN,True,0.8127340176375617,0.588705999679766,0.7914991816119095,True,True,True,False,False
1110,jsl2,JSL2,fam_936023bba9de,1,singleton,family_fam_936023bba9de,1,other,88.2,88.2,10,105.0,False,,,True,V_IN,True,0.9645388353661752,0.7404653876375972,1.1478641045006623,True,True,True,False,False
1111,jso1,JSO1,fam_9b0856e13164,1,singleton,family_fam_9b0856e13164,1,other,72.59,72.59,10,105.0,False,,,True,A_SEEN_TEST,True,1.1862225042166212,0.8057129272629989,0.0,True,True,True,False,False
1112,k0606,K0606,fam_5d79e4c7c3c5,1,singleton,family_fam_5d79e4c7c3c5,1,other,100.53,100.53,10,105.0,False,,,True,D_CORE,False,,,,True,False,True,False,False
1113,k131928,K131928,fam_e68c3fd5c974,1,singleton,family_fam_e68c3fd5c974,1,other,99.11000000000001,99.11,9,105.0,False,,,True,D_CORE,False,,,,False,False,True,False,False
1114,kalamaflow,KALAMAFLOW,fam_27ccdd27870d,1,singleton,family_fam_27ccdd27870d,1,other,99.76,99.76,10,105.0,False,,,True,D_CORE,True,,,,True,False,True,True,True
1115,kas,KAS,fam_21313a463d0b,1,singleton,family_fam_21313a463d0b,1,other,99.63999999999999,99.64,10,105.0,False,,,True,D_CORE,True,,,,True,False,True,True,True
1116,kaupoflow,KAUPOFLOW,fam_3e150f9c35f1,1,singleton,family_fam_3e150f9c35f1,1,other,99.77000000000001,99.77,10,105.0,False,,,True,V_IN,True,0.6257356206311642,0.4665575891730805,0.2675158908435531,True,True,True,False,False
1117,kbh9412,KBH9412,fam_2ffd6f1148dd,1,singleton,family_fam_2ffd6f1148dd,1,other,98.37,98.37,10,105.0,False,,,True,T_OOD,True,3.8474940169939575,2.4302327811998605,0.6299176126022801,True,True,True,False,False
1118,kbh9413,KBH9413,fam_670cc5631908,1,singleton,family_fam_670cc5631908,1,other,98.07,98.07,10,105.0,False,,,True,V_OOD,True,3.5405504242176487,2.2756479357438026,1.0412119804349673,True,True,True,False,False
1119,kbh9417a,KBH9417A,fam_7ceab3cb0bec,3,name_alias,family_fam_7ceab3cb0bec,3,other,99.82000000000001,99.82,10,105.0,False,,,True,A_SEEN_TEST,True,1.1519917241894868,0.8000588605349477,0.0,True,True,True,False,False
1120,kbh9417b,KBH9417B,fam_7ceab3cb0bec,3,name_alias,family_fam_7ceab3cb0bec,3,other,99.58999999999999,99.59,10,105.0,False,,,True,A_SEEN_TEST,True,1.009357464161241,0.6984241750530478,0.0,True,True,True,False,False
1121,kbh9417c,KBH9417C,fam_7ceab3cb0bec,3,name_alias,family_fam_7ceab3cb0bec,3,other,99.83000000000001,99.83,10,105.0,False,,,True,A_SEEN_TEST,True,1.2302527188340926,0.8574060538623867,0.0,True,True,True,False,False
1122,kbh9423c,KBH9423C,fam_078ceef72757,1,singleton,family_fam_078ceef72757,1,other,99.02999999999999,99.03,10,105.0,False,,,True,T_OOD,True,3.116132714216212,1.9709809279750203,1.372886050296862,True,True,True,False,False
1123,kbh9423e,KBH9423E,fam_0d393e926500,1,singleton,family_fam_0d393e926500,1,other,99.1,99.1,10,105.0,False,,,True,T_OOD,True,3.622040696651599,2.278394412813272,1.0634112253945545,True,True,True,False,False
1124,kbh943,KBH943,fam_806c1684e855,1,singleton,family_fam_806c1684e855,1,other,100.36999999999999,100.37,10,105.0,False,,,True,T_OOD,True,2.4296872224506703,1.5342404701868106,0.8627757409443311,True,True,True,False,False
1125,kh11k,KH11K,fam_ad1abbbad2f0,1,singleton,family_fam_ad1abbbad2f0,1,other,99.90999999999997,99.91,10,105.0,False,,,True,D_CORE,True,0.632336734218883,0.4761250704473359,0.0,True,True,True,False,False
1126,kh16k,KH16K,fam_18d6c509a7b3,1,singleton,family_fam_18d6c509a7b3,1,other,100.0,100.0,10,105.0,False,,,True,D_CORE,True,0.5669220589789626,0.42697961370402027,0.0,True,True,True,False,False
1127,kh2,KH2,fam_227d3eea6b04,1,singleton,family_fam_227d3eea6b04,1,other,100.06,100.06,10,105.0,False,,,True,A_SEEN_TEST,True,1.228073161151002,0.9028412006314064,0.0,True,True,True,False,False
1128,kh6,KH6,fam_5e80472b7205,1,singleton,family_fam_5e80472b7205,1,other,99.92,99.92,10,105.0,False,,,True,D_CORE,True,0.8881119140698674,0.6319816618136197,0.0,True,True,True,False,False
1129,kn1814107,KN1814107,fam_970be0745008,1,singleton,family_fam_970be0745008,1,other,98.84000000000002,98.84,10,105.0,False,,,True,D_CORE,False,,,,True,True,True,False,False
1130,kn18143124,KN18143124,fam_2abb0e3c318a,1,singleton,family_fam_2abb0e3c318a,1,other,66.43,66.43,10,105.0,False,,,True,D_CORE,False,,,,True,True,True,False,False
1131,kn1814434,KN1814434,fam_93de5fbe863b,1,singleton,family_fam_93de5fbe863b,1,other,97.81,97.81,10,105.0,False,,,True,D_CORE,False,,,,True,True,True,False,False
1132,kn18151155,KN18151155,fam_0a23ffdc7951,1,singleton,family_fam_0a23ffdc7951,1,other,98.11,98.11,10,105.0,False,,,True,D_CORE,False,,,,True,True,True,False,False
1133,kn1815154,KN1815154,fam_69cb8456bb20,1,singleton,family_fam_69cb8456bb20,1,other,98.31999999999998,98.32,10,105.0,False,,,True,D_CORE,False,,,,True,True,True,False,False
1134,kn1815777,KN1815777,fam_b72bd637c1a3,1,singleton,family_fam_b72bd637c1a3,1,other,99.37,99.37,10,105.0,False,,,True,D_CORE,False,,,,True,False,True,False,False
1135,kn1815898g,KN1815898G,fam_eacc0ce944a4,1,singleton,family_fam_eacc0ce944a4,1,other,95.92999999999999,95.93,10,105.0,False,,,True,V_OOD,True,1.5947213604560506,1.0799693420747416,0.8653671511868447,True,True,True,False,False
1136,kn181600,KN181600,fam_e56d79a28a87,1,singleton,family_fam_e56d79a28a87,1,other,97.64,97.64,10,105.0,False,,,True,T_OOD,True,1.6175064501630811,1.1356714002271178,1.4216517266521485,True,True,True,False,False
1137,kn1911239,KN1911239,fam_176faa7601c7,1,singleton,family_fam_176faa7601c7,1,other,97.13999999999999,97.14,10,105.0,False,,,True,T_OOD,True,1.5515279611428814,1.01351795851602,0.7447308884707837,True,True,True,False,False
1138,kn1911365,KN1911365,fam_fd54211a1070,1,singleton,family_fam_fd54211a1070,1,other,93.63,93.63,10,105.0,False,,,True,V_OOD,True,1.6141754979321221,1.0783137285808466,0.65080791517194,True,True,True,False,False
1139,kn19117225,KN19117225,fam_17a86ec7e464,1,singleton,family_fam_17a86ec7e464,1,other,97.30999999999999,97.31,10,105.0,False,,,True,T_OOD,True,1.5241110069186083,1.0123189268029897,0.8248163264238202,True,True,True,False,False
1140,kn1a10591,KN1A10591,fam_dcbed4b16953,1,singleton,family_fam_dcbed4b16953,1,other,96.79999999999997,96.8,10,105.0,False,,,True,V_OOD,True,1.4826260582152928,1.082745015710721,0.6211317563229587,True,True,True,False,False
1141,kn1a11522,KN1A11522,fam_1847b81624cb,1,singleton,family_fam_1847b81624cb,1,other,91.33000000000001,91.33,10,105.0,False,,,True,T_OOD,True,1.7105052350330112,1.2371251260414804,2.3775158734520385,True,True,True,False,False
1142,kn1a11655,KN1A11655,fam_ca842e4f0abd,1,singleton,family_fam_ca842e4f0abd,1,other,96.96999999999998,96.97,10,105.0,False,,,True,D_CORE,False,,,,True,True,True,False,False
1143,kn1a11717,KN1A11717,fam_98b22e1b05c8,1,singleton,family_fam_98b22e1b05c8,1,other,96.84,96.84,10,105.0,False,,,True,D_CORE,False,,,,True,True,True,False,False
1144,kn211328,KN211328,fam_a093ef1ab717,1,singleton,family_fam_a093ef1ab717,1,other,97.42,97.42,10,105.0,False,,,True,D_CORE,False,,,,True,True,True,False,False
1145,kn211405,KN211405,fam_c54a86328bc8,1,singleton,family_fam_c54a86328bc8,1,other,95.14999999999999,95.15,10,105.0,False,,,True,D_CORE,False,,,,True,True,True,False,False
1146,kn211486,KN211486,fam_9fd5a77bdd6e,1,singleton,family_fam_9fd5a77bdd6e,1,other,97.64,97.64,10,105.0,False,,,True,T_OOD,True,1.5744259928017412,1.0487456995296505,1.2224703111020858,True,True,True,False,False
1147,kn212453,KN212453,fam_bac5bd12123c,1,singleton,family_fam_bac5bd12123c,1,other,102.66,102.66,10,105.0,False,,,True,V_OOD,True,3.722016703492943,2.4259243704712965,1.9622693109435145,True,True,True,False,False
1148,kn2533654,KN2533654,fam_31d12cade14f,1,singleton,family_fam_31d12cade14f,1,other,95.98,95.98,10,105.0,False,,,True,V_OOD,True,1.4578013151840925,0.9791194615052505,0.8547559522372531,True,True,True,False,False
1149,kn2539925,KN2539925,fam_5dc29d173fc0,1,singleton,family_fam_5dc29d173fc0,1,other,98.99,98.99,10,105.0,False,,,True,D_CORE,True,,,,True,False,True,False,False
1150,kn284253,KN284253,fam_fec91119510b,1,singleton,family_fam_fec91119510b,1,other,98.05999999999999,98.06,10,105.0,False,,,True,T_OOD,True,1.8028646765497098,1.3142390978125849,1.584501859650747,True,True,True,False,False
1151,kn285927,KN285927,fam_27b31cebbe7f,1,singleton,family_fam_27b31cebbe7f,1,other,94.14999999999999,94.15,10,105.0,False,,,True,V_OOD,True,1.5679170465008854,1.109641601109938,0.4467853717500727,True,True,True,False,False
1152,kn2860875,KN2860875,fam_3974bbfc1723,1,singleton,family_fam_3974bbfc1723,1,other,98.13,98.13,10,105.0,False,,,True,V_OOD,True,1.5896126006476314,1.1722903153178101,1.3648811663793927,True,True,True,False,False
1153,kn53511315,KN53511315,fam_73f6ac796853,1,singleton,family_fam_73f6ac796853,1,other,94.26999999999998,94.27,10,105.0,False,,,True,V_OOD,True,1.57780248099943,1.1637366396826927,0.41236743182792795,True,True,True,False,False
1154,kn535883,KN535883,fam_dfde90133b82,1,singleton,family_fam_dfde90133b82,1,other,99.00000000000003,99.0,10,105.0,False,,,True,D_CORE,False,,,,True,True,True,False,False
1155,kn6101823,KN6101823,fam_5e964ebc740b,1,singleton,family_fam_5e964ebc740b,1,other,91.61999999999999,91.62,10,105.0,False,,,True,D_CORE,False,,,,True,True,False,False,False
1156,kn6b10362,KN6B10362,fam_ad231e20f67e,1,singleton,family_fam_ad231e20f67e,1,other,99.68000000000002,99.68,10,105.0,False,,,True,D_CORE,False,,,,True,True,True,False,False
1157,kn75383,KN75383,fam_bd9f5fc39217,1,singleton,family_fam_bd9f5fc39217,1,other,95.76,95.76,10,105.0,False,,,True,A_SEEN_TEST,True,1.1920890888127689,0.854026662645728,0.0,True,True,True,False,False
1158,kn76153,KN76153,fam_0b8738c276f6,1,singleton,family_fam_0b8738c276f6,1,other,97.07000000000001,97.07,10,105.0,False,,,True,D_CORE,True,,,,False,True,False,False,False
1159,kn761725,KN761725,fam_6b4cba0fd524,1,singleton,family_fam_6b4cba0fd524,1,other,98.44999999999999,98.45,10,105.0,False,,,True,V_OOD,True,1.6009660065915678,1.1102245639632513,0.46140649886838336,True,True,True,False,False
1160,kn76261,KN76261,fam_12c8507235c3,1,singleton,family_fam_12c8507235c3,1,other,95.02000000000001,95.02,10,105.0,False,,,True,V_OOD,True,1.5738568662991748,1.1576664632207616,0.907350620052242,True,True,True,False,False
1161,kn87685,KN87685,fam_e07fb8e60ab8,1,singleton,family_fam_e07fb8e60ab8,1,other,96.91999999999999,96.92,10,105.0,False,,,True,D_CORE,True,1.2572950975972095,0.907056711362324,0.0,True,True,True,False,False
1162,kn88956,KN88956,fam_2a4b3ee41ead,1,singleton,family_fam_2a4b3ee41ead,1,other,97.52000000000001,97.52,10,105.0,False,,,True,D_CORE,True,,,,True,False,True,False,False
1163,kn89037,KN89037,fam_63da2c47a9fc,1,singleton,family_fam_63da2c47a9fc,1,other,96.72,96.72,10,105.0,False,,,True,T_OOD,True,1.5342822094636375,1.115808043561395,0.5530138203438983,True,True,True,False,False
1164,kn8d18861,KN8D18861,fam_fd59fa26e699,1,singleton,family_fam_fd59fa26e699,1,other,97.62000000000002,97.62,10,105.0,False,,,True,D_CORE,False,,,,True,True,True,False,False
1165,kok,KOK,fam_3b4185eac119,1,singleton,family_fam_3b4185eac119,1,other,99.92999999999999,99.93,10,105.0,False,,,True,D_CORE,True,,,,True,False,True,True,True
1166,kv031,KV031,fam_f18faae756f7,1,singleton,family_fam_f18faae756f7,1,other,99.13999999999999,99.14,10,105.0,False,,,True,D_CORE,True,,,,True,False,True,True,True
1167,kv0310,KV0310,fam_2a646f01d8a9,1,singleton,family_fam_2a646f01d8a9,1,other,99.43999999999998,99.44,10,105.0,False,,,True,D_CORE,True,,,,True,False,True,True,True
1168,kv0319,KV0319,fam_132558994a23,1,singleton,family_fam_132558994a23,1,other,99.61,99.61,10,105.0,False,,,True,D_CORE,True,,,,True,False,True,True,True
1169,kv032,KV032,fam_df2247e9e862,1,singleton,family_fam_df2247e9e862,1,other,99.33999999999999,99.34,10,105.0,False,,,True,D_CORE,True,,,,True,False,True,True,True
1170,kv0321,KV0321,fam_ad999641b0fd,1,singleton,family_fam_ad999641b0fd,1,other,99.71000000000001,99.71,10,105.0,False,,,True,D_CORE,True,,,,True,False,True,True,True
1171,kv033,KV033,fam_817e56a4db6f,1,singleton,family_fam_817e56a4db6f,1,other,99.53999999999999,99.54,10,105.0,False,,,True,D_CORE,True,,,,True,False,True,True,True
1172,kv034,KV034,fam_00a68335709e,1,singleton,family_fam_00a68335709e,1,other,99.41000000000001,99.41,10,105.0,False,,,True,D_CORE,True,,,,True,False,True,True,True
1173,kv035,KV035,fam_9ab024099cbe,1,singleton,family_fam_9ab024099cbe,1,other,99.57000000000001,99.57,10,105.0,False,,,True,D_CORE,True,,,,True,False,True,True,True
1174,kv036,KV036,fam_c532404f561b,1,singleton,family_fam_c532404f561b,1,other,99.91000000000001,99.91,10,105.0,False,,,True,D_CORE,True,,,,True,False,True,True,True
1175,kv038,KV038,fam_952e29fb651a,1,singleton,family_fam_952e29fb651a,1,other,99.68999999999998,99.69,10,105.0,False,,,True,D_CORE,True,,,,True,False,True,True,True
1176,kv041,KV041,fam_1eb189d900fd,1,singleton,family_fam_1eb189d900fd,1,other,100.07000000000001,100.07,10,105.0,False,,,True,D_CORE,True,,,,True,False,True,True,True
1177,kv0410,KV0410,fam_e2c786d09e09,1,singleton,family_fam_e2c786d09e09,1,other,99.86,99.86,10,105.0,False,,,True,D_CORE,True,,,,True,False,True,True,True
1178,kv0416,KV0416,fam_71453f50412d,1,singleton,family_fam_71453f50412d,1,other,99.99,99.99,10,105.0,False,,,True,D_CORE,True,,,,True,False,True,True,True
1179,kv0418,KV0418,fam_acde4b82d48e,1,singleton,family_fam_acde4b82d48e,1,other,99.85,99.85,10,105.0,False,,,True,D_CORE,True,0.47949428172114894,0.38479143340688043,0.0,True,True,True,False,False
1180,kv0419,KV0419,fam_0788561a6942,1,singleton,family_fam_0788561a6942,1,other,100.13000000000001,100.13,10,105.0,False,,,True,D_CORE,True,,,,True,False,True,True,True
1181,kv0420,KV0420,fam_9c095cb331df,1,singleton,family_fam_9c095cb331df,1,other,99.86,99.86,10,105.0,False,,,True,D_CORE,True,,,,True,False,True,True,False
1182,kv0421,KV0421,fam_a63705f99b31,1,singleton,family_fam_a63705f99b31,1,other,100.08000000000003,100.08,10,105.0,False,,,True,D_CORE,True,,,,True,False,True,True,True
1183,kv0422,KV0422,fam_8ec96459aaa4,1,singleton,family_fam_8ec96459aaa4,1,other,100.17,100.17,10,105.0,False,,,True,D_CORE,True,,,,True,False,True,True,True
1184,kv0423,KV0423,fam_587208879ac6,1,singleton,family_fam_587208879ac6,1,other,100.28,100.28,10,105.0,False,,,True,D_CORE,True,,,,True,False,True,True,True
1185,kv043,KV043,fam_3ea10305b0ce,1,singleton,family_fam_3ea10305b0ce,1,other,99.88,99.88,10,105.0,False,,,True,D_CORE,True,,,,True,False,True,True,True
1186,kv044,KV044,fam_5bf9412feaa8,1,singleton,family_fam_5bf9412feaa8,1,other,100.01,100.01,10,105.0,False,,,True,D_CORE,True,,,,True,False,True,True,True
1187,kv045,KV045,fam_43ef36e40192,1,singleton,family_fam_43ef36e40192,1,other,99.23,99.23,10,105.0,False,,,True,A_SEEN_TEST,True,1.0554869114691865,0.8050118438047816,0.0,True,True,True,False,False
1188,kv046,KV046,fam_854be60938e7,1,singleton,family_fam_854be60938e7,1,other,99.84,99.84,10,105.0,False,,,True,D_CORE,True,,,,True,False,True,True,True
1189,kv048,KV048,fam_168db6ca54c2,1,singleton,family_fam_168db6ca54c2,1,other,99.37999999999998,99.38,10,105.0,False,,,True,D_CORE,True,,,,True,False,True,True,True
1190,l134825,L134825,fam_cf3f04e8a708,1,singleton,family_fam_cf3f04e8a708,1,other,78.63999999999999,78.64,8,105.0,False,,,True,D_CORE,False,,,,True,True,True,False,False
1191,ldm100,LDM100,fam_3a6b01fb82b2,1,singleton,family_fam_3a6b01fb82b2,1,other,99.58,99.58,10,105.0,False,,,True,D_CORE,False,,,,True,False,True,True,True
1192,ldm101,LDM101,fam_ab1b4fbb0550,1,singleton,family_fam_ab1b4fbb0550,1,other,99.59999999999998,99.6,10,105.0,False,,,True,D_CORE,False,,,,True,True,True,False,False
1193,ldm105,LDM105,fam_6170e24accfe,1,singleton,family_fam_6170e24accfe,1,other,99.62,99.62,10,105.0,False,,,True,D_CORE,False,,,,True,True,True,False,False
1194,ldm106,LDM106,fam_8a9b9c8319d7,1,singleton,family_fam_8a9b9c8319d7,1,other,99.62,99.62,10,105.0,False,,,True,D_CORE,False,,,,True,False,True,True,True
1195,ldm109,LDM109,fam_d6a66c54917f,1,singleton,family_fam_d6a66c54917f,1,other,99.54000000000002,99.54,10,105.0,False,,,True,D_CORE,False,,,,True,False,True,True,True
1196,ldm110,LDM110,fam_ff6308b7e5e9,1,singleton,family_fam_ff6308b7e5e9,1,other,99.61,99.61,10,105.0,False,,,True,D_CORE,False,,,,True,False,True,True,True
1197,ldm112,LDM112,fam_5fae2f47dee4,1,singleton,family_fam_5fae2f47dee4,1,other,99.81,99.81,10,105.0,False,,,True,D_CORE,False,,,,True,True,True,False,False
1198,ldm113,LDM113,fam_8df9afdfe18e,1,singleton,family_fam_8df9afdfe18e,1,other,98.75,98.75,10,105.0,False,,,True,D_CORE,False,,,,True,False,True,True,True
1199,ldm146,LDM146,fam_59d2f7d4d44d,1,singleton,family_fam_59d2f7d4d44d,1,other,99.56999999999998,99.57,10,105.0,False,,,True,D_CORE,False,,,,True,False,True,True,True
1200,ldm148,LDM148,fam_74606610dd82,1,singleton,family_fam_74606610dd82,1,other,99.57999999999998,99.58,10,105.0,False,,,True,D_CORE,False,,,,True,False,True,True,True
1201,ldm150,LDM150,fam_7f466de2291e,1,singleton,family_fam_7f466de2291e,1,other,99.55999999999997,99.56,10,105.0,False,,,True,D_CORE,False,,,,True,False,True,True,True
1202,ldm153,LDM153,fam_aa633db64aa4,1,singleton,family_fam_aa633db64aa4,1,other,99.58999999999999,99.59,10,105.0,False,,,True,D_CORE,False,,,,True,True,True,False,False
1203,ldm155,LDM155,fam_38d83a3c6b7d,1,singleton,family_fam_38d83a3c6b7d,1,other,99.59,99.59,10,105.0,False,,,True,D_CORE,False,,,,True,True,True,False,False
1204,ldm156,LDM156,fam_2271f63d0052,1,singleton,family_fam_2271f63d0052,1,other,99.59999999999998,99.6,10,105.0,False,,,True,D_CORE,False,,,,True,True,True,False,False
1205,ldm158,LDM158,fam_56d14c8bfd18,1,singleton,family_fam_56d14c8bfd18,1,other,99.61999999999999,99.62,10,105.0,False,,,True,D_CORE,False,,,,True,True,True,False,False
1206,ldm159,LDM159,fam_d619c66617b0,1,singleton,family_fam_d619c66617b0,1,other,99.58999999999999,99.59,10,105.0,False,,,True,D_CORE,False,,,,True,False,True,True,True
1207,ldm161,LDM161,fam_30ba1a02cc34,1,singleton,family_fam_30ba1a02cc34,1,other,99.60000000000001,99.6,10,105.0,False,,,True,D_CORE,False,,,,True,False,True,True,True
1208,ldm162,LDM162,fam_ae079c798f50,1,singleton,family_fam_ae079c798f50,1,other,99.57000000000002,99.57,10,105.0,False,,,True,D_CORE,False,,,,True,False,True,True,True
1209,ldm164,LDM164,fam_a1a5e1c50239,1,singleton,family_fam_a1a5e1c50239,1,other,99.58,99.58,10,105.0,False,,,True,D_CORE,False,,,,True,False,True,True,True
1210,ldm166,LDM166,fam_89c661d90230,1,singleton,family_fam_89c661d90230,1,other,99.59000000000002,99.59,10,105.0,False,,,True,D_CORE,False,,,,True,False,True,True,True
1211,ldm175,LDM175,fam_6db9a64a5841,1,singleton,family_fam_6db9a64a5841,1,other,99.53999999999999,99.54,10,105.0,False,,,True,D_CORE,False,,,,True,False,True,True,True
1212,ldm176,LDM176,fam_925b9afe747c,1,singleton,family_fam_925b9afe747c,1,other,99.62,99.62,10,105.0,False,,,True,D_CORE,False,,,,True,False,True,True,True
1213,ldm178,LDM178,fam_565ef48e1964,1,singleton,family_fam_565ef48e1964,1,other,99.61000000000003,99.61,10,105.0,False,,,True,D_CORE,False,,,,True,False,True,True,True
1214,ldm181,LDM181,fam_5c4c4ced233f,1,singleton,family_fam_5c4c4ced233f,1,other,99.56,99.56,10,105.0,False,,,True,D_CORE,False,,,,True,False,True,True,True
1215,ldm186,LDM186,fam_ed9b5f0fa611,1,singleton,family_fam_ed9b5f0fa611,1,other,99.60000000000001,99.6,10,105.0,False,,,True,D_CORE,False,,,,True,True,True,False,False
1216,ldm194,LDM194,fam_5dfcf2d0f564,1,singleton,family_fam_5dfcf2d0f564,1,other,99.58999999999999,99.59,10,105.0,False,,,True,D_CORE,False,,,,True,True,True,False,False
1217,ldm198,LDM198,fam_ed58a09d3899,1,singleton,family_fam_ed58a09d3899,1,other,99.56000000000002,99.56,10,105.0,False,,,True,D_CORE,False,,,,True,True,True,False,False
1218,ldm211,LDM211,fam_fa6af4aa0011,1,singleton,family_fam_fa6af4aa0011,1,other,99.55,99.55,10,105.0,False,,,True,D_CORE,False,,,,True,True,True,False,False
1219,ldm214,LDM214,fam_2d59d06bebb7,1,singleton,family_fam_2d59d06bebb7,1,other,99.58,99.58,10,105.0,False,,,True,D_CORE,False,,,,True,True,True,False,False
1220,ldm218a,LDM218A,fam_082671709053,1,singleton,family_fam_082671709053,1,other,99.56999999999998,99.57,10,105.0,False,,,True,D_CORE,False,,,,True,True,True,False,False
1221,ldm221,LDM221,fam_024cbbd6d78f,1,singleton,family_fam_024cbbd6d78f,1,other,99.62999999999998,99.63,10,105.0,False,,,True,D_CORE,False,,,,True,True,True,False,False
1222,ldm225,LDM225,fam_3be9051f48a4,1,singleton,family_fam_3be9051f48a4,1,other,99.57,99.57,10,105.0,False,,,True,D_CORE,False,,,,True,True,True,False,False
1223,ldm228,LDM228,fam_8ba1e3026a11,1,singleton,family_fam_8ba1e3026a11,1,other,99.63,99.63,10,105.0,False,,,True,D_CORE,False,,,,True,True,True,False,False
1224,ldm229,LDM229,fam_bc7769c99768,1,singleton,family_fam_bc7769c99768,1,other,99.57,99.57,10,105.0,False,,,True,D_CORE,False,,,,True,True,True,False,False
1225,ldm230,LDM230,fam_69e7d5a21266,1,singleton,family_fam_69e7d5a21266,1,other,99.59000000000002,99.59,10,105.0,False,,,True,D_CORE,False,,,,True,True,True,False,False
1226,ldm231,LDM231,fam_85dc44d48c1c,1,singleton,family_fam_85dc44d48c1c,1,other,99.61,99.61,10,105.0,False,,,True,D_CORE,False,,,,True,True,True,False,False
1227,ldm233,LDM233,fam_72a67af7a9f8,1,singleton,family_fam_72a67af7a9f8,1,other,99.35999999999999,99.36,10,105.0,False,,,True,D_CORE,False,,,,True,True,True,False,False
1228,ldm238,LDM238,fam_42004c6cd824,1,singleton,family_fam_42004c6cd824,1,other,99.74000000000001,99.74,10,105.0,False,,,True,D_CORE,False,,,,True,True,True,False,False
1229,ldm240,LDM240,fam_b252be9fb7e8,1,singleton,family_fam_b252be9fb7e8,1,other,100.0,100.0,10,105.0,False,,,True,D_CORE,False,,,,True,True,True,False,False
1230,ldm244,LDM244,fam_6d6c489d4ae1,1,singleton,family_fam_6d6c489d4ae1,1,other,100.25,100.25,10,105.0,False,,,True,D_CORE,False,,,,True,True,True,False,False
1231,ldm245,LDM245,fam_1fd373e64ae9,1,singleton,family_fam_1fd373e64ae9,1,other,99.55,99.55,10,105.0,False,,,True,D_CORE,False,,,,True,True,True,False,False
1232,ldm250,LDM250,fam_2ce57816f802,1,singleton,family_fam_2ce57816f802,1,other,99.63,99.63,10,105.0,False,,,True,D_CORE,False,,,,True,True,True,False,False
1233,ldm268,LDM268,fam_bc39f50c45cd,1,singleton,family_fam_bc39f50c45cd,1,other,99.96000000000001,99.96,10,105.0,False,,,True,D_CORE,False,,,,True,True,True,False,False
1234,ldm270,LDM270,fam_2b8ac9964824,1,singleton,family_fam_2b8ac9964824,1,other,99.92,99.92,10,105.0,False,,,True,D_CORE,False,,,,True,True,True,False,False
1235,ldm271,LDM271,fam_836ffc356c7f,1,singleton,family_fam_836ffc356c7f,1,other,100.44999999999999,100.45,10,105.0,False,,,True,D_CORE,False,,,,True,True,True,False,False
1236,ldm274,LDM274,fam_3fcb2e80decc,1,singleton,family_fam_3fcb2e80decc,1,other,100.53,100.53,10,105.0,False,,,True,D_CORE,False,,,,True,True,True,False,False
1237,ldm55,LDM55,fam_6c1ddcf099bc,1,singleton,family_fam_6c1ddcf099bc,1,other,99.64,99.64,10,105.0,False,,,True,D_CORE,False,,,,True,True,True,False,False
1238,ldm65,LDM65,fam_d7ca5f69e9d7,1,singleton,family_fam_d7ca5f69e9d7,1,other,99.64000000000003,99.64,10,105.0,False,,,True,D_CORE,False,,,,True,True,True,False,False
1239,ldm7,LDM7,fam_4c5ef3c72a26,1,singleton,family_fam_4c5ef3c72a26,1,other,99.29,99.29,10,105.0,False,,,True,D_CORE,False,,,,True,True,True,False,False
1240,ldm74,LDM74,fam_a25fbb5f5185,1,singleton,family_fam_a25fbb5f5185,1,other,99.64999999999999,99.65,10,105.0,False,,,True,D_CORE,False,,,,True,True,True,False,False
1241,ldm78,LDM78,fam_36a12537728d,1,singleton,family_fam_36a12537728d,1,other,99.64999999999998,99.65,10,105.0,False,,,True,D_CORE,False,,,,True,True,True,False,False
1242,ldm8,LDM8,fam_f54033d8f194,1,singleton,family_fam_f54033d8f194,1,other,99.90999999999998,99.91,10,105.0,False,,,True,D_CORE,False,,,,True,True,True,False,False
1243,ldm81,LDM81,fam_ea65608d7710,1,singleton,family_fam_ea65608d7710,1,other,99.61,99.61,10,105.0,False,,,True,D_CORE,False,,,,True,True,True,False,False
1244,ldm83,LDM83,fam_6093382d5f82,1,singleton,family_fam_6093382d5f82,1,other,99.61999999999999,99.62,10,105.0,False,,,True,D_CORE,False,,,,True,True,True,False,False
1245,ldm85,LDM85,fam_9bd97f8301cb,1,singleton,family_fam_9bd97f8301cb,1,other,99.64000000000001,99.64,10,105.0,False,,,True,D_CORE,False,,,,True,True,True,False,False
1246,ldm86,LDM86,fam_35065445d067,1,singleton,family_fam_35065445d067,1,other,99.61,99.61,10,105.0,False,,,True,D_CORE,False,,,,True,True,True,False,False
1247,ldm88,LDM88,fam_0582fdccd1fd,1,singleton,family_fam_0582fdccd1fd,1,other,99.95,99.95,10,105.0,False,,,True,D_CORE,False,,,,True,True,True,False,False
1248,ldm89,LDM89,fam_5cf25a5948e9,1,singleton,family_fam_5cf25a5948e9,1,other,99.31,99.31,10,105.0,False,,,True,D_CORE,False,,,,True,True,True,False,False
1249,ldm9,LDM9,fam_6ea41e8f3ffd,1,singleton,family_fam_6ea41e8f3ffd,1,other,99.47,99.47,10,105.0,False,,,True,D_CORE,False,,,,True,True,True,False,False
1250,ldm91,LDM91,fam_aeeb888aef96,1,singleton,family_fam_aeeb888aef96,1,other,99.57999999999998,99.58,10,105.0,False,,,True,D_CORE,False,,,,True,True,True,False,False
1251,ldm92,LDM92,fam_b002d692c88f,1,singleton,family_fam_b002d692c88f,1,other,99.61999999999999,99.62,10,105.0,False,,,True,D_CORE,False,,,,True,True,True,False,False
1252,ldm93,LDM93,fam_5545d0d42d7e,1,singleton,family_fam_5545d0d42d7e,1,other,99.64000000000001,99.64,10,105.0,False,,,True,D_CORE,False,,,,True,True,True,False,False
1253,ldm94,LDM94,fam_fd8aae5782d4,1,singleton,family_fam_fd8aae5782d4,1,other,99.55999999999999,99.56,10,105.0,False,,,True,D_CORE,False,,,,True,True,True,False,False
1254,ldm95,LDM95,fam_077e97dc1513,1,singleton,family_fam_077e97dc1513,1,other,99.63,99.63,10,105.0,False,,,True,D_CORE,False,,,,True,True,True,False,False
1255,lean901,LEAN901,fam_f30029b37ab8,1,singleton,family_fam_f30029b37ab8,1,other,100.22999999999999,100.23,10,105.0,False,,,True,D_CORE,False,,,,True,True,True,False,False
1256,lksd2,LKSD2,fam_4f595ab73046,1,singleton,family_fam_4f595ab73046,1,other,87.0,87.0,10,105.0,False,,,True,T_IN,True,0.4322301108762474,0.37127046482726517,0.7359873590119594,True,True,True,False,False
1257,lksd4,LKSD4,fam_6a10c38814a1,1,singleton,family_fam_6a10c38814a1,1,other,56.599999999999994,56.6,10,105.0,False,,,True,D_CORE,True,,,,False,True,False,False,False
1258,loistd,LOISTD,fam_0632214273af,1,singleton,family_fam_0632214273af,1,other,59.25,59.25,10,105.0,False,,,True,T_OOD,True,6.281025737898387,4.227785520588708,1.7978690132164634,True,True,True,False,False
1259,lp11,LP11,fam_b4a26c06e10d,1,singleton,family_fam_b4a26c06e10d,1,other,99.21000000000001,99.21,9,105.0,False,,,True,D_CORE,True,,,,True,True,False,False,False
1260,lp20,LP20,fam_844796b7a465,1,singleton,family_fam_844796b7a465,1,other,100.04,100.04,9,105.0,False,,,True,V_IN,True,0.5799509274752888,0.48082885466561104,0.60795342866726,True,True,True,False,False
1261,lp28,LP28,fam_e503a2c033cf,1,singleton,family_fam_e503a2c033cf,1,other,99.41,99.41,9,105.0,False,,,True,V_IN,True,0.5989216669788807,0.43416243768687796,1.0024274805361855,True,True,True,False,False
1262,lp30,LP30,fam_fc7ef7474c8f,1,singleton,family_fam_fc7ef7474c8f,1,other,100.14000000000001,100.14,9,105.0,False,,,True,V_IN,True,0.9824956823655565,0.7638244396952777,0.9918234270129798,True,True,True,False,False
1263,lp4,LP4,fam_7ba99616c9dd,1,singleton,family_fam_7ba99616c9dd,1,other,99.61,99.61,9,105.0,False,,,True,V_OOD,True,1.4387708199116855,1.0949401406252968,1.1015774237601617,True,True,True,False,False
1264,m0952,M0952,fam_811346238c51,1,singleton,family_fam_811346238c51,1,other,100.57000000000001,100.57,10,105.0,False,,,True,D_CORE,False,,,,True,True,False,False,False
1265,m1,M1,fam_2ca52aab2dde,2,name_alias,family_fam_2ca52aab2dde,2,other,98.47000000000001,98.47,10,105.0,False,,,True,T_IN,True,,,,True,False,True,True,True
1266,m10,M10,fam_86ef3e57fc04,1,singleton,family_fam_86ef3e57fc04,1,other,98.62,98.62,10,105.0,False,,,True,D_CORE,True,,,,True,False,True,True,True
1267,m11,M11,fam_2a8a5067db2a,2,exact_chemistry,family_fam_2a8a5067db2a,2,other,96.96999999999998,96.97,10,105.0,False,,,True,D_CORE,True,,,,True,False,True,True,True
1268,m11hag,M11HAG,fam_2a8a5067db2a,2,exact_chemistry,family_fam_2a8a5067db2a,2,other,96.96999999999998,96.97,10,105.0,False,,,True,D_CORE,True,,,,False,True,False,False,False
1269,m12,M12,fam_be82ee73999e,2,name_alias,family_fam_be82ee73999e,2,other,98.82000000000001,98.82,10,105.0,False,,,True,D_CORE,True,,,,True,False,True,True,True
1270,m12mt,M12MT,fam_be82ee73999e,2,name_alias,family_fam_be82ee73999e,2,other,96.95,96.95,10,105.0,False,,,True,D_CORE,True,1.1755694704189146,0.7720308745388502,0.0,True,True,True,False,False
1271,m13,M13,fam_b254e964f522,1,singleton,family_fam_b254e964f522,1,other,98.91000000000001,98.91,10,105.0,False,,,True,D_CORE,True,,,,True,False,True,True,True
1272,m1a,M1A,fam_0ebc5b91e663,1,singleton,family_fam_0ebc5b91e663,1,other,98.64,98.64,10,105.0,False,,,True,D_CORE,True,,,,True,False,True,True,True
1273,m1mt,M1MT,fam_2ca52aab2dde,2,name_alias,family_fam_2ca52aab2dde,2,other,96.79,96.79,10,105.0,False,,,True,T_IN,True,0.7544174075912541,0.516525478753675,0.6894635288147313,True,True,True,False,False
1274,m2,M2,fam_cf4df5d592bd,2,name_alias,family_fam_cf4df5d592bd,2,other,98.02000000000001,98.02,10,105.0,False,,,True,D_CORE,True,,,,True,False,True,True,True
1275,m2mt,M2MT,fam_cf4df5d592bd,2,name_alias,family_fam_cf4df5d592bd,2,other,96.75999999999999,96.76,10,105.0,False,,,True,A_SHOT_VAL,True,1.0864498806124372,0.799662540888744,0.0,True,True,True,False,False
1276,m31,M31,fam_0efbd5c1f34a,1,singleton,family_fam_0efbd5c1f34a,1,other,97.92000000000002,97.92,10,105.0,False,,,True,D_CORE,True,,,,True,False,True,True,True
1277,m32,M32,fam_a0b29a548b58,1,singleton,family_fam_a0b29a548b58,1,other,98.67999999999999,98.68,10,105.0,False,,,True,A_SHOT_VAL,True,,,,True,False,True,True,True
1278,m34,M34,fam_0f551afc64ec,1,singleton,family_fam_0f551afc64ec,1,other,98.74999999999999,98.75,10,105.0,False,,,True,D_CORE,True,,,,True,False,True,True,True
1279,m3mt,M3MT,fam_d4487c2cf3bd,1,singleton,family_fam_d4487c2cf3bd,1,other,96.13,96.13,10,105.0,False,,,True,T_OOD,True,1.4500589843399667,0.9160871954020784,0.6500196969889017,True,True,True,False,False
1280,m4,M4,fam_1300d3fbca0a,2,name_alias,family_fam_1300d3fbca0a,2,other,98.28000000000002,98.28,10,105.0,False,,,True,D_CORE,True,,,,True,False,True,True,True
1281,m4mt,M4MT,fam_1300d3fbca0a,2,name_alias,family_fam_1300d3fbca0a,2,other,93.49,93.49,10,105.0,False,,,True,D_CORE,True,1.2165594444626553,0.8401711180905623,0.0,True,True,True,False,False
1282,m5,M5,fam_a2b45f72ff12,2,name_alias,family_fam_a2b45f72ff12,2,other,98.60000000000001,98.6,10,105.0,False,,,True,D_CORE,True,,,,True,False,True,True,True
1283,m5a,M5A,fam_3c10e6991754,1,singleton,family_fam_3c10e6991754,1,other,98.07999999999998,98.08,10,105.0,False,,,True,D_CORE,True,,,,True,False,True,True,True
1284,m5mt,M5MT,fam_a2b45f72ff12,2,name_alias,family_fam_a2b45f72ff12,2,other,95.71000000000001,95.71,10,105.0,False,,,True,D_CORE,True,1.2812799259089886,0.8756894424601288,0.0,True,True,True,False,False
1285,m6,M6,fam_2bdbba7d01dd,3,name_alias+exact_chemistry,family_fam_2bdbba7d01dd,3,other,98.89,98.89,10,105.0,False,,,True,V_OOD,True,,,,True,False,True,True,True
1286,m6hag,M6HAG,fam_2bdbba7d01dd,3,exact_chemistry,family_fam_2bdbba7d01dd,3,other,98.89,98.89,10,105.0,False,,,True,V_OOD,True,,,,False,False,True,False,False
1287,m6mt,M6MT,fam_2bdbba7d01dd,3,name_alias,family_fam_2bdbba7d01dd,3,other,95.02,95.02,10,105.0,False,,,True,V_OOD,True,1.4997118082948409,0.9993530871370014,0.7679931980541618,True,True,True,False,False
1288,m7,M7,fam_5ed70c6bcd0f,2,name_alias,family_fam_5ed70c6bcd0f,2,other,98.65000000000002,98.65,10,105.0,False,,,True,D_CORE,True,,,,True,False,True,True,True
1289,m7mt,M7MT,fam_5ed70c6bcd0f,2,name_alias,family_fam_5ed70c6bcd0f,2,other,96.35000000000001,96.35,10,105.0,False,,,True,D_CORE,True,1.1406223988952067,0.7578777010958355,0.0,True,True,True,False,False
1290,m8,M8,fam_6b04ba1ee218,2,name_alias,family_fam_6b04ba1ee218,2,other,98.23999999999998,98.24,10,105.0,False,,,True,D_CORE,True,,,,True,False,True,True,True
1291,m8mt,M8MT,fam_6b04ba1ee218,2,name_alias,family_fam_6b04ba1ee218,2,other,96.1,96.1,10,105.0,False,,,True,D_CORE,True,1.3174162068760555,0.9940647889533215,0.0,True,True,True,False,False
1292,m9,M9,fam_60018f217759,1,singleton,family_fam_60018f217759,1,other,98.05000000000001,98.05,10,105.0,False,,,True,D_CORE,True,,,,True,False,True,True,True
1293,m98973,M98973,fam_b3bfe3dc7737,1,singleton,family_fam_b3bfe3dc7737,1,other,87.85,87.85,8,105.0,False,,,True,D_CORE,False,,,,True,True,True,False,False
1294,m9a1,M9A1,fam_5c39771f2cb3,1,singleton,family_fam_5c39771f2cb3,1,other,98.88,98.88,10,105.0,False,,,True,D_CORE,True,,,,True,False,True,True,True
1295,m9a2,M9A2,fam_ea626cab3d14,1,singleton,family_fam_ea626cab3d14,1,other,98.2,98.2,10,105.0,False,,,True,D_CORE,True,,,,True,False,True,True,True
1296,m9a4,M9A4,fam_facabfd5b5b1,1,singleton,family_fam_facabfd5b5b1,1,other,98.55,98.55,10,105.0,False,,,True,D_CORE,True,,,,True,False,True,True,True
1297,m9a5,M9A5,fam_b433771bc8e1,1,singleton,family_fam_b433771bc8e1,1,other,98.19,98.19,10,105.0,False,,,True,D_CORE,True,,,,True,False,True,True,True
1298,m9a7,M9A7,fam_c98832a787b8,1,singleton,family_fam_c98832a787b8,1,other,98.24999999999999,98.25,10,105.0,False,,,True,D_CORE,True,,,,True,False,True,True,True
1299,ma206a,MA206A,fam_ec88203efeeb,1,singleton,family_fam_ec88203efeeb,1,other,100.41000000000001,100.41,10,105.0,False,,,True,D_CORE,True,,,,False,True,False,False,False
1300,ma217b,MA217B,fam_8e2907530c93,3,exact_chemistry,family_fam_8e2907530c93,3,other,100.29000000000002,100.29,10,105.0,False,,,True,T_OOD,True,1.5921635354784147,1.1453028743318303,0.575384889454121,True,True,True,False,False
1301,mag1,MAG1,fam_784db85c2dc4,5,name_alias+exact_chemistry,family_fam_784db85c2dc4,5,other,86.71000000000001,86.71,10,105.0,False,,,True,D_CORE,True,0.644365322004315,0.48095193143727455,0.0,True,True,True,False,False
1302,mag1ma,MAG1MA,fam_784db85c2dc4,5,name_alias+exact_chemistry,family_fam_784db85c2dc4,5,other,86.71000000000001,86.71,10,105.0,False,,,True,D_CORE,True,0.644365322004315,0.48095193143727455,0.0,True,True,True,False,False
1303,mag1mb,MAG1MB,fam_784db85c2dc4,5,name_alias+exact_chemistry,family_fam_784db85c2dc4,5,other,86.71000000000001,86.71,10,105.0,False,,,True,D_CORE,True,0.644365322004315,0.48095193143727455,0.0,True,True,True,False,False
1304,mag1mc,MAG1MC,fam_784db85c2dc4,5,name_alias+exact_chemistry,family_fam_784db85c2dc4,5,other,86.71000000000001,86.71,10,105.0,False,,,True,D_CORE,True,0.644365322004315,0.48095193143727455,0.0,True,True,True,False,False
1305,mag1md,MAG1MD,fam_784db85c2dc4,5,name_alias+exact_chemistry,family_fam_784db85c2dc4,5,other,86.71000000000001,86.71,10,105.0,False,,,True,D_CORE,True,0.644365322004315,0.48095193143727455,0.0,True,True,True,False,False
1306,maine,MAINE,fam_9bb5e4c53ec6,1,singleton,family_fam_9bb5e4c53ec6,1,other,99.79,99.79,9,105.0,False,,,True,A_SHOT_VAL,True,0.9496322730553186,0.7790726761252965,0.0,True,True,True,False,False
1307,makuku,MAKUKU,fam_686613cca3c4,1,singleton,family_fam_686613cca3c4,1,other,99.25999999999998,99.26,10,105.0,False,,,True,D_CORE,True,,,,True,False,True,True,True
1308,mc,MC,fam_dcab2065d594,1,singleton,family_fam_dcab2065d594,1,other,93.71,93.71,9,105.0,False,,,True,T_OOD,True,1.996270091925556,1.2867484652995371,1.5121644767710238,True,True,True,False,False
1309,melanterite,MELANTERITE,fam_e9e8cb528da6,1,singleton,family_fam_e9e8cb528da6,1,other,87.91000000000001,87.91,10,105.0,False,,,True,D_CORE,False,,,,True,True,True,False,False
1310,metavoltine,METAVOLTINE,fam_0eecd36b10a7,1,singleton,family_fam_0eecd36b10a7,1,other,64.96999999999998,64.97,9,105.0,False,,,True,D_CORE,False,,,,True,True,True,False,False
1311,mf297,MF297,fam_bbf7c7b8529d,1,singleton,family_fam_bbf7c7b8529d,1,other,86.48,86.48,10,105.0,False,,,True,D_CORE,True,,,,False,True,False,False,False
1312,mg0a,MG0A,fam_7c0230a4845e,1,singleton,family_fam_7c0230a4845e,1,other,100.03,100.03,10,105.0,False,,,True,D_CORE,True,0.6530319487104168,0.45565890558631233,0.0,True,True,True,False,False
1313,mg1a,MG1A,fam_e0e140ef3e53,2,name_alias,family_fam_e0e140ef3e53,2,other,100.24000000000001,100.24,10,105.0,False,,,True,D_CORE,True,0.6507697271293027,0.4855577912128493,0.0,True,True,True,False,False
1314,mg1b,MG1B,fam_e0e140ef3e53,2,name_alias,family_fam_e0e140ef3e53,2,other,100.08,100.08,10,105.0,False,,,True,D_CORE,True,0.6886981301170803,0.5377164532103771,0.0,True,True,True,False,False
1315,mg2,MG2,fam_8e1009469406,2,name_alias,family_fam_8e1009469406,2,other,100.21,100.21,10,105.0,False,,,True,D_CORE,True,0.6223270433790513,0.4511965051072032,0.0,True,True,True,False,False
1316,mg2b,MG2B,fam_8e1009469406,2,name_alias,family_fam_8e1009469406,2,other,100.18,100.18,10,105.0,False,,,True,D_CORE,True,0.6823767596468842,0.5181666260560456,0.0,True,True,True,False,False
1317,mg3,MG3,fam_8b6ed963aa88,1,singleton,family_fam_8b6ed963aa88,1,other,100.37999999999998,100.38,10,105.0,False,,,True,D_CORE,True,0.5741476733315796,0.4060738676292576,0.0,True,True,True,False,False
1318,mg4ak,MG4AK,fam_f403200ab548,1,singleton,family_fam_f403200ab548,1,other,99.44,99.44,10,105.0,False,,,True,D_CORE,True,0.4859767650947423,0.35818526702962206,0.0,True,True,True,False,False
1319,mg4b,MG4B,fam_9c8949785c9d,1,singleton,family_fam_9c8949785c9d,1,other,100.22,100.22,10,105.0,False,,,True,D_CORE,True,1.1597040887919112,0.853541239086243,0.0,True,True,True,False,False
1320,mg5a,MG5A,fam_321c8839689a,1,singleton,family_fam_321c8839689a,1,other,99.92000000000002,99.92,10,105.0,False,,,True,D_CORE,True,0.5706286378095602,0.3795920143957873,0.0,True,True,True,False,False
1321,mg6a,MG6A,fam_77ce660a5723,1,singleton,family_fam_77ce660a5723,1,other,100.08,100.08,10,105.0,False,,,True,D_CORE,True,0.5625072751460795,0.37190154095177824,0.0,True,True,True,False,False
1322,mg7a,MG7A,fam_c9c916e43d75,1,singleton,family_fam_c9c916e43d75,1,other,100.13999999999999,100.14,10,105.0,False,,,True,D_CORE,True,0.6659131291435761,0.43664106913656164,0.0,True,True,True,False,False
1323,mg8a,MG8A,fam_deeedd1f08b6,1,singleton,family_fam_deeedd1f08b6,1,other,100.17,100.17,10,105.0,False,,,True,D_CORE,True,0.6592685294692175,0.44771787155420306,0.0,True,True,True,False,False
1324,mhc86276,MHC86276,fam_49a50b282593,1,singleton,family_fam_49a50b282593,1,other,83.66000000000003,83.66,9,105.0,False,,,True,D_CORE,False,,,,True,True,True,False,False
1325,mi1,MI1,fam_f5a304a781dc,1,singleton,family_fam_f5a304a781dc,1,other,96.68,96.68,10,105.0,False,,,True,D_CORE,False,,,,True,True,True,False,False
1326,mi4,MI4,fam_e4de4c59bd82,1,singleton,family_fam_e4de4c59bd82,1,other,94.3,94.3,10,105.0,False,,,True,D_CORE,False,,,,True,True,True,False,False
1327,mi5,MI5,fam_9cd1d8663918,1,singleton,family_fam_9cd1d8663918,1,other,94.54,94.54,10,105.0,False,,,True,D_CORE,False,,,,True,True,True,False,False
1328,micafe,MICAFE,fam_f92f19b7f25d,1,singleton,family_fam_f92f19b7f25d,1,other,75.87,75.87,10,105.0,False,,,True,T_OOD,True,1.9891519603739884,1.4839722223729273,2.2094506350028755,True,True,True,False,False
1329,micamg,MICAMG,fam_81cc3d9d9fa5,1,singleton,family_fam_81cc3d9d9fa5,1,other,87.97999999999999,87.98,10,105.0,False,,,True,T_OOD,True,1.8485418660172623,1.2926287780293986,1.95713131406234,True,True,True,False,False
1330,mix100,MIX100,fam_d3a60dfb5926,3,exact_chemistry,series_mix,320,mixture,109.23,109.23,10,105.0,True,nonclosed_mixture,major_oxide_sum_gt_105:109.23,False,STRESS_NONCLOSED_MIXTURE,True,,,,True,True,True,False,False
1331,mix101,MIX101,fam_d3a60dfb5926,3,exact_chemistry,series_mix,320,mixture,109.23,109.23,10,105.0,True,nonclosed_mixture,major_oxide_sum_gt_105:109.23,False,STRESS_NONCLOSED_MIXTURE,True,,,,True,True,True,False,False
1332,mix104,MIX104,fam_3e380bab5403,3,exact_chemistry,series_mix,320,mixture,98.88,98.88,10,105.0,False,,,True,V_OOD,True,5.340541354330615,3.1547601747390686,3.491241997454224,True,True,True,False,False
1333,mix105,MIX105,fam_3e380bab5403,3,exact_chemistry,series_mix,320,mixture,99.51999999999998,99.52,10,105.0,False,,,True,V_OOD,True,5.340541354330615,3.1547601747390686,3.491241997454224,True,True,True,False,False
1334,mix107,MIX107,fam_3e380bab5403,3,exact_chemistry,series_mix,320,mixture,98.88,98.88,10,105.0,False,,,True,V_OOD,True,5.340541354330615,3.1547601747390686,3.491241997454224,True,True,True,False,False
1335,mix109,MIX109,fam_1a436e6dcbb4,1,singleton,series_mix,320,mixture,99.4,99.4,10,105.0,False,,,True,D_CORE,True,0.8617634156066283,0.5027499374126009,0.0,True,True,True,False,False
1336,mix11,MIX11,fam_8836bfeb5b98,1,singleton,series_mix,320,mixture,89.72999999999999,89.73,10,105.0,False,,,True,D_CORE,True,0.9905821738895532,0.8103737291718938,0.0,True,True,True,False,False
1337,mix110,MIX110,fam_72f44f13c305,4,exact_chemistry,series_mix,320,mixture,99.4,99.4,10,105.0,False,,,True,D_CORE,True,0.19501424358661948,0.1406609696691257,0.0,True,True,True,False,False
1338,mix111,MIX111,fam_72f44f13c305,4,exact_chemistry,series_mix,320,mixture,99.81000000000002,99.81,10,105.0,False,,,True,A_SHOT_VAL,True,0.19501424358661948,0.1406609696691257,0.0,True,True,True,False,False
1339,mix112,MIX112,fam_72f44f13c305,4,exact_chemistry,series_mix,320,mixture,99.4,99.4,10,105.0,False,,,True,D_CORE,True,0.19501424358661948,0.1406609696691257,0.0,True,True,True,False,False
1340,mix113,MIX113,fam_72f44f13c305,4,exact_chemistry,series_mix,320,mixture,99.4,99.4,10,105.0,False,,,True,D_CORE,True,0.19501424358661948,0.1406609696691257,0.0,True,True,True,False,False
1341,mix114,MIX114,fam_87af781a46a1,1,singleton,series_mix,320,mixture,99.41999999999997,99.42,10,105.0,False,,,True,V_IN,True,0.7626609943560119,0.6587380544934688,0.8071977294861119,True,True,True,False,False
1342,mix115,MIX115,fam_65772d47db08,1,singleton,series_mix,320,mixture,99.25999999999998,99.26,10,105.0,False,,,True,A_SEEN_TEST,True,1.128979570043492,0.9104641442931715,0.0,True,True,True,False,False
1343,mix116,MIX116,fam_8f1dce81eb5c,4,exact_chemistry,series_mix,320,mixture,99.25999999999998,99.26,10,105.0,False,,,True,D_CORE,True,0.96083787805113,0.7963120684265448,0.0,True,True,True,False,False
1344,mix117,MIX117,fam_8f1dce81eb5c,4,exact_chemistry,series_mix,320,mixture,99.65999999999998,99.66,10,105.0,False,,,True,D_CORE,True,0.96083787805113,0.7963120684265448,0.0,True,True,True,False,False
1345,mix118,MIX118,fam_8f1dce81eb5c,4,exact_chemistry,series_mix,320,mixture,99.25999999999998,99.26,10,105.0,False,,,True,D_CORE,True,0.96083787805113,0.7963120684265448,0.0,True,True,True,False,False
1346,mix119,MIX119,fam_8f1dce81eb5c,4,exact_chemistry,series_mix,320,mixture,99.25999999999998,99.26,10,105.0,False,,,True,D_CORE,True,0.96083787805113,0.7963120684265448,0.0,True,True,True,False,False
1347,mix120,MIX120,fam_a97e148671e3,1,singleton,series_mix,320,mixture,99.66,99.66,10,105.0,False,,,True,A_SEEN_TEST,True,0.8006339479328253,0.5498444836291528,0.0,True,True,True,False,False
1348,mix121,MIX121,fam_053ed520faa8,1,singleton,series_mix,320,mixture,99.89,99.89,10,105.0,False,,,True,A_SEEN_TEST,True,0.910620889367804,0.5830354512945527,0.0,True,True,True,False,False
1349,mix123,MIX123,fam_7297ba52d829,2,exact_chemistry,series_mix,320,mixture,100.23,100.23,10,105.0,False,,,True,D_CORE,True,0.5260679101508164,0.33046089170172555,0.0,True,True,True,False,False
1350,mix125,MIX125,fam_7297ba52d829,2,exact_chemistry,series_mix,320,mixture,99.89,99.89,10,105.0,False,,,True,D_CORE,True,0.5260679101508164,0.33046089170172555,0.0,True,True,True,False,False
1351,mix135,MIX135,fam_5168ad101723,2,exact_chemistry,series_mix,320,mixture,113.55,113.55,10,105.0,True,nonclosed_mixture,major_oxide_sum_gt_105:113.55,False,STRESS_NONCLOSED_MIXTURE,True,,,,True,True,True,False,False
1352,mix138,MIX138,fam_5168ad101723,2,exact_chemistry,series_mix,320,mixture,113.24000000000001,113.24,10,105.0,True,nonclosed_mixture,major_oxide_sum_gt_105:113.24,False,STRESS_NONCLOSED_MIXTURE,True,,,,True,True,True,False,False
1353,mix139,MIX139,fam_6b3da3980a03,1,singleton,series_mix,320,mixture,99.35999999999999,99.36,10,105.0,False,,,True,T_OOD,True,5.3588558699630315,3.182936352635095,3.5064853348571963,True,True,True,False,False
1354,mix14,MIX14,fam_73b11be8b372,3,exact_chemistry,series_mix,320,mixture,91.54,91.54,10,105.0,False,,,True,D_CORE,True,0.5194176248354584,0.36784586256321683,0.0,True,True,True,False,False
1355,mix140,MIX140,fam_ac2732959997,5,exact_chemistry,series_mix,320,mixture,99.35999999999999,99.36,10,105.0,False,,,True,T_OOD,True,5.34621121001769,3.163483029642261,3.4926226656294346,True,True,True,False,False
1356,mix141,MIX141,fam_ac2732959997,5,exact_chemistry,series_mix,320,mixture,99.72999999999999,99.73,10,105.0,False,,,True,T_OOD,True,5.34621121001769,3.163483029642261,3.4926226656294346,True,True,True,False,False
1357,mix142,MIX142,fam_ac2732959997,5,exact_chemistry,series_mix,320,mixture,99.35999999999999,99.36,10,105.0,False,,,True,T_OOD,True,5.34621121001769,3.163483029642261,3.4926226656294346,True,True,True,False,False
1358,mix143,MIX143,fam_ac2732959997,5,exact_chemistry,series_mix,320,mixture,99.35999999999999,99.36,10,105.0,False,,,True,T_OOD,True,5.34621121001769,3.163483029642261,3.4926226656294346,True,True,True,False,False
1359,mix144,MIX144,fam_ac2732959997,5,exact_chemistry,series_mix,320,mixture,99.35999999999999,99.36,10,105.0,False,,,True,T_OOD,True,5.34621121001769,3.163483029642261,3.4926226656294346,True,True,True,False,False
1360,mix145,MIX145,fam_aa09793a59dc,1,singleton,series_mix,320,mixture,99.67,99.67,10,105.0,False,,,True,V_IN,True,0.5658758690191662,0.34083885185773793,0.20991546067769232,True,True,True,False,False
1361,mix146,MIX146,fam_d7cb2fd7a559,5,exact_chemistry,series_mix,320,mixture,99.67,99.67,10,105.0,False,,,True,D_CORE,True,,,,True,False,True,False,False
1362,mix147,MIX147,fam_d7cb2fd7a559,5,exact_chemistry,series_mix,320,mixture,99.72,99.72,10,105.0,False,,,True,D_CORE,True,0.1966397193726287,0.1423006021769501,0.0,True,True,True,False,False
1363,mix148,MIX148,fam_d7cb2fd7a559,5,exact_chemistry,series_mix,320,mixture,99.67,99.67,10,105.0,False,,,True,D_CORE,True,0.1966397193726287,0.1423006021769501,0.0,True,True,True,False,False
1364,mix149,MIX149,fam_d7cb2fd7a559,5,exact_chemistry,series_mix,320,mixture,99.67,99.67,10,105.0,False,,,True,D_CORE,True,0.1966397193726287,0.1423006021769501,0.0,True,True,True,False,False
1365,mix15,MIX15,fam_73b11be8b372,3,exact_chemistry,series_mix,320,mixture,99.45,99.45,10,105.0,False,,,True,D_CORE,True,0.5194176248354584,0.36784586256321683,0.0,True,True,True,False,False
1366,mix150,MIX150,fam_d7cb2fd7a559,5,exact_chemistry,series_mix,320,mixture,99.67,99.67,10,105.0,False,,,True,D_CORE,True,0.1966397193726287,0.1423006021769501,0.0,True,True,True,False,False
1367,mix151,MIX151,fam_0e8d1f96fc21,1,singleton,series_mix,320,mixture,99.28,99.28,10,105.0,False,,,True,V_IN,True,0.9800432089058513,0.8258587312799622,0.34784130643163697,True,True,True,False,False
1368,mix152,MIX152,fam_a6e4bdafee1d,5,exact_chemistry,series_mix,320,mixture,99.28,99.28,10,105.0,False,,,True,D_CORE,True,0.967094539147658,0.8059377008827416,0.0,True,True,True,False,False
1369,mix153,MIX153,fam_a6e4bdafee1d,5,exact_chemistry,series_mix,320,mixture,99.34,99.34,10,105.0,False,,,True,D_CORE,True,0.967094539147658,0.8059377008827416,0.0,True,True,True,False,False
1370,mix154,MIX154,fam_a6e4bdafee1d,5,exact_chemistry,series_mix,320,mixture,99.28,99.28,10,105.0,False,,,True,D_CORE,True,,,,True,False,True,False,False
1371,mix155,MIX155,fam_a6e4bdafee1d,5,exact_chemistry,series_mix,320,mixture,99.28,99.28,10,105.0,False,,,True,A_SHOT_VAL,True,0.967094539147658,0.8059377008827416,0.0,True,True,True,False,False
1372,mix156,MIX156,fam_a6e4bdafee1d,5,exact_chemistry,series_mix,320,mixture,99.28,99.28,10,105.0,False,,,True,D_CORE,True,0.967094539147658,0.8059377008827416,0.0,True,True,True,False,False
1373,mix157,MIX157,fam_f820b233a8a9,1,singleton,series_mix,320,mixture,99.92999999999999,99.93,10,105.0,False,,,True,D_CORE,True,0.6624686952442371,0.4637663320240957,0.0,True,True,True,False,False
1374,mix158,MIX158,fam_fb6afc714ef4,5,exact_chemistry,series_mix,320,mixture,99.92999999999999,99.93,10,105.0,False,,,True,D_CORE,True,0.5246596277109699,0.3299384128283194,0.0,True,True,True,False,False
1375,mix159,MIX159,fam_fb6afc714ef4,5,exact_chemistry,series_mix,320,mixture,99.96,99.96,10,105.0,False,,,True,A_SHOT_VAL,True,0.5246596277109699,0.3299384128283194,0.0,True,True,True,False,False
1376,mix160,MIX160,fam_fb6afc714ef4,5,exact_chemistry,series_mix,320,mixture,99.92999999999999,99.93,10,105.0,False,,,True,D_CORE,True,0.5246596277109699,0.3299384128283194,0.0,True,True,True,False,False
1377,mix161,MIX161,fam_fb6afc714ef4,5,exact_chemistry,series_mix,320,mixture,99.92999999999999,99.93,10,105.0,False,,,True,D_CORE,True,0.5246596277109699,0.3299384128283194,0.0,True,True,True,False,False
1378,mix162,MIX162,fam_fb6afc714ef4,5,exact_chemistry,series_mix,320,mixture,99.92999999999999,99.93,10,105.0,False,,,True,D_CORE,True,0.5246596277109699,0.3299384128283194,0.0,True,True,True,False,False
1379,mix17,MIX17,fam_73b11be8b372,3,exact_chemistry,series_mix,320,mixture,91.54,91.54,10,105.0,False,,,True,D_CORE,True,0.5194176248354584,0.36784586256321683,0.0,True,True,True,False,False
1380,mix170,MIX170,fam_487fa85d6156,5,exact_chemistry,series_mix,320,mixture,112.99000000000002,112.99,10,105.0,True,nonclosed_mixture,major_oxide_sum_gt_105:112.99,False,STRESS_NONCLOSED_MIXTURE,True,,,,True,True,True,False,False
1381,mix171,MIX171,fam_487fa85d6156,5,exact_chemistry,series_mix,320,mixture,113.06000000000002,113.06,10,105.0,True,nonclosed_mixture,major_oxide_sum_gt_105:113.06,False,STRESS_NONCLOSED_MIXTURE,True,,,,True,True,True,False,False
1382,mix172,MIX172,fam_487fa85d6156,5,exact_chemistry,series_mix,320,mixture,112.99000000000002,112.99,10,105.0,True,nonclosed_mixture,major_oxide_sum_gt_105:112.99,False,STRESS_NONCLOSED_MIXTURE,True,,,,True,True,True,False,False
1383,mix173,MIX173,fam_487fa85d6156,5,exact_chemistry,series_mix,320,mixture,112.99000000000002,112.99,10,105.0,True,nonclosed_mixture,major_oxide_sum_gt_105:112.99,False,STRESS_NONCLOSED_MIXTURE,True,,,,True,True,True,False,False
1384,mix174,MIX174,fam_487fa85d6156,5,exact_chemistry,series_mix,320,mixture,112.99000000000002,112.99,10,105.0,True,nonclosed_mixture,major_oxide_sum_gt_105:112.99,False,STRESS_NONCLOSED_MIXTURE,True,,,,True,True,True,False,False
1385,mix175,MIX175,fam_3ec3b3249785,1,singleton,series_mix,320,mixture,99.42,99.42,10,105.0,False,,,True,V_OOD,True,5.198345603041519,3.0881913745141727,3.296360188697193,True,True,True,False,False
1386,mix176,MIX176,fam_14f1ced44f7a,5,exact_chemistry,series_mix,320,mixture,99.42,99.42,10,105.0,False,,,True,T_OOD,True,5.194508006339837,3.0822873795885086,3.270795434353232,True,True,True,False,False
1387,mix177,MIX177,fam_14f1ced44f7a,5,exact_chemistry,series_mix,320,mixture,99.48,99.48,10,105.0,False,,,True,T_OOD,True,5.194508006339837,3.0822873795885086,3.270795434353232,True,True,True,False,False
1388,mix178,MIX178,fam_14f1ced44f7a,5,exact_chemistry,series_mix,320,mixture,99.42,99.42,10,105.0,False,,,True,T_OOD,True,5.194508006339837,3.0822873795885086,3.270795434353232,True,True,True,False,False
1389,mix179,MIX179,fam_14f1ced44f7a,5,exact_chemistry,series_mix,320,mixture,99.42,99.42,10,105.0,False,,,True,T_OOD,True,5.194508006339837,3.0822873795885086,3.270795434353232,True,True,True,False,False
1390,mix180,MIX180,fam_14f1ced44f7a,5,exact_chemistry,series_mix,320,mixture,99.42,99.42,10,105.0,False,,,True,T_OOD,True,5.194508006339837,3.0822873795885086,3.270795434353232,True,True,True,False,False
1391,mix181,MIX181,fam_1e1df04f6d6b,1,singleton,series_mix,320,mixture,99.19999999999997,99.2,10,105.0,False,,,True,D_CORE,True,0.4563935772041577,0.28211692811808353,0.0,True,True,True,False,False
1392,mix182,MIX182,fam_00d31596df8e,1,singleton,series_mix,320,mixture,99.88999999999997,99.89,10,105.0,False,,,True,D_CORE,True,0.9559101599795211,0.808684458810324,0.0,True,True,True,False,False
1393,mix183,MIX183,fam_fe45d4a941bf,1,singleton,series_mix,320,mixture,99.08,99.08,10,105.0,False,,,True,D_CORE,True,,,,True,False,True,False,False
1394,mix185,MIX185,fam_6db51b0c995f,1,singleton,series_mix,320,mixture,98.99,98.99,10,105.0,False,,,True,T_OOD,True,7.1465518533736185,4.25250230672941,3.503630774932804,True,True,True,False,False
1395,mix186,MIX186,fam_23845a5de485,1,singleton,series_mix,320,mixture,99.08999999999999,99.09,10,105.0,False,,,True,T_OOD,True,5.358673551810943,3.182655863170343,3.5002621601555797,True,True,True,False,False
1396,mix187,MIX187,fam_87618bbe34d8,1,singleton,series_mix,320,mixture,99.5,99.5,10,105.0,False,,,True,D_CORE,True,0.34554729330449946,0.22544858003986948,0.0,True,True,True,False,False
1397,mix188,MIX188,fam_832699a960e7,1,singleton,series_mix,320,mixture,99.96999999999998,99.97,10,105.0,False,,,True,D_CORE,True,0.9632120988830177,0.789645187163658,0.0,True,True,True,False,False
1398,mix191,MIX191,fam_81e15c7e5be7,1,singleton,series_mix,320,mixture,81.74,81.74,10,105.0,False,,,True,T_OOD,True,7.231082003579877,4.291464159414479,3.2810939692897247,True,True,True,False,False
1399,mix192,MIX192,fam_d73f3ea22a84,1,singleton,series_mix,320,mixture,98.72000000000001,98.72,10,105.0,False,,,True,T_OOD,True,5.276799340311809,3.128002539329796,3.4077880948527333,True,True,True,False,False
1400,mix193,MIX193,fam_3a09b1788df2,1,singleton,series_mix,320,mixture,98.75,98.75,10,105.0,False,,,True,D_CORE,True,0.23058314085333637,0.1769011739055367,0.0,True,True,True,False,False
1401,mix194,MIX194,fam_24df116c3b4d,1,singleton,series_mix,320,mixture,101.38999999999999,101.39,10,105.0,False,,,True,V_IN,True,0.9017809767516393,0.7717261042414729,0.3159315301754597,True,True,True,False,False
1402,mix195,MIX195,fam_aa29cdac7277,1,singleton,series_mix,320,mixture,99.32000000000001,99.32,10,105.0,False,,,True,D_CORE,True,0.5416222085538114,0.35768280568646516,0.0,True,True,True,False,False
1403,mix197,MIX197,fam_39442c702b9a,1,singleton,series_mix,320,mixture,85.40999999999998,85.41,10,105.0,False,,,True,V_OOD,True,7.1659423198468595,4.259848107082364,3.4044454064816665,True,True,True,False,False
1404,mix198,MIX198,fam_34cbbcae32bc,1,singleton,series_mix,320,mixture,99.13000000000002,99.13,10,105.0,False,,,True,V_OOD,True,5.309975526277196,3.143623893932953,3.467821881637481,True,True,True,False,False
1405,mix199,MIX199,fam_a239cfa45c4b,1,singleton,series_mix,320,mixture,98.87999999999998,98.88,10,105.0,False,,,True,A_SHOT_VAL,True,0.20440818966760405,0.15511319440910196,0.0,True,True,True,False,False
1406,mix2,MIX2,fam_5e284e895ddd,3,exact_chemistry,series_mix,320,mixture,89.30000000000001,89.3,10,105.0,False,,,True,V_IN,True,0.3104112819788182,0.23248341076397727,0.4795946092655449,True,True,True,False,False
1407,mix200,MIX200,fam_d8fdce69be3d,1,singleton,series_mix,320,mixture,99.98,99.98,10,105.0,False,,,True,A_SEEN_TEST,True,0.9799584325146594,0.7940295116720573,0.0,True,True,True,False,False
1408,mix201,MIX201,fam_b158795eb9d1,1,singleton,series_mix,320,mixture,99.60999999999999,99.61,10,105.0,False,,,True,D_CORE,True,0.5366841413776187,0.3484376646231638,0.0,True,True,True,False,False
1409,mix204,MIX204,fam_c04e99cd3d9f,1,singleton,series_mix,320,mixture,98.77,98.77,10,105.0,False,,,True,T_OOD,True,5.351139265994628,3.171064654222166,3.4910263789043317,True,True,True,False,False
1410,mix205,MIX205,fam_2b3cf0e05d04,1,singleton,series_mix,320,mixture,99.14999999999999,99.15,10,105.0,False,,,True,D_CORE,True,0.19981867567624825,0.14661821761604307,0.0,True,True,True,False,False
1411,mix207,MIX207,fam_17fd08f9113f,1,singleton,series_mix,320,mixture,99.61,99.61,10,105.0,False,,,True,A_SHOT_VAL,True,0.5364799428022455,0.3464794034731549,0.0,True,True,True,False,False
1412,mix209,MIX209,fam_1e6b175b8299,1,singleton,series_mix,320,mixture,97.44000000000001,97.44,10,105.0,False,,,True,V_OOD,True,6.756699946006912,4.028494122029088,3.947502983564244,True,True,True,False,False
1413,mix210,MIX210,fam_4d90cb64db29,1,singleton,series_mix,320,mixture,99.26,99.26,10,105.0,False,,,True,V_OOD,True,4.966707322585229,2.950452175007279,2.8806368793230828,True,True,True,False,False
1414,mix26,MIX26,fam_a234e8ec7e59,1,singleton,series_mix,320,mixture,103.28999999999999,103.29,10,105.0,False,,,True,V_OOD,True,3.4839778590575374,2.188613220112862,2.428601618578629,True,True,True,False,False
1415,mix297,MIX297,fam_497d4b268ffe,1,singleton,series_mix,320,mixture,98.84999999999997,98.85,10,105.0,False,,,True,D_CORE,True,0.20501057976078924,0.1627010570674196,0.0,True,True,True,False,False
1416,mix298,MIX298,fam_1f63015637ee,1,singleton,series_mix,320,mixture,99.5,99.5,10,105.0,False,,,True,V_OOD,True,2.339953750913396,1.5305224989960455,0.34415721852745484,True,True,True,False,False
1417,mix299,MIX299,fam_3bb0626cc828,1,singleton,series_mix,320,mixture,101.47999999999999,101.48,10,105.0,False,,,True,A_SHOT_VAL,True,0.4390242403388416,0.3068863430223505,0.0,True,True,True,False,False
1418,mix3,MIX3,fam_5e284e895ddd,3,exact_chemistry,series_mix,320,mixture,97.35000000000001,97.35,10,105.0,False,,,True,V_IN,True,0.3104112819788182,0.23248341076397727,0.4795946092655449,True,True,True,False,False
1419,mix300,MIX300,fam_c03b4f207b7d,1,singleton,series_mix,320,mixture,100.00999999999999,100.01,10,105.0,False,,,True,V_OOD,True,6.841781355882119,4.08027320657878,3.941094739113794,True,True,True,False,False
1420,mix301,MIX301,fam_2fdfe0e77d66,4,exact_chemistry,series_mix,320,mixture,86.37,86.37,10,105.0,False,,,True,T_IN,True,0.3412771233651236,0.23687889844070698,0.15942446463653795,True,True,True,False,False
1421,mix302,MIX302,fam_2fdfe0e77d66,4,exact_chemistry,series_mix,320,mixture,86.37,86.37,10,105.0,False,,,True,T_IN,True,0.3412771233651236,0.23687889844070698,0.15942446463653795,True,True,True,False,False
1422,mix303,MIX303,fam_2fdfe0e77d66,4,exact_chemistry,series_mix,320,mixture,86.37,86.37,10,105.0,False,,,True,T_IN,True,0.3412771233651236,0.23687889844070698,0.15942446463653795,True,True,True,False,False
1423,mix306,MIX306,fam_2fdfe0e77d66,4,exact_chemistry,series_mix,320,mixture,86.37,86.37,10,105.0,False,,,True,T_IN,True,0.3412771233651236,0.23687889844070698,0.15942446463653795,True,True,True,False,False
1424,mix309,MIX309,fam_110b47b0a343,4,exact_chemistry,series_mix,320,mixture,87.93,87.93,10,105.0,False,,,True,D_CORE,True,2.0540879826952443,1.401868727574928,0.0,True,True,True,False,False
1425,mix310,MIX310,fam_110b47b0a343,4,exact_chemistry,series_mix,320,mixture,87.93,87.93,10,105.0,False,,,True,D_CORE,True,2.0540879826952443,1.401868727574928,0.0,True,True,True,False,False
1426,mix311,MIX311,fam_110b47b0a343,4,exact_chemistry,series_mix,320,mixture,87.93,87.93,10,105.0,False,,,True,D_CORE,True,2.0540879826952443,1.401868727574928,0.0,True,True,True,False,False
1427,mix314,MIX314,fam_110b47b0a343,4,exact_chemistry,series_mix,320,mixture,87.93,87.93,10,105.0,False,,,True,D_CORE,True,2.0540879826952443,1.401868727574928,0.0,True,True,True,False,False
1428,mix317,MIX317,fam_822fdb964a67,4,exact_chemistry,series_mix,320,mixture,88.71,88.71,10,105.0,False,,,True,D_CORE,True,0.40023412958662263,0.3184909827577213,0.0,True,True,True,False,False
1429,mix318,MIX318,fam_822fdb964a67,4,exact_chemistry,series_mix,320,mixture,88.71,88.71,10,105.0,False,,,True,D_CORE,True,0.40023412958662263,0.3184909827577213,0.0,True,True,True,False,False
1430,mix319,MIX319,fam_822fdb964a67,4,exact_chemistry,series_mix,320,mixture,88.71,88.71,10,105.0,False,,,True,D_CORE,True,0.40023412958662263,0.3184909827577213,0.0,True,True,True,False,False
1431,mix32,MIX32,fam_df6b2d8084ec,3,exact_chemistry,series_mix,320,mixture,91.58000000000001,91.58,10,105.0,False,,,True,T_OOD,True,5.437801453355513,3.193783507153239,3.6404630627435184,True,True,True,False,False
1432,mix322,MIX322,fam_822fdb964a67,4,exact_chemistry,series_mix,320,mixture,88.71,88.71,10,105.0,False,,,True,D_CORE,True,0.40023412958662263,0.3184909827577213,0.0,True,True,True,False,False
1433,mix325,MIX325,fam_1418c20af126,4,exact_chemistry,series_mix,320,mixture,88.70000000000002,88.7,10,105.0,False,,,True,T_OOD,True,6.856860627915012,4.042581666241878,4.2588415397710335,True,True,True,False,False
1434,mix326,MIX326,fam_1418c20af126,4,exact_chemistry,series_mix,320,mixture,88.70000000000002,88.7,10,105.0,False,,,True,T_OOD,True,6.856860627915012,4.042581666241878,4.2588415397710335,True,True,True,False,False
1435,mix327,MIX327,fam_1418c20af126,4,exact_chemistry,series_mix,320,mixture,88.70000000000002,88.7,10,105.0,False,,,True,T_OOD,True,6.856860627915012,4.042581666241878,4.2588415397710335,True,True,True,False,False
1436,mix33,MIX33,fam_df6b2d8084ec,3,exact_chemistry,series_mix,320,mixture,99.62000000000002,99.62,10,105.0,False,,,True,T_OOD,True,5.437801453355513,3.193783507153239,3.6404630627435184,True,True,True,False,False
1437,mix330,MIX330,fam_1418c20af126,4,exact_chemistry,series_mix,320,mixture,88.70000000000002,88.7,10,105.0,False,,,True,T_OOD,True,6.856860627915012,4.042581666241878,4.2588415397710335,True,True,True,False,False
1438,mix333,MIX333,fam_18c93ca40ea3,5,exact_chemistry,series_mix,320,mixture,97.35999999999999,97.36,10,105.0,False,,,True,D_CORE,True,0.1976340253409196,0.15841779799127614,0.0,True,True,True,False,False
1439,mix334,MIX334,fam_18c93ca40ea3,5,exact_chemistry,series_mix,320,mixture,97.35999999999999,97.36,10,105.0,False,,,True,D_CORE,True,0.1976340253409196,0.15841779799127614,0.0,True,True,True,False,False
1440,mix335,MIX335,fam_18c93ca40ea3,5,exact_chemistry,series_mix,320,mixture,97.35999999999999,97.36,10,105.0,False,,,True,D_CORE,True,0.1976340253409196,0.15841779799127614,0.0,True,True,True,False,False
1441,mix337,MIX337,fam_18c93ca40ea3,5,exact_chemistry,series_mix,320,mixture,97.35999999999999,97.36,10,105.0,False,,,True,D_CORE,True,0.1976340253409196,0.15841779799127614,0.0,True,True,True,False,False
1442,mix338,MIX338,fam_18c93ca40ea3,5,exact_chemistry,series_mix,320,mixture,97.35999999999999,97.36,10,105.0,False,,,True,D_CORE,True,0.1976340253409196,0.15841779799127614,0.0,True,True,True,False,False
1443,mix341,MIX341,fam_146a761a0b86,4,exact_chemistry,series_mix,320,mixture,98.22000000000001,98.22,10,105.0,False,,,True,V_OOD,True,2.329645649706673,1.5146638817549336,0.34507245108351353,True,True,True,False,False
1444,mix342,MIX342,fam_146a761a0b86,4,exact_chemistry,series_mix,320,mixture,98.22000000000001,98.22,10,105.0,False,,,True,V_OOD,True,2.329645649706673,1.5146638817549336,0.34507245108351353,True,True,True,False,False
1445,mix343,MIX343,fam_146a761a0b86,4,exact_chemistry,series_mix,320,mixture,98.22000000000001,98.22,10,105.0,False,,,True,V_OOD,True,2.329645649706673,1.5146638817549336,0.34507245108351353,True,True,True,False,False
1446,mix346,MIX346,fam_146a761a0b86,4,exact_chemistry,series_mix,320,mixture,98.22000000000001,98.22,10,105.0,False,,,True,V_OOD,True,2.329645649706673,1.5146638817549336,0.34507245108351353,True,True,True,False,False
1447,mix349,MIX349,fam_39d0c0b5c986,5,exact_chemistry,series_mix,320,mixture,99.86000000000001,99.86,10,105.0,False,,,True,D_CORE,True,0.41947457855961046,0.2865446510327018,0.0,True,True,True,False,False
1448,mix35,MIX35,fam_df6b2d8084ec,3,exact_chemistry,series_mix,320,mixture,91.58000000000001,91.58,10,105.0,False,,,True,T_OOD,True,5.437801453355513,3.193783507153239,3.6404630627435184,True,True,True,False,False
1449,mix350,MIX350,fam_39d0c0b5c986,5,exact_chemistry,series_mix,320,mixture,99.86000000000001,99.86,10,105.0,False,,,True,D_CORE,True,0.41947457855961046,0.2865446510327018,0.0,True,True,True,False,False
1450,mix351,MIX351,fam_39d0c0b5c986,5,exact_chemistry,series_mix,320,mixture,99.86000000000001,99.86,10,105.0,False,,,True,D_CORE,True,0.41947457855961046,0.2865446510327018,0.0,True,True,True,False,False
1451,mix353,MIX353,fam_39d0c0b5c986,5,exact_chemistry,series_mix,320,mixture,99.86000000000001,99.86,10,105.0,False,,,True,D_CORE,True,0.41947457855961046,0.2865446510327018,0.0,True,True,True,False,False
1452,mix354,MIX354,fam_39d0c0b5c986,5,exact_chemistry,series_mix,320,mixture,99.86000000000001,99.86,10,105.0,False,,,True,A_SHOT_VAL,True,0.41947457855961046,0.2865446510327018,0.0,True,True,True,False,False
1453,mix357,MIX357,fam_c89585f155ce,4,exact_chemistry,series_mix,320,mixture,98.67000000000003,98.67,10,105.0,False,,,True,T_OOD,True,6.774973785236895,4.017338777318,4.313405684975079,True,True,True,False,False
1454,mix358,MIX358,fam_c89585f155ce,4,exact_chemistry,series_mix,320,mixture,98.67000000000003,98.67,10,105.0,False,,,True,T_OOD,True,6.774973785236895,4.017338777318,4.313405684975079,True,True,True,False,False
1455,mix359,MIX359,fam_c89585f155ce,4,exact_chemistry,series_mix,320,mixture,98.67000000000003,98.67,10,105.0,False,,,True,T_OOD,True,6.774973785236895,4.017338777318,4.313405684975079,True,True,True,False,False
1456,mix361,MIX361,fam_c89585f155ce,4,exact_chemistry,series_mix,320,mixture,98.67000000000003,98.67,10,105.0,False,,,True,T_OOD,True,6.774973785236895,4.017338777318,4.313405684975079,True,True,True,False,False
1457,mix365,MIX365,fam_36ebf99e3a03,5,exact_chemistry,series_mix,320,mixture,98.30999999999997,98.31,10,105.0,False,,,True,D_CORE,True,0.20296725260607346,0.16219304363301115,0.0,True,True,True,False,False
1458,mix366,MIX366,fam_36ebf99e3a03,5,exact_chemistry,series_mix,320,mixture,98.30999999999997,98.31,10,105.0,False,,,True,D_CORE,True,0.20296725260607346,0.16219304363301115,0.0,True,True,True,False,False
1459,mix367,MIX367,fam_36ebf99e3a03,5,exact_chemistry,series_mix,320,mixture,98.30999999999997,98.31,10,105.0,False,,,True,D_CORE,True,0.20296725260607346,0.16219304363301115,0.0,True,True,True,False,False
1460,mix369,MIX369,fam_36ebf99e3a03,5,exact_chemistry,series_mix,320,mixture,98.30999999999997,98.31,10,105.0,False,,,True,D_CORE,True,0.20296725260607346,0.16219304363301115,0.0,True,True,True,False,False
1461,mix370,MIX370,fam_36ebf99e3a03,5,exact_chemistry,series_mix,320,mixture,98.30999999999997,98.31,10,105.0,False,,,True,D_CORE,True,0.20296725260607346,0.16219304363301115,0.0,True,True,True,False,False
1462,mix373,MIX373,fam_d3da17c85df1,3,exact_chemistry,series_mix,320,mixture,98.93999999999998,98.94,10,105.0,False,,,True,T_OOD,True,2.329816419640979,1.5149266047307888,0.3459989563071943,True,True,True,False,False
1463,mix377,MIX377,fam_d3da17c85df1,3,exact_chemistry,series_mix,320,mixture,98.93999999999998,98.94,10,105.0,False,,,True,T_OOD,True,2.329816419640979,1.5149266047307888,0.3459989563071943,True,True,True,False,False
1464,mix378,MIX378,fam_d3da17c85df1,3,exact_chemistry,series_mix,320,mixture,98.93999999999998,98.94,10,105.0,False,,,True,T_OOD,True,2.329816419640979,1.5149266047307888,0.3459989563071943,True,True,True,False,False
1465,mix38,MIX38,fam_e54806992312,3,exact_chemistry,series_mix,320,mixture,95.38,95.38,10,105.0,False,,,True,D_CORE,True,0.19109764937280121,0.14393211558182314,0.0,True,True,True,False,False
1466,mix382,MIX382,fam_47ef23e617cd,4,exact_chemistry,series_mix,320,mixture,100.32000000000002,100.32,10,105.0,False,,,True,A_SHOT_VAL,True,0.421719733754954,0.28804055592896155,0.0,True,True,True,False,False
1467,mix383,MIX383,fam_47ef23e617cd,4,exact_chemistry,series_mix,320,mixture,100.32000000000002,100.32,10,105.0,False,,,True,D_CORE,True,0.421719733754954,0.28804055592896155,0.0,True,True,True,False,False
1468,mix385,MIX385,fam_47ef23e617cd,4,exact_chemistry,series_mix,320,mixture,100.32000000000002,100.32,10,105.0,False,,,True,D_CORE,True,0.421719733754954,0.28804055592896155,0.0,True,True,True,False,False
1469,mix386,MIX386,fam_47ef23e617cd,4,exact_chemistry,series_mix,320,mixture,100.32000000000002,100.32,10,105.0,False,,,True,D_CORE,True,0.421719733754954,0.28804055592896155,0.0,True,True,True,False,False
1470,mix389,MIX389,fam_95127140f5f9,3,exact_chemistry,series_mix,320,mixture,99.15000000000003,99.15,10,105.0,False,,,True,T_OOD,True,6.778126628732878,4.022189305773358,4.228903059206808,True,True,True,False,False
1471,mix39,MIX39,fam_e54806992312,3,exact_chemistry,series_mix,320,mixture,99.42999999999999,99.43,10,105.0,False,,,True,D_CORE,True,0.19109764937280121,0.14393211558182314,0.0,True,True,True,False,False
1472,mix390,MIX390,fam_95127140f5f9,3,exact_chemistry,series_mix,320,mixture,99.15000000000003,99.15,10,105.0,False,,,True,T_OOD,True,6.778126628732878,4.022189305773358,4.228903059206808,True,True,True,False,False
1473,mix391,MIX391,fam_95127140f5f9,3,exact_chemistry,series_mix,320,mixture,99.15000000000003,99.15,10,105.0,False,,,True,T_OOD,True,6.778126628732878,4.022189305773358,4.228903059206808,True,True,True,False,False
1474,mix397,MIX397,fam_e64688c5fa11,1,singleton,series_mix,320,mixture,98.21,98.21,10,105.0,False,,,True,D_CORE,True,0.7467883389384198,0.43960438735261903,0.0,True,True,True,False,False
1475,mix398,MIX398,fam_63d1189c8e68,1,singleton,series_mix,320,mixture,99.03,99.03,10,105.0,False,,,True,A_SEEN_TEST,True,1.1067951537493412,1.0099038924667312,0.0,True,True,True,False,False
1476,mix400,MIX400,fam_a45ef72c6b0b,1,singleton,series_mix,320,mixture,99.18,99.18,10,105.0,False,,,True,V_OOD,True,6.811497496448765,4.033682653604388,5.927098199978743,True,True,True,False,False
1477,mix401,MIX401,fam_279b4087bb2c,1,singleton,series_mix,320,mixture,98.42999999999999,98.43,10,105.0,False,,,True,D_CORE,True,0.5588515483361356,0.3377963919754648,0.0,True,True,True,False,False
1478,mix403,MIX403,fam_b0ba3b1addec,1,singleton,series_mix,320,mixture,101.10000000000002,101.1,10,105.0,False,,,True,D_CORE,True,0.6845158642077388,0.4490530173624706,0.0,True,True,True,False,False
1479,mix404,MIX404,fam_1197ac332416,1,singleton,series_mix,320,mixture,99.40000000000002,99.4,10,105.0,False,,,True,V_OOD,True,6.762114200741866,3.997554801171802,5.545570807233061,True,True,True,False,False
1480,mix405,MIX405,fam_91ce6e3a53bf,1,singleton,series_mix,320,mixture,98.46,98.46,10,105.0,False,,,True,T_IN,True,0.3712468091772635,0.24034710968877465,0.32931614728786107,True,True,True,False,False
1481,mix406,MIX406,fam_4d372cfeb224,1,singleton,series_mix,320,mixture,99.46000000000001,99.46,10,105.0,False,,,True,D_CORE,True,1.054307133330014,0.9313598431047898,0.0,True,True,True,False,False
1482,mix408,MIX408,fam_4c614da886e9,1,singleton,series_mix,320,mixture,99.47000000000001,99.47,10,105.0,False,,,True,V_OOD,True,6.778894569742253,4.00352077696092,5.158417435655343,True,True,True,False,False
1483,mix409,MIX409,fam_fff9261deccd,1,singleton,series_mix,320,mixture,98.7,98.7,10,105.0,False,,,True,D_CORE,True,0.2099449641933731,0.1694116492492313,0.0,True,True,True,False,False
1484,mix41,MIX41,fam_e54806992312,3,exact_chemistry,series_mix,320,mixture,95.38,95.38,10,105.0,False,,,True,D_CORE,True,0.19109764937280121,0.14393211558182314,0.0,True,True,True,False,False
1485,mix410,MIX410,fam_d16221969d0d,1,singleton,series_mix,320,mixture,99.49000000000001,99.49,10,105.0,False,,,True,A_SEEN_TEST,True,1.068883154184295,0.9559949045155038,0.0,True,True,True,False,False
1486,mix411,MIX411,fam_545f1bb0c344,1,singleton,series_mix,320,mixture,100.87,100.87,10,105.0,False,,,True,T_IN,True,0.46324881446502786,0.34793655434046067,0.24231440599118537,True,True,True,False,False
1487,mix414,MIX414,fam_914d203d27d7,1,singleton,series_mix,320,mixture,99.59,99.59,10,105.0,False,,,True,D_CORE,True,1.1051820574980242,1.0074222059262434,0.0,True,True,True,False,False
1488,mix417,MIX417,fam_3591b52ab72a,1,singleton,series_mix,320,mixture,98.8,98.8,10,105.0,False,,,True,D_CORE,True,0.19226878097039177,0.14251484854077298,0.0,True,True,True,False,False
1489,mix418,MIX418,fam_6942f7959a26,1,singleton,series_mix,320,mixture,99.50999999999999,99.51,10,105.0,False,,,True,D_CORE,True,1.7601615263433987,1.2608138974865877,0.0,True,True,True,False,False
1490,mix419,MIX419,fam_944c3ee453c0,1,singleton,series_mix,320,mixture,101.27,101.27,10,105.0,False,,,True,D_CORE,True,0.4397502628650413,0.30993906952761524,0.0,True,True,True,False,False
1491,mix420,MIX420,fam_c3e9e8659fd8,1,singleton,series_mix,320,mixture,99.87000000000003,99.87,10,105.0,False,,,True,T_OOD,True,6.787872841497568,4.037183479257496,4.152139435235543,True,True,True,False,False
1492,mix44,MIX44,fam_3f7cc6ca5668,3,exact_chemistry,series_mix,320,mixture,91.39999999999998,91.4,10,105.0,False,,,True,T_IN,True,0.9687872180302906,0.7768430278499512,0.277042189929101,True,True,True,False,False
1493,mix45,MIX45,fam_3f7cc6ca5668,3,exact_chemistry,series_mix,320,mixture,95.34999999999998,95.35,10,105.0,False,,,True,T_IN,True,0.9687872180302906,0.7768430278499512,0.277042189929101,True,True,True,False,False
1494,mix47,MIX47,fam_3f7cc6ca5668,3,exact_chemistry,series_mix,320,mixture,91.39999999999998,91.4,10,105.0,False,,,True,T_IN,True,0.9687872180302906,0.7768430278499512,0.277042189929101,True,True,True,False,False
1495,mix5,MIX5,fam_5e284e895ddd,3,exact_chemistry,series_mix,320,mixture,89.30000000000001,89.3,10,105.0,False,,,True,V_IN,True,0.3104112819788182,0.23248341076397727,0.4795946092655449,True,True,True,False,False
1496,mix50,MIX50,fam_55563bba234f,3,exact_chemistry,series_mix,320,mixture,91.55000000000001,91.55,10,105.0,False,,,True,D_CORE,True,0.5122133076951811,0.35676229773202095,0.0,True,True,True,False,False
1497,mix504,MIX504,fam_d456a41a069f,1,singleton,series_mix,320,mixture,76.03999999999999,76.04,10,105.0,False,,,True,A_SEEN_TEST,True,0.7118000297638106,0.4610184157539328,0.0,True,True,True,False,False
1498,mix505,MIX505,fam_3fe02d2bbd85,1,singleton,series_mix,320,mixture,86.02999999999999,86.03,10,105.0,False,,,True,D_CORE,True,0.37979474313801553,0.2544511885481831,0.0,True,True,True,False,False
1499,mix509,MIX509,fam_826f8f4a81fe,1,singleton,series_mix,320,mixture,76.67000000000002,76.67,10,105.0,False,,,True,V_OOD,True,2.370493170200323,1.5775062209759336,0.7632959605323629,True,True,True,False,False
1500,mix51,MIX51,fam_55563bba234f,3,exact_chemistry,series_mix,320,mixture,95.51,95.51,10,105.0,False,,,True,D_CORE,True,0.5122133076951811,0.35676229773202095,0.0,True,True,True,False,False
1501,mix510,MIX510,fam_f36f6861fd4b,1,singleton,series_mix,320,mixture,92.55,92.55,10,105.0,False,,,True,T_OOD,True,2.327396315263946,1.511203367227661,0.47525101478569987,True,True,True,False,False
1502,mix514,MIX514,fam_79c3082fe917,1,singleton,series_mix,320,mixture,76.7,76.7,10,105.0,False,,,True,A_SHOT_VAL,True,0.8099173090434593,0.5573725168079197,0.0,True,True,True,False,False
1503,mix515,MIX515,fam_1f1a83a1bafb,1,singleton,series_mix,320,mixture,87.25,87.25,10,105.0,False,,,True,D_CORE,True,0.5252939618579838,0.3947383593886199,0.0,True,True,True,False,False
1504,mix519,MIX519,fam_bbf2627557f4,1,singleton,series_mix,320,mixture,96.41999999999999,96.42,10,105.0,False,,,True,A_SEEN_TEST,True,0.1794943754215541,0.13051064426917539,0.0,True,True,True,False,False
1505,mix520,MIX520,fam_e4c26d867317,1,singleton,series_mix,320,mixture,96.82,96.82,10,105.0,False,,,True,D_CORE,True,0.18190946675610842,0.13126783548744378,0.0,True,True,True,False,False
1506,mix524,MIX524,fam_081598b5e0f4,1,singleton,series_mix,320,mixture,97.22999999999999,97.23,10,105.0,False,,,True,D_CORE,True,2.162311908053484,1.4392324237345742,0.0,True,True,True,False,False
1507,mix525,MIX525,fam_5421d4ca437c,1,singleton,series_mix,320,mixture,98.11,98.11,10,105.0,False,,,True,D_CORE,True,2.152084399328399,1.4234977949267513,0.0,True,True,True,False,False
1508,mix529,MIX529,fam_490dda4844f1,1,singleton,series_mix,320,mixture,97.28000000000002,97.28,10,105.0,False,,,True,D_CORE,True,0.5211988875492093,0.3362362132230853,0.0,True,True,True,False,False
1509,mix53,MIX53,fam_55563bba234f,3,exact_chemistry,series_mix,320,mixture,91.55000000000001,91.55,10,105.0,False,,,True,D_CORE,True,0.5122133076951811,0.35676229773202095,0.0,True,True,True,False,False
1510,mix530,MIX530,fam_1b87b7a73114,1,singleton,series_mix,320,mixture,98.27999999999999,98.28,10,105.0,False,,,True,D_CORE,True,0.5251545803494919,0.3340001324067917,0.0,True,True,True,False,False
1511,mix531,MIX531,fam_d01606311c1c,1,singleton,series_mix,320,mixture,98.17999999999998,98.18,10,105.0,False,,,True,D_CORE,True,0.18557690092621343,0.13280308962961065,0.0,True,True,True,False,False
1512,mix532,MIX532,fam_94f6700249b2,1,singleton,series_mix,320,mixture,97.45999999999998,97.46,10,105.0,False,,,True,D_CORE,True,0.18512166415439762,0.1385746745686605,0.0,True,True,True,False,False
1513,mix533,MIX533,fam_93b26645f240,1,singleton,series_mix,320,mixture,94.75,94.75,10,105.0,False,,,True,D_CORE,True,0.18443508080907395,0.14049349952829462,0.0,True,True,True,False,False
1514,mix534,MIX534,fam_1db8a3665adb,1,singleton,series_mix,320,mixture,97.55,97.55,10,105.0,False,,,True,D_CORE,True,0.18264040738051057,0.1309209740552221,0.0,True,True,True,False,False
1515,mix535,MIX535,fam_a6b06557837b,1,singleton,series_mix,320,mixture,97.47000000000001,97.47,10,105.0,False,,,True,D_CORE,True,0.1845577351310863,0.13240446291036412,0.0,True,True,True,False,False
1516,mix536,MIX536,fam_e581ded352e0,1,singleton,series_mix,320,mixture,98.99999999999999,99.0,10,105.0,False,,,True,A_SEEN_TEST,True,2.1630264127314733,1.4403316617007118,0.0,True,True,True,False,False
1517,mix537,MIX537,fam_ef09c9c894d0,1,singleton,series_mix,320,mixture,98.28,98.28,10,105.0,False,,,True,A_SHOT_VAL,True,2.149398778354584,1.419366070351651,0.0,True,True,True,False,False
1518,mix538,MIX538,fam_965931b41c5e,1,singleton,series_mix,320,mixture,95.52000000000001,95.52,10,105.0,False,,,True,T_OOD,True,2.322557840085797,1.503759559261279,0.35208848926332087,True,True,True,False,False
1519,mix539,MIX539,fam_25a60ffbd225,1,singleton,series_mix,320,mixture,98.36,98.36,10,105.0,False,,,True,D_CORE,True,2.16273959991689,1.4398904112167379,0.0,True,True,True,False,False
1520,mix541,MIX541,fam_04107987fc68,1,singleton,series_mix,320,mixture,99.05999999999999,99.06,10,105.0,False,,,True,D_CORE,True,0.5268241011586109,0.33656862595928244,0.0,True,True,True,False,False
1521,mix542,MIX542,fam_804f0fc72b3e,1,singleton,series_mix,320,mixture,98.33,98.33,10,105.0,False,,,True,D_CORE,True,0.522858147301538,0.3387889205343602,0.0,True,True,True,False,False
1522,mix543,MIX543,fam_99431295b3bb,1,singleton,series_mix,320,mixture,95.81000000000002,95.81,10,105.0,False,,,True,D_CORE,True,0.5203768793825534,0.34001422271464715,0.0,True,True,True,False,False
1523,mix544,MIX544,fam_ac133254277e,1,singleton,series_mix,320,mixture,98.42999999999999,98.43,10,105.0,False,,,True,D_CORE,True,0.5241492292418986,0.33576987015607923,0.0,True,True,True,False,False
1524,mix545,MIX545,fam_f18299769457,1,singleton,series_mix,320,mixture,98.88000000000001,98.88,10,105.0,False,,,True,D_CORE,True,0.5253533682491055,0.3326538206023024,0.0,True,True,True,False,False
1525,mix546,MIX546,fam_de30f9373bcb,1,singleton,series_mix,320,mixture,97.38,97.38,10,105.0,False,,,True,D_CORE,True,0.18265754553601743,0.13241872591807302,0.0,True,True,True,False,False
1526,mix548,MIX548,fam_6029205ebec6,1,singleton,series_mix,320,mixture,98.83,98.83,10,105.0,False,,,True,D_CORE,True,0.5266132103958392,0.3345920392895849,0.0,True,True,True,False,False
1527,mix549,MIX549,fam_616beb025ab8,1,singleton,series_mix,320,mixture,97.71999999999998,97.72,10,105.0,False,,,True,D_CORE,True,0.18400403469102727,0.1330188622252478,0.0,True,True,True,False,False
1528,mix551,MIX551,fam_abe3fe212122,1,singleton,series_mix,320,mixture,99.21,99.21,10,105.0,False,,,True,D_CORE,True,0.5281584120814782,0.33532115801371687,0.0,True,True,True,False,False
1529,mix552,MIX552,fam_528e30d68c3d,1,singleton,series_mix,320,mixture,97.9,97.9,10,105.0,False,,,True,D_CORE,True,0.1838066587756989,0.13212809380561813,0.0,True,True,True,False,False
1530,mix553,MIX553,fam_357af76444ec,1,singleton,series_mix,320,mixture,99.45,99.45,10,105.0,False,,,True,A_SHOT_VAL,True,2.1575469853494593,1.4319017734206902,0.0,True,True,True,False,False
1531,mix554,MIX554,fam_361391c733cf,1,singleton,series_mix,320,mixture,99.44,99.44,10,105.0,False,,,True,D_CORE,True,0.5291774751421583,0.33524483784225145,0.0,True,True,True,False,False
1532,mix555,MIX555,fam_cf58287dd54c,1,singleton,series_mix,320,mixture,98.07,98.07,10,105.0,False,,,True,D_CORE,True,0.18497842810305004,0.13275904720201992,0.0,True,True,True,False,False
1533,mix556,MIX556,fam_3c9d9fb126aa,1,singleton,series_mix,320,mixture,99.40999999999998,99.41,10,105.0,False,,,True,D_CORE,True,2.160003432115315,1.435680922291238,0.0,True,True,True,False,False
1534,mix557,MIX557,fam_766cec360cf6,1,singleton,series_mix,320,mixture,99.46000000000001,99.46,10,105.0,False,,,True,D_CORE,True,0.527408328955472,0.33416718397370737,0.0,True,True,True,False,False
1535,mix558,MIX558,fam_3afa1a599519,1,singleton,series_mix,320,mixture,97.96000000000001,97.96,10,105.0,False,,,True,D_CORE,True,0.18372302356281456,0.132880402209175,0.0,True,True,True,False,False
1536,mix560,MIX560,fam_4c224c575ba1,1,singleton,series_mix,320,mixture,99.46000000000001,99.46,10,105.0,False,,,True,D_CORE,True,0.5295023038371663,0.33574457429611,0.0,True,True,True,False,False
1537,mix561,MIX561,fam_d61b30db7644,1,singleton,series_mix,320,mixture,98.08,98.08,10,105.0,False,,,True,D_CORE,True,0.18512991278412466,0.1329921005575193,0.0,True,True,True,False,False
1538,mix562,MIX562,fam_815a6e881d96,1,singleton,series_mix,320,mixture,99.52,99.52,10,105.0,False,,,True,D_CORE,True,2.161275995848175,1.4376387126494834,0.0,True,True,True,False,False
1539,mix563,MIX563,fam_667e2959a757,1,singleton,series_mix,320,mixture,99.56000000000002,99.56,10,105.0,False,,,True,D_CORE,True,0.5266735855941195,0.3346849242100161,0.0,True,True,True,False,False
1540,mix601,MIX601,fam_400b33677ae0,1,singleton,series_mix,320,mixture,85.64000000000001,85.64,10,105.0,False,,,True,D_CORE,True,0.38423084963202975,0.2654735049011112,0.0,True,True,True,False,False
1541,mix602,MIX602,fam_b283717e6747,1,singleton,series_mix,320,mixture,85.08,85.08,10,105.0,False,,,True,D_CORE,True,0.4222214132590685,0.2986372039035633,0.0,True,True,True,False,False
1542,mix603,MIX603,fam_e99a7c09e40e,1,singleton,series_mix,320,mixture,85.19,85.19,10,105.0,False,,,True,D_CORE,True,0.39912105442557455,0.27155220552272663,0.0,True,True,True,False,False
1543,mix604,MIX604,fam_0dcc68cc3824,1,singleton,series_mix,320,mixture,89.94000000000001,89.94,10,105.0,False,,,True,D_CORE,True,0.5997094431936898,0.39162669350220586,0.0,True,True,True,False,False
1544,mix605,MIX605,fam_4e3764eb5533,1,singleton,series_mix,320,mixture,83.02000000000002,83.02,10,105.0,False,,,True,D_CORE,True,0.4837470564909725,0.32252124216556266,0.0,True,True,True,False,False
1545,mix607,MIX607,fam_9dc4109aa715,1,singleton,series_mix,320,mixture,86.1,86.1,10,105.0,False,,,True,D_CORE,True,0.3749847797581465,0.25543982643681046,0.0,True,True,True,False,False
1546,mix608,MIX608,fam_524f916d3fe4,1,singleton,series_mix,320,mixture,86.43999999999998,86.44,10,105.0,False,,,True,A_SHOT_VAL,True,2.0460994011270257,1.3895786020853604,0.0,True,True,True,False,False
1547,mix609,MIX609,fam_4426aaa7efcb,1,singleton,series_mix,320,mixture,85.00999999999999,85.01,10,105.0,False,,,True,A_SEEN_TEST,True,1.1406886442199717,0.9360914326521437,0.0,True,True,True,False,False
1548,mix610,MIX610,fam_62417fb947d7,1,singleton,series_mix,320,mixture,87.05999999999999,87.06,10,105.0,False,,,True,V_OOD,True,2.167875196755208,1.4477913294295348,0.24067965871711852,True,True,True,False,False
1549,mix611,MIX611,fam_059c9c735e5c,1,singleton,series_mix,320,mixture,90.30000000000001,90.3,10,105.0,False,,,True,A_SEEN_TEST,True,2.04645637893534,1.3901277987135365,0.0,True,True,True,False,False
1550,mix612,MIX612,fam_b1704d31624a,1,singleton,series_mix,320,mixture,83.88999999999999,83.89,10,105.0,False,,,True,D_CORE,True,,,,True,False,True,False,False
1551,mix614,MIX614,fam_afd168b463d9,1,singleton,series_mix,320,mixture,87.32999999999998,87.33,10,105.0,False,,,True,A_SHOT_VAL,True,2.0483316179926514,1.3930127818786306,0.0,True,True,True,False,False
1552,mix615,MIX615,fam_b0c43d73ed2a,1,singleton,series_mix,320,mixture,86.37,86.37,10,105.0,False,,,True,D_CORE,True,0.5214009900717251,0.40424661667119755,0.0,True,True,True,False,False
1553,mix616,MIX616,fam_b60d472f7134,1,singleton,series_mix,320,mixture,85.80999999999999,85.81,10,105.0,False,,,True,D_CORE,True,0.5672781453619914,0.4553727735316866,0.0,True,True,True,False,False
1554,mix617,MIX617,fam_a4b02267845f,1,singleton,series_mix,320,mixture,86.64,86.64,10,105.0,False,,,True,D_CORE,True,0.525011612829277,0.39793160278447953,0.0,True,True,True,False,False
1555,mix618,MIX618,fam_6bb15c49f3ef,1,singleton,series_mix,320,mixture,90.56999999999998,90.57,10,105.0,False,,,True,A_SEEN_TEST,True,0.8573771075939025,0.5443016138842527,0.0,True,True,True,False,False
1556,mix619,MIX619,fam_937fa6457ef6,1,singleton,series_mix,320,mixture,84.76000000000002,84.76,10,105.0,False,,,True,A_SHOT_VAL,True,0.5840163694666879,0.43297301383792913,0.0,True,True,True,False,False
1557,mix62,MIX62,fam_a6447b336660,2,exact_chemistry,series_mix,320,mixture,103.28999999999999,103.29,10,105.0,False,,,True,T_OOD,True,3.4849854338861492,2.190163335233803,2.426802570927304,True,True,True,False,False
1558,mix621,MIX621,fam_8ff0950298bf,1,singleton,series_mix,320,mixture,87.53999999999999,87.54,10,105.0,False,,,True,D_CORE,True,0.5230663448148205,0.3895047111812736,0.0,True,True,True,False,False
1559,mix622,MIX622,fam_2983398ed36b,1,singleton,series_mix,320,mixture,86.65,86.65,10,105.0,False,,,True,V_OOD,True,6.772237970251272,4.052398774712718,3.857057520521011,True,True,True,False,False
1560,mix623,MIX623,fam_b85dda14cede,1,singleton,series_mix,320,mixture,86.99000000000001,86.99,10,105.0,False,,,True,T_OOD,True,6.719125233393754,4.0285433692293875,3.86002325063155,True,True,True,False,False
1561,mix624,MIX624,fam_62b0928c8b8f,1,singleton,series_mix,320,mixture,87.44999999999999,87.45,10,105.0,False,,,True,V_OOD,True,6.740810162760919,4.042756241049316,3.873165940213235,True,True,True,False,False
1562,mix625,MIX625,fam_56955d1124d5,1,singleton,series_mix,320,mixture,91.48999999999998,91.49,10,105.0,False,,,True,T_OOD,True,6.708273079605716,4.011847748017022,4.279065946961837,True,True,True,False,False
1563,mix626,MIX626,fam_175423771ad8,1,singleton,series_mix,320,mixture,83.41,83.41,10,105.0,False,,,True,V_OOD,True,6.806459701768629,4.065778648905282,3.7959253992351822,True,True,True,False,False
1564,mix628,MIX628,fam_2b95e687a9f5,1,singleton,series_mix,320,mixture,89.89000000000001,89.89,10,105.0,False,,,True,V_OOD,True,6.776834123768573,4.059469780123951,3.8233470740754276,True,True,True,False,False
1565,mix629,MIX629,fam_4580b4fe9b3e,1,singleton,series_mix,320,mixture,96.72,96.72,10,105.0,False,,,True,D_CORE,True,0.18972790993616168,0.14094446203262187,0.0,True,True,True,False,False
1566,mix63,MIX63,fam_a6447b336660,2,exact_chemistry,series_mix,320,mixture,107.17999999999999,107.18,10,105.0,True,nonclosed_mixture,major_oxide_sum_gt_105:107.18,False,STRESS_NONCLOSED_MIXTURE,True,,,,True,True,True,False,False
1567,mix630,MIX630,fam_474256319210,1,singleton,series_mix,320,mixture,96.78000000000002,96.78,10,105.0,False,,,True,D_CORE,True,0.18776598424241642,0.14057275937716923,0.0,True,True,True,False,False
1568,mix631,MIX631,fam_6e35d7096f22,1,singleton,series_mix,320,mixture,97.39,97.39,10,105.0,False,,,True,D_CORE,True,0.19083301696315036,0.14001456406425652,0.0,True,True,True,False,False
1569,mix632,MIX632,fam_8128428107b8,1,singleton,series_mix,320,mixture,97.54,97.54,10,105.0,False,,,True,D_CORE,True,0.19682713102257354,0.15215958957004064,0.0,True,True,True,False,False
1570,mix633,MIX633,fam_75011d5faf64,1,singleton,series_mix,320,mixture,96.52999999999999,96.53,10,105.0,False,,,True,D_CORE,True,0.18857214175448717,0.1424034178974489,0.0,True,True,True,False,False
1571,mix635,MIX635,fam_78ca30583182,1,singleton,series_mix,320,mixture,97.05999999999999,97.06,10,105.0,False,,,True,D_CORE,True,0.18958593836062818,0.1407260442241088,0.0,True,True,True,False,False
1572,mix636,MIX636,fam_85e214a1b375,1,singleton,series_mix,320,mixture,98.27999999999999,98.28,10,105.0,False,,,True,D_CORE,True,2.0390992285649596,1.378809105836028,0.0,True,True,True,False,False
1573,mix637,MIX637,fam_dbca3d42e925,1,singleton,series_mix,320,mixture,97.96,97.96,10,105.0,False,,,True,D_CORE,True,1.3329962961341129,1.0776772578259655,0.0,True,True,True,False,False
1574,mix639,MIX639,fam_d1c2df5e60a7,1,singleton,series_mix,320,mixture,98.57000000000001,98.57,10,105.0,False,,,True,D_CORE,True,2.0320021605947858,1.3678905397280683,0.0,True,True,True,False,False
1575,mix640,MIX640,fam_00adae8b795d,1,singleton,series_mix,320,mixture,97.98,97.98,10,105.0,False,,,True,D_CORE,True,2.0378360632514414,1.3768657745844617,0.0,True,True,True,False,False
1576,mix643,MIX643,fam_7a412335421c,1,singleton,series_mix,320,mixture,98.27000000000001,98.27,10,105.0,False,,,True,D_CORE,True,0.5244690975554855,0.3346017272440815,0.0,True,True,True,False,False
1577,mix644,MIX644,fam_5e6677c81af1,1,singleton,series_mix,320,mixture,98.05,98.05,10,105.0,False,,,True,D_CORE,True,0.5290195761997143,0.34160246361981794,0.0,True,True,True,False,False
1578,mix645,MIX645,fam_23bf8d0b0fd6,1,singleton,series_mix,320,mixture,98.72999999999998,98.73,10,105.0,False,,,True,D_CORE,True,0.5263611585651139,0.33585640658467164,0.0,True,True,True,False,False
1579,mix646,MIX646,fam_8171f2919973,1,singleton,series_mix,320,mixture,98.80999999999999,98.81,10,105.0,False,,,True,D_CORE,True,0.5782356218499303,0.3631665050616408,0.0,True,True,True,False,False
1580,mix647,MIX647,fam_0133ea341782,1,singleton,series_mix,320,mixture,94.02999999999999,94.03,10,105.0,False,,,True,T_IN,True,0.5168442624523295,0.343068255547679,0.16808033157688573,True,True,True,False,False
1581,mix649,MIX649,fam_5ad38ef201f1,1,singleton,series_mix,320,mixture,98.57999999999997,98.58,10,105.0,False,,,True,D_CORE,True,0.5238854557420765,0.332047633010768,0.0,True,True,True,False,False
1582,mix650,MIX650,fam_72a33ea684e1,1,singleton,series_mix,320,mixture,98.66,98.66,10,105.0,False,,,True,T_OOD,True,6.6626559955477,3.9983144835163786,4.006092726818162,True,True,True,False,False
1583,mix651,MIX651,fam_b0f4eec88722,1,singleton,series_mix,320,mixture,98.44999999999999,98.45,10,105.0,False,,,True,V_OOD,True,6.61784816565223,3.9480014935351937,4.325616614416093,True,True,True,False,False
1584,mix653,MIX653,fam_d9cdf2c8bbeb,1,singleton,series_mix,320,mixture,99.05000000000001,99.05,10,105.0,False,,,True,T_OOD,True,6.619039141450204,3.9683287824026356,4.05831046593849,True,True,True,False,False
1585,mix654,MIX654,fam_17581ae875cc,1,singleton,series_mix,320,mixture,98.16999999999999,98.17,10,105.0,False,,,True,V_OOD,True,6.375061095703887,3.8394668561206853,4.15396171505458,True,True,True,False,False
1586,mix656,MIX656,fam_6fbfb909779a,1,singleton,series_mix,320,mixture,98.85,98.85,10,105.0,False,,,True,V_OOD,True,6.681420272298994,4.008431594742946,4.00891576815463,True,True,True,False,False
1587,mix657,MIX657,fam_2bda51d0678e,1,singleton,series_mix,320,mixture,97.25,97.25,10,105.0,False,,,True,D_CORE,True,0.189164373060427,0.139784437992181,0.0,True,True,True,False,False
1588,mix658,MIX658,fam_00edce04ef41,1,singleton,series_mix,320,mixture,97.42000000000002,97.42,10,105.0,False,,,True,D_CORE,True,0.18523269736460704,0.13844914059472055,0.0,True,True,True,False,False
1589,mix659,MIX659,fam_fb14abe9937e,1,singleton,series_mix,320,mixture,97.79000000000002,97.79,10,105.0,False,,,True,D_CORE,True,0.1921920707905876,0.14473547873173867,0.0,True,True,True,False,False
1590,mix660,MIX660,fam_71233daf7da1,1,singleton,series_mix,320,mixture,97.85,97.85,10,105.0,False,,,True,D_CORE,True,0.1885050259469262,0.14023732895396213,0.0,True,True,True,False,False
1591,mix661,MIX661,fam_8385dc9c1d85,1,singleton,series_mix,320,mixture,97.31,97.31,10,105.0,False,,,True,D_CORE,True,0.18953783706116276,0.14270909983310845,0.0,True,True,True,False,False
1592,mix662,MIX662,fam_04d54bb79257,1,singleton,series_mix,320,mixture,97.63,97.63,10,105.0,False,,,True,D_CORE,True,0.1905071644076734,0.14097236355404685,0.0,True,True,True,False,False
1593,mix663,MIX663,fam_af407d0fb633,1,singleton,series_mix,320,mixture,97.38,97.38,10,105.0,False,,,True,D_CORE,True,0.1898598033079424,0.13997642340061456,0.0,True,True,True,False,False
1594,mix664,MIX664,fam_d74dbaa806bc,1,singleton,series_mix,320,mixture,98.72000000000001,98.72,10,105.0,False,,,True,D_CORE,True,2.039190202426387,1.378949065622839,0.0,True,True,True,False,False
1595,mix665,MIX665,fam_9497d02a2fb2,1,singleton,series_mix,320,mixture,98.69000000000003,98.69,10,105.0,False,,,True,A_SEEN_TEST,True,1.559656062246356,1.1702785692020776,0.0,True,True,True,False,False
1596,mix667,MIX667,fam_0e69705606b3,1,singleton,series_mix,320,mixture,99.05,99.05,10,105.0,False,,,True,D_CORE,True,2.036343612861345,1.374569697061236,0.0,True,True,True,False,False
1597,mix668,MIX668,fam_2baa8f834990,1,singleton,series_mix,320,mixture,98.59,98.59,10,105.0,False,,,True,D_CORE,True,2.0438367069437993,1.3860975341111657,0.0,True,True,True,False,False
1598,mix669,MIX669,fam_1b963f45e7a0,1,singleton,series_mix,320,mixture,98.86000000000001,98.86,10,105.0,False,,,True,D_CORE,True,2.0274664497928696,1.3609125231097357,0.0,True,True,True,False,False
1599,mix670,MIX670,fam_fd0f06c55417,1,singleton,series_mix,320,mixture,98.86,98.86,10,105.0,False,,,True,D_CORE,True,2.029027728339219,1.363314490104119,0.0,True,True,True,False,False
1600,mix671,MIX671,fam_3b5b4fe67737,1,singleton,series_mix,320,mixture,98.87,98.87,10,105.0,False,,,True,D_CORE,True,0.5252899229030196,0.3325562123775547,0.0,True,True,True,False,False
1601,mix672,MIX672,fam_ad89325bf016,1,singleton,series_mix,320,mixture,98.88,98.88,10,105.0,False,,,True,D_CORE,True,0.5229572622382013,0.33227582675595185,0.0,True,True,True,False,False
1602,mix673,MIX673,fam_8d70f6276499,1,singleton,series_mix,320,mixture,99.17,99.17,10,105.0,False,,,True,D_CORE,True,0.525904378998607,0.3351536687900456,0.0,True,True,True,False,False
1603,mix674,MIX674,fam_4d48d06481b8,1,singleton,series_mix,320,mixture,99.29000000000002,99.29,10,105.0,False,,,True,A_SHOT_VAL,True,0.5367463855291635,0.3387281702658045,0.0,True,True,True,False,False
1604,mix675,MIX675,fam_ee2955b21521,1,singleton,series_mix,320,mixture,98.77999999999999,98.78,10,105.0,False,,,True,D_CORE,True,0.5204876123680836,0.33013661342713324,0.0,True,True,True,False,False
1605,mix676,MIX676,fam_5c7f343a5ab6,1,singleton,series_mix,320,mixture,98.91999999999999,98.92,10,105.0,False,,,True,A_SHOT_VAL,True,0.5239260377887911,0.3321100669287904,0.0,True,True,True,False,False
1606,mix677,MIX677,fam_4552f7d82877,1,singleton,series_mix,320,mixture,99.14000000000001,99.14,10,105.0,False,,,True,D_CORE,True,0.5298802921403793,0.334685970990901,0.0,True,True,True,False,False
1607,mix68,MIX68,fam_20469aa2835a,3,exact_chemistry,series_mix,320,mixture,91.61000000000001,91.61,10,105.0,False,,,True,V_OOD,True,5.434371752795739,3.1885070447535884,3.6421895805096933,True,True,True,False,False
1608,mix680,MIX680,fam_19ce332b2ef8,1,singleton,series_mix,320,mixture,99.49000000000001,99.49,10,105.0,False,,,True,T_OOD,True,6.6045548186860135,3.964414836409116,4.147794377763549,True,True,True,False,False
1609,mix681,MIX681,fam_bc3c54a7497b,1,singleton,series_mix,320,mixture,99.56000000000002,99.56,10,105.0,False,,,True,T_OOD,True,6.35628385494889,3.8273559967234143,4.151450813681382,True,True,True,False,False
1610,mix685,MIX685,fam_26930aa2ff14,1,singleton,series_mix,320,mixture,97.33999999999997,97.34,10,105.0,False,,,True,D_CORE,True,0.1903908013835296,0.14343259258968316,0.0,True,True,True,False,False
1611,mix686,MIX686,fam_f74d17e951d0,1,singleton,series_mix,320,mixture,98.62,98.62,10,105.0,False,,,True,D_CORE,True,1.9451644752672201,1.33445871746888,0.0,True,True,True,False,False
1612,mix687,MIX687,fam_49dd6e5a55f7,1,singleton,series_mix,320,mixture,98.77,98.77,10,105.0,False,,,True,D_CORE,True,0.5279266115983889,0.33332043239029857,0.0,True,True,True,False,False
1613,mix689,MIX689,fam_f78657b0cb39,1,singleton,series_mix,320,mixture,97.65,97.65,10,105.0,False,,,True,D_CORE,True,0.18919355487841624,0.1418849516942315,0.0,True,True,True,False,False
1614,mix69,MIX69,fam_20469aa2835a,3,exact_chemistry,series_mix,320,mixture,95.62000000000002,95.62,10,105.0,False,,,True,V_OOD,True,5.434371752795739,3.1885070447535884,3.6421895805096933,True,True,True,False,False
1615,mix690,MIX690,fam_d96fdf841691,1,singleton,series_mix,320,mixture,98.97999999999999,98.98,10,105.0,False,,,True,D_CORE,True,2.039477920827436,1.379391709316761,0.0,True,True,True,False,False
1616,mix691,MIX691,fam_cdfa01e17851,1,singleton,series_mix,320,mixture,99.22,99.22,10,105.0,False,,,True,D_CORE,True,0.5302444900196774,0.33361011809478214,0.0,True,True,True,False,False
1617,mix692,MIX692,fam_bed45972b6ca,1,singleton,series_mix,320,mixture,99.56999999999998,99.57,10,105.0,False,,,True,V_OOD,True,6.644548970003672,3.989079654075874,4.029105859344453,True,True,True,False,False
1618,mix693,MIX693,fam_20de073ef805,1,singleton,series_mix,320,mixture,97.86000000000001,97.86,10,105.0,False,,,True,D_CORE,True,0.1932055832827539,0.14395608286748396,0.0,True,True,True,False,False
1619,mix695,MIX695,fam_afa87a8b6f7e,1,singleton,series_mix,320,mixture,99.30000000000001,99.3,10,105.0,False,,,True,D_CORE,True,0.5276840784351796,0.3329473044468997,0.0,True,True,True,False,False
1620,mix697,MIX697,fam_a5ba50b5cf91,1,singleton,series_mix,320,mixture,98.11999999999999,98.12,10,105.0,False,,,True,D_CORE,True,0.19413298099440676,0.14363737477500021,0.0,True,True,True,False,False
1621,mix698,MIX698,fam_a48bcee03c6e,1,singleton,series_mix,320,mixture,99.4,99.4,10,105.0,False,,,True,D_CORE,True,2.161878174051805,1.4385651406550684,0.0,True,True,True,False,False
1622,mix699,MIX699,fam_55955e909435,1,singleton,series_mix,320,mixture,99.50000000000001,99.5,10,105.0,False,,,True,D_CORE,True,0.5311457584402988,0.3349966848957379,0.0,True,True,True,False,False
1623,mix700,MIX700,fam_1c92f931a20c,1,singleton,series_mix,320,mixture,99.83999999999999,99.84,10,105.0,False,,,True,T_OOD,True,6.621460381144038,3.9720537665469955,4.052086077017251,True,True,True,False,False
1624,mix701,MIX701,fam_355560416c57,1,singleton,series_mix,320,mixture,97.99000000000001,97.99,10,105.0,False,,,True,A_SHOT_VAL,True,0.1936016416739039,0.14456540346925317,0.0,True,True,True,False,False
1625,mix703,MIX703,fam_063172124bc7,1,singleton,series_mix,320,mixture,99.73999999999998,99.74,10,105.0,False,,,True,D_CORE,True,0.5297476473300061,0.33284574472605694,0.0,True,True,True,False,False
1626,mix705,MIX705,fam_50c5ba5845c3,1,singleton,series_mix,320,mixture,98.06000000000002,98.06,10,105.0,False,,,True,D_CORE,True,0.19468318010258157,0.14448383494142303,0.0,True,True,True,False,False
1627,mix706,MIX706,fam_061532a4471d,1,singleton,series_mix,320,mixture,99.39,99.39,10,105.0,False,,,True,D_CORE,True,2.162234899812811,1.4391139495181546,0.0,True,True,True,False,False
1628,mix707,MIX707,fam_3cef8e910f0f,1,singleton,series_mix,320,mixture,99.61000000000001,99.61,10,105.0,False,,,True,D_CORE,True,0.5295257665505703,0.33578067077826984,0.0,True,True,True,False,False
1629,mix71,MIX71,fam_20469aa2835a,3,exact_chemistry,series_mix,320,mixture,91.61000000000001,91.61,10,105.0,False,,,True,V_OOD,True,5.434371752795739,3.1885070447535884,3.6421895805096933,True,True,True,False,False
1630,mix74,MIX74,fam_a16c139f423a,3,exact_chemistry,series_mix,320,mixture,97.75,97.75,10,105.0,False,,,True,A_SHOT_VAL,True,0.19079245213391743,0.1399521566346674,0.0,True,True,True,False,False
1631,mix75,MIX75,fam_a16c139f423a,3,exact_chemistry,series_mix,320,mixture,98.55,98.55,10,105.0,False,,,True,D_CORE,True,0.19079245213391743,0.1399521566346674,0.0,True,True,True,False,False
1632,mix77,MIX77,fam_a16c139f423a,3,exact_chemistry,series_mix,320,mixture,97.75,97.75,10,105.0,False,,,True,D_CORE,True,0.19079245213391743,0.1399521566346674,0.0,True,True,True,False,False
1633,mix8,MIX8,fam_e9836a6db1ad,1,singleton,series_mix,320,mixture,89.72999999999999,89.73,10,105.0,False,,,True,D_CORE,True,0.9792468922444231,0.7929348343332321,0.0,True,True,True,False,False
1634,mix80,MIX80,fam_17a6d6d48d3a,3,exact_chemistry,series_mix,320,mixture,98.65,98.65,10,105.0,False,,,True,D_CORE,True,0.9618253215605646,0.787511683590653,0.0,True,True,True,False,False
1635,mix801,MIX801,fam_20c08f82a66c,1,singleton,series_mix,320,mixture,96.72,96.72,10,105.0,False,,,True,A_SEEN_TEST,True,0.670805578570117,0.45430210458933906,0.0,True,True,True,False,False
1636,mix802,MIX802,fam_0fbea3e686a2,1,singleton,series_mix,320,mixture,98.17999999999999,98.18,10,105.0,False,,,True,A_SEEN_TEST,True,1.01402297075423,0.9120225726532402,0.0,True,True,True,False,False
1637,mix803,MIX803,fam_1682a8b7cabb,1,singleton,series_mix,320,mixture,98.16000000000001,98.16,10,105.0,False,,,True,D_CORE,True,0.744165921647462,0.5502233026878206,0.0,True,True,True,False,False
1638,mix805,MIX805,fam_97da1559d6eb,1,singleton,series_mix,320,mixture,97.57,97.57,10,105.0,False,,,True,T_IN,True,0.43450811907095654,0.3170898531703793,0.4056022118594925,True,True,True,False,False
1639,mix809,MIX809,fam_cc8986613be9,1,singleton,series_mix,320,mixture,97.77000000000002,97.77,10,105.0,False,,,True,D_CORE,True,0.277867397574935,0.20941582340033235,0.0,True,True,True,False,False
1640,mix81,MIX81,fam_17a6d6d48d3a,3,exact_chemistry,series_mix,320,mixture,99.42,99.42,10,105.0,False,,,True,D_CORE,True,0.9618253215605646,0.787511683590653,0.0,True,True,True,False,False
1641,mix813,MIX813,fam_d43a90adfdff,1,singleton,series_mix,320,mixture,97.93,97.93,10,105.0,False,,,True,D_CORE,True,0.20316309977821254,0.15985878017114774,0.0,True,True,True,False,False
1642,mix815,MIX815,fam_a074923a67dc,1,singleton,series_mix,320,mixture,99.30000000000003,99.3,10,105.0,False,,,True,D_CORE,True,0.5488742648570728,0.36554759124981234,0.0,True,True,True,False,False
1643,mix817,MIX817,fam_286bbfb4bf84,1,singleton,series_mix,320,mixture,98.00999999999999,98.01,10,105.0,False,,,True,T_IN,True,0.18357972692186186,0.12973051423830056,0.08827025656214736,True,True,True,False,False
1644,mix819,MIX819,fam_8f08079898cc,1,singleton,series_mix,320,mixture,99.42999999999999,99.43,10,105.0,False,,,True,D_CORE,True,0.5327409548903922,0.3423712238735847,0.0,True,True,True,False,False
1645,mix83,MIX83,fam_17a6d6d48d3a,3,exact_chemistry,series_mix,320,mixture,98.65,98.65,10,105.0,False,,,True,D_CORE,True,0.9618253215605646,0.787511683590653,0.0,True,True,True,False,False
1646,mix86,MIX86,fam_f457655cc65d,3,exact_chemistry,series_mix,320,mixture,97.92999999999999,97.93,10,105.0,False,,,True,D_CORE,True,0.5245529776523405,0.33307458979578963,0.0,True,True,True,False,False
1647,mix87,MIX87,fam_f457655cc65d,3,exact_chemistry,series_mix,320,mixture,98.67,98.67,10,105.0,False,,,True,D_CORE,True,0.5245529776523405,0.33307458979578963,0.0,True,True,True,False,False
1648,mix89,MIX89,fam_f457655cc65d,3,exact_chemistry,series_mix,320,mixture,97.92999999999999,97.93,10,105.0,False,,,True,D_CORE,True,0.5245529776523405,0.33307458979578963,0.0,True,True,True,False,False
1649,mix99,MIX99,fam_d3a60dfb5926,3,exact_chemistry,series_mix,320,mixture,110.0,110.0,10,105.0,True,nonclosed_mixture,major_oxide_sum_gt_105:110,False,STRESS_NONCLOSED_MIXTURE,True,,,,True,True,True,False,False
1650,mkl,MKL,fam_4a0ea1158d3c,1,singleton,family_fam_4a0ea1158d3c,1,other,99.71000000000001,99.71,10,105.0,False,,,True,D_CORE,True,,,,True,False,True,True,True
1651,mkmn,MKMN,fam_62ca36f5233f,1,singleton,family_fam_62ca36f5233f,1,other,99.52,99.52,10,105.0,False,,,True,D_CORE,True,,,,True,False,True,True,True
1652,ml129,ML129,fam_7e3e4630475a,1,singleton,series_ml,34,other,100.10000000000001,100.1,10,105.0,False,,,True,D_CORE,True,0.3671761527050794,0.2894586664923366,0.0,True,True,True,False,False
1653,ml177,ML177,fam_1395c23a0176,1,singleton,series_ml,34,other,99.72,99.72,10,105.0,False,,,True,T_ALL5,True,0.359211265199718,0.27058291060888245,0.03785857215634289,True,True,True,True,True
1654,ml19,ML19,fam_92a4660f6a4a,1,singleton,series_ml,34,other,99.83999999999999,99.84,10,105.0,False,,,True,D_CORE,True,0.7499036623713975,0.5777606582254595,0.0,True,True,True,False,False
1655,ml190,ML190,fam_7d62e9b6579b,1,singleton,series_ml,34,other,99.71000000000001,99.71,10,105.0,False,,,True,D_CORE,True,0.35799441177827335,0.26871082842204447,0.0,True,True,True,False,False
1656,ml20,ML20,fam_f35bd58cfecc,1,singleton,series_ml,34,other,99.70000000000002,99.7,10,105.0,False,,,True,D_CORE,True,0.402820260595442,0.32246964584821264,0.0,True,True,True,False,False
1657,ml223,ML223,fam_a74b9159100f,1,singleton,series_ml,34,other,99.89,99.89,10,105.0,False,,,True,D_CORE,True,0.385512121141683,0.3001509938483813,0.0,True,True,True,False,False
1658,ml269,ML269,fam_54f04398eb6a,1,singleton,series_ml,34,other,99.61,99.61,10,105.0,False,,,True,D_CORE,True,0.35994183390134227,0.27832894525581786,0.0,True,True,True,False,False
1659,ml28,ML28,fam_b40d4f4b85dd,1,singleton,series_ml,34,other,99.69000000000001,99.69,10,105.0,False,,,True,T_ALL5,True,0.3728327975548713,0.29153911423219514,0.057367442942403646,True,True,True,True,True
1660,ml284,ML284,fam_96ed264e8622,1,singleton,series_ml,34,other,100.29,100.29,10,105.0,False,,,True,T_ALL5,True,0.4676938881281401,0.3662284607394453,0.08765108721195358,True,True,True,True,True
1661,ml285,ML285,fam_389bf3dd401e,1,singleton,series_ml,34,other,100.05999999999999,100.06,10,105.0,False,,,True,D_CORE,True,0.5086730923274547,0.414657266409913,0.0,True,True,True,False,False
1662,ml286,ML286,fam_a8b6c5e75bf3,1,singleton,series_ml,34,other,100.13,100.13,10,105.0,False,,,True,D_CORE,True,0.4530026688067662,0.3602810764768484,0.0,True,True,True,False,False
1663,ml287,ML287,fam_9589fa823c9a,1,singleton,series_ml,34,other,99.92999999999998,99.93,10,105.0,False,,,True,T_ALL5,True,0.8050194804990953,0.5973738727353404,0.12690788637664946,True,True,True,True,True
1664,ml288,ML288,fam_ee69be1b9660,1,singleton,series_ml,34,other,100.27000000000001,100.27,10,105.0,False,,,True,T_ALL5,True,0.3729380055105968,0.2895079375628103,0.09108466812486286,True,True,True,True,True
1665,ml31,ML31,fam_4a7ed7346414,1,singleton,series_ml,34,other,99.85000000000001,99.85,10,105.0,False,,,True,D_CORE,True,0.7843969611033431,0.5984330894950912,0.0,True,True,True,False,False
1666,ml34,ML34,fam_5f31e1763b05,1,singleton,series_ml,34,other,99.54,99.54,10,105.0,False,,,True,D_CORE,True,0.3641466968709399,0.2825833945754339,0.0,True,True,True,False,False
1667,ml37,ML37,fam_7fa1ee24dfce,1,singleton,series_ml,34,other,99.62,99.62,10,105.0,False,,,True,T_ALL5,True,0.36506288375453,0.2862074834914914,0.04468122810446947,True,True,True,True,True
1668,ml41,ML41,fam_1dab20969081,1,singleton,series_ml,34,other,99.14000000000001,99.14,10,105.0,False,,,True,T_ALL5,True,0.46043990750722497,0.40054859534729575,0.1939585031583866,True,True,True,True,True
1669,ml45,ML45,fam_b2de18d9fb37,1,singleton,series_ml,34,other,99.88999999999999,99.89,10,105.0,False,,,True,D_CORE,True,,,,True,False,True,True,True
1670,ml47,ML47,fam_680c24858eee,1,singleton,series_ml,34,other,99.74,99.74,10,105.0,False,,,True,T_ALL5,True,0.37538131947541353,0.291080932808866,0.07546984351292538,True,True,True,True,True
1671,ml52,ML52,fam_c73e35d93488,1,singleton,series_ml,34,other,99.54,99.54,10,105.0,False,,,True,T_ALL5,True,0.39228870719343567,0.3149133893203024,0.055898711499208005,True,True,True,True,True
1672,ml62a,ML62A,fam_a5de9d6a7654,1,singleton,series_ml,34,other,99.50999999999999,99.51,10,105.0,False,,,True,T_ALL5,True,0.3805981235877358,0.31010785246565414,0.10120930771098667,True,True,True,True,True
1673,ml66,ML66,fam_f8a521c718d3,1,singleton,series_ml,34,other,100.16000000000001,100.16,10,105.0,False,,,True,T_ALL5,True,0.5444462141680533,0.41671863473910836,0.06459330564065086,True,True,True,True,True
1674,ml71,ML71,fam_ae17eae2b51c,1,singleton,series_ml,34,other,99.16000000000001,99.16,10,105.0,False,,,True,T_ALL5,True,0.4322767300868445,0.37184277589241616,0.11212212209559332,True,True,True,True,True
1675,ml72,ML72,fam_e45fd1c21dfb,1,singleton,series_ml,34,other,100.15999999999998,100.16,10,105.0,False,,,True,T_ALL5,True,0.3980394314650766,0.2836413738283896,0.11503324489111731,True,True,True,True,True
1676,ml80,ML80,fam_fc5d6e65edd1,1,singleton,series_ml,34,other,99.35000000000001,99.35,10,105.0,False,,,True,D_CORE,True,0.388940756054852,0.3032677584244739,0.0,True,True,True,False,False
1677,ml81,ML81,fam_e4ab56f44dbd,1,singleton,series_ml,34,other,99.64999999999999,99.65,10,105.0,False,,,True,T_ALL5,True,0.36952409912132345,0.2930708917480967,0.08218279326993203,True,True,True,True,True
1678,ml83,ML83,fam_a1aab12bfedc,1,singleton,series_ml,34,other,99.83,99.83,10,105.0,False,,,True,T_ALL5,True,0.4310408065935144,0.35865085585552386,0.13042860720076696,True,True,True,True,True
1679,ml84,ML84,fam_03cd41b3ecf6,1,singleton,series_ml,34,other,99.57000000000001,99.57,10,105.0,False,,,True,D_CORE,True,1.4105324006769524,0.9506998629930831,0.0,True,True,True,False,False
1680,ml85,ML85,fam_9d538b86b97c,1,singleton,series_ml,34,other,99.63,99.63,10,105.0,False,,,True,T_ALL5,True,1.3336402880450944,0.9071938214081859,0.15262345081226047,True,True,True,True,True
1681,ml86,ML86,fam_6c6502205c58,1,singleton,series_ml,34,other,99.61999999999999,99.62,10,105.0,False,,,True,T_ALL5,True,0.42027471027328345,0.3533781300253992,0.12597989938970688,True,True,True,True,True
1682,ml87,ML87,fam_cd8d05386170,1,singleton,series_ml,34,other,99.4,99.4,10,105.0,False,,,True,D_CORE,True,1.0848081401550167,0.7554005310598142,0.0,True,True,True,False,False
1683,ml88,ML88,fam_56d43a2474d7,1,singleton,series_ml,34,other,99.42,99.42,10,105.0,False,,,True,T_ALL5,True,0.9093973976567341,0.662033419839415,0.16172789185881245,True,True,True,True,True
1684,ml91,ML91,fam_d3be43e034af,1,singleton,series_ml,34,other,99.81000000000002,99.81,10,105.0,False,,,True,D_CORE,True,0.42061596547344426,0.3350026896015568,0.0,True,True,True,False,False
1685,ml95,ML95,fam_2efe8b15e6e2,1,singleton,series_ml,34,other,99.8,99.8,10,105.0,False,,,True,T_ALL5,True,0.36602582718240584,0.30113078219946565,0.09254132238796975,True,True,True,True,True
1686,mn45,MN45,fam_700fc2d493cd,1,singleton,family_fam_700fc2d493cd,1,other,99.61000000000001,99.61,9,105.0,False,,,True,D_CORE,True,,,,True,False,True,False,False
1687,mnw,MNW,fam_4f560eb5c28c,1,singleton,family_fam_4f560eb5c28c,1,other,99.37999999999998,99.38,10,105.0,False,,,True,D_CORE,True,,,,True,False,True,True,True
1688,mq3moil,MQ3MOIL,fam_1f7a01a8e403,1,singleton,family_fam_1f7a01a8e403,1,other,99.61,99.61,10,105.0,False,,,True,D_CORE,True,,,,True,False,True,True,True
1689,mr0602,MR0602,fam_9e9eec1eef98,1,singleton,family_fam_9e9eec1eef98,1,other,100.07999999999998,100.08,10,105.0,False,,,True,T_IN,True,0.6638967872620348,0.45007568892492156,0.4365725035517636,True,True,True,False,False
1690,mr0604,MR0604,fam_c99087c8fc4d,1,singleton,family_fam_c99087c8fc4d,1,other,99.99,99.99,10,105.0,False,,,True,D_CORE,True,0.6994577873643627,0.48378086368904943,0.0,True,True,True,False,False
1691,mr0607,MR0607,fam_0ebd21562243,1,singleton,family_fam_0ebd21562243,1,other,99.58999999999997,99.59,10,105.0,False,,,True,V_IN,True,0.7526852277978242,0.5359431024451233,0.4068069263674108,True,True,True,False,False
1692,mr0608,MR0608,fam_33a7320f444e,1,singleton,family_fam_33a7320f444e,1,other,99.66999999999999,99.67,10,105.0,False,,,True,V_IN,True,0.7015147560126036,0.5704149449677718,0.41387336411020775,True,True,True,False,False
1693,mr0609,MR0609,fam_8691d7e691bc,1,singleton,family_fam_8691d7e691bc,1,other,99.51,99.51,10,105.0,False,,,True,T_IN,True,0.9912792987517209,0.8368507357819696,0.40275968708863397,True,True,True,False,False
1694,mr0614,MR0614,fam_a0c2619d7513,1,singleton,family_fam_a0c2619d7513,1,other,100.01000000000002,100.01,10,105.0,False,,,True,T_OOD,True,1.832285629682632,1.1166909763922106,2.1052638401275523,True,True,True,False,False
1695,mr0616,MR0616,fam_067f6e11317b,1,singleton,family_fam_067f6e11317b,1,other,99.62,99.62,10,105.0,False,,,True,V_IN,True,0.5552934514943235,0.43989166166450006,0.3684894956160751,True,True,True,False,False
1696,mr0617,MR0617,fam_9be0fa131586,1,singleton,family_fam_9be0fa131586,1,other,99.69,99.69,10,105.0,False,,,True,D_CORE,True,0.6808635894135494,0.5849643946568971,0.0,True,True,True,False,False
1697,mr0618,MR0618,fam_de79c252d54a,1,singleton,family_fam_de79c252d54a,1,other,99.98,99.98,10,105.0,False,,,True,D_CORE,True,0.8856195131001275,0.7475748481623582,0.0,True,True,True,False,False
1698,mt0125,MT0125,fam_453daa17f1f4,1,singleton,family_fam_453daa17f1f4,1,other,99.86000000000001,99.86,10,105.0,False,,,True,D_CORE,True,1.0047167359548366,0.6577911600080155,0.0,True,True,True,False,False
1699,mt0132,MT0132,fam_244afb60445f,1,singleton,family_fam_244afb60445f,1,other,100.33,100.33,10,105.0,False,,,True,T_IN,True,0.9398708415878363,0.7911185805539133,0.52799293806684,True,True,True,False,False
1700,mt0134,MT0134,fam_ef9135dcc602,1,singleton,family_fam_ef9135dcc602,1,other,99.91,99.91,10,105.0,False,,,True,D_CORE,True,1.3884067514608107,0.9427833549690374,0.0,True,True,True,False,False
1701,mt0303,MT0303,fam_b28076edae72,1,singleton,family_fam_b28076edae72,1,other,99.66999999999999,99.67,10,105.0,False,,,True,T_IN,True,0.8606423638293281,0.6930150927601076,0.5492120733550182,True,True,True,False,False
1702,mt0304,MT0304,fam_58b3a309d023,1,singleton,family_fam_58b3a309d023,1,other,99.67999999999999,99.68,10,105.0,False,,,True,D_CORE,True,0.9977911486759811,0.7509408063151233,0.0,True,True,True,False,False
1703,mt0305,MT0305,fam_8fd9ddaef54e,1,singleton,family_fam_8fd9ddaef54e,1,other,99.87000000000002,99.87,10,105.0,False,,,True,A_SEEN_TEST,True,1.3646497944210059,0.9172292959804488,0.0,True,True,True,False,False
1704,mt0306,MT0306,fam_963a5fb31bbe,1,singleton,family_fam_963a5fb31bbe,1,other,99.51999999999998,99.52,10,105.0,False,,,True,D_CORE,True,1.0720684700506824,0.7842289500566778,0.0,True,True,True,False,False
1705,mt0308,MT0308,fam_5b14b54b085b,1,singleton,family_fam_5b14b54b085b,1,other,99.86,99.86,10,105.0,False,,,True,D_CORE,True,0.990801078658436,0.7398625726062827,0.0,True,True,True,False,False
1706,mt0309,MT0309,fam_36599aacd4eb,1,singleton,family_fam_36599aacd4eb,1,other,100.03999999999999,100.04,10,105.0,False,,,True,A_SEEN_TEST,True,1.1827891948644502,0.7625652503397254,0.0,True,True,True,False,False
1707,mt0409,MT0409,fam_7228ae1fae85,1,singleton,family_fam_7228ae1fae85,1,other,100.19999999999999,100.2,10,105.0,False,,,True,D_CORE,True,1.0135046984910365,0.6380161432798664,0.0,True,True,True,False,False
1708,mt0411,MT0411,fam_1ea9d7fb9751,1,singleton,family_fam_1ea9d7fb9751,1,other,100.19,100.19,10,105.0,False,,,True,D_CORE,True,1.0079570582795894,0.652077305049979,0.0,True,True,True,False,False
1709,mt0602,MT0602,fam_ef93da05ed6a,1,singleton,family_fam_ef93da05ed6a,1,other,100.33,100.33,10,105.0,False,,,True,D_CORE,True,0.8253144250420337,0.6239841228486194,0.0,True,True,True,False,False
1710,mt0604,MT0604,fam_cd55a50535ff,1,singleton,family_fam_cd55a50535ff,1,other,99.99,99.99,10,105.0,False,,,True,T_OOD,True,1.600755792739526,1.1894543044046908,0.9121398440732814,True,True,True,False,False
1711,mt0606,MT0606,fam_1e2c1c02f5c8,1,singleton,family_fam_1e2c1c02f5c8,1,other,100.11,100.11,10,105.0,False,,,True,V_IN,True,0.5882456548823948,0.43475552634590003,0.5119707914009115,True,True,True,False,False
1712,mt0613,MT0613,fam_d982b224920b,1,singleton,family_fam_d982b224920b,1,other,100.16,100.16,10,105.0,False,,,True,D_CORE,True,1.026740217846147,0.6359693700428267,0.0,True,True,True,False,False
1713,mt0614,MT0614,fam_ff83e3dd20a4,1,singleton,family_fam_ff83e3dd20a4,1,other,99.57000000000002,99.57,10,105.0,False,,,True,D_CORE,True,1.1723932262610084,0.8224962328512974,0.0,True,True,True,False,False
1714,mt0701,MT0701,fam_6082202b14e2,1,singleton,family_fam_6082202b14e2,1,other,99.59,99.59,10,105.0,False,,,True,T_OOD,True,1.4782042217943496,1.1381731470948577,0.4083178991532713,True,True,True,False,False
1715,mt0801,MT0801,fam_52963d40e335,1,singleton,family_fam_52963d40e335,1,other,100.06,100.06,10,105.0,False,,,True,V_IN,True,0.8984984377585588,0.7780676328252814,0.692981763071152,True,True,True,False,False
1716,mt959,MT959,fam_586e52f17f85,1,singleton,family_fam_586e52f17f85,1,other,100.11,100.11,10,105.0,False,,,True,D_CORE,True,1.0282935445494303,0.7499235061854691,0.0,True,True,True,False,False
1717,mt9811,MT9811,fam_bb7a13f46c94,1,singleton,family_fam_bb7a13f46c94,1,other,100.1,100.1,10,105.0,False,,,True,T_IN,True,0.7187043306831499,0.5738398329451094,0.590659044300357,True,True,True,False,False
1718,mt9816,MT9816,fam_d5e5d8820c5c,1,singleton,family_fam_d5e5d8820c5c,1,other,100.24000000000001,100.24,10,105.0,False,,,True,D_CORE,True,1.2405206704650018,0.9184586556090957,0.0,True,True,True,False,False
1719,mt989a,MT989A,fam_ac7207361ad9,1,singleton,family_fam_ac7207361ad9,1,other,100.27,100.27,10,105.0,False,,,True,D_CORE,True,0.6765825706155499,0.5362454292301394,0.0,True,True,True,False,False
1720,mt991,MT991,fam_2bba486263eb,1,singleton,family_fam_2bba486263eb,1,other,100.23,100.23,10,105.0,False,,,True,D_CORE,True,0.5404291131378873,0.43789127458763655,0.0,True,True,True,False,False
1721,mtr1,MTR1,fam_1245ffc2001b,1,singleton,family_fam_1245ffc2001b,1,other,100.32000000000001,100.32,10,105.0,False,,,True,V_IN,True,0.8917555446006205,0.6526262626413891,0.6743942818845284,True,True,True,False,False
1722,mtspqd,MTSPQD,fam_7845d9cc0ed6,1,singleton,family_fam_7845d9cc0ed6,1,other,99.82,99.82,10,105.0,False,,,True,D_CORE,True,,,,True,False,True,True,True
1723,musc9,MUSC9,fam_0b87bc267ae7,1,singleton,family_fam_0b87bc267ae7,1,other,94.67999999999999,94.68,9,105.0,False,,,True,D_CORE,False,,,,True,True,True,False,False
1724,muscoc17,MUSCOC17,fam_ca03f8b53fd6,1,singleton,family_fam_ca03f8b53fd6,1,other,95.02,95.02,9,105.0,False,,,True,D_CORE,False,,,,True,True,True,False,False
1725,n10ma004,N10MA004,fam_b75d853f461f,1,singleton,family_fam_b75d853f461f,1,other,100.32,100.32,10,105.0,False,,,True,D_CORE,True,0.8847732787841585,0.7925561731039938,0.0,True,True,True,False,False
1726,n10ma01,N10MA01,fam_59436410b1ce,1,singleton,family_fam_59436410b1ce,1,other,99.96000000000001,99.96,10,105.0,False,,,True,D_CORE,True,,,,False,True,True,False,False
1727,n10ma011,N10MA011,fam_debf9dfaa7d0,1,singleton,family_fam_debf9dfaa7d0,1,other,100.18000000000002,100.18,10,105.0,False,,,True,D_CORE,True,1.0484922496540783,0.9227012195285514,0.0,True,True,True,False,False
1728,n10ma013,N10MA013,fam_6a5ee772039c,1,singleton,family_fam_6a5ee772039c,1,other,99.55000000000001,99.55,10,105.0,False,,,True,D_CORE,True,1.0679765478893706,0.9183579836310715,0.0,True,True,True,False,False
1729,n10ma015,N10MA015,fam_7d597a241cef,1,singleton,family_fam_7d597a241cef,1,other,100.32,100.32,10,105.0,False,,,True,D_CORE,True,1.3322141089175759,1.0764738928774473,0.0,True,True,True,False,False
1730,n10ma017,N10MA017,fam_2721f7a2f1f9,1,singleton,family_fam_2721f7a2f1f9,1,other,100.02000000000001,100.02,10,105.0,False,,,True,D_CORE,True,1.3324584537062587,1.0360144208446567,0.0,True,True,True,False,False
1731,n10ma02,N10MA02,fam_ddbe21ab819a,1,singleton,family_fam_ddbe21ab819a,1,other,100.55999999999999,100.56,10,105.0,False,,,True,D_CORE,True,0.9425045932695978,0.8357237560069227,0.0,True,True,True,False,False
1732,n10ma03,N10MA03,fam_ac649a4048a7,1,singleton,family_fam_ac649a4048a7,1,other,99.93,99.93,10,105.0,False,,,True,A_SHOT_VAL,True,0.9406667437053255,0.8117814749661226,0.0,True,True,True,False,False
1733,n10ma06,N10MA06,fam_0d985c6abbbd,1,singleton,family_fam_0d985c6abbbd,1,other,100.00999999999999,100.01,10,105.0,False,,,True,D_CORE,True,0.9110235185070823,0.8358723321283266,0.0,True,True,True,False,False
1734,n10ma08,N10MA08,fam_be32cebcc630,1,singleton,family_fam_be32cebcc630,1,other,99.97999999999999,99.98,10,105.0,False,,,True,D_CORE,True,1.0795410817326676,0.9361495741592207,0.0,True,True,True,False,False
1735,n10ma09,N10MA09,fam_3a3b95e5d53e,1,singleton,family_fam_3a3b95e5d53e,1,other,99.37999999999998,99.38,10,105.0,False,,,True,V_IN,True,0.7172050771050498,0.5637473926398289,0.5811042876791797,True,True,True,False,False
1736,n10ma12,N10MA12,fam_750f79abd24f,1,singleton,family_fam_750f79abd24f,1,other,100.16999999999999,100.17,10,105.0,False,,,True,T_OOD,True,1.4247138387942226,1.0830934139464006,0.2116432556549746,True,True,True,False,False
1737,n10ma14,N10MA14,fam_25c2b483a052,1,singleton,family_fam_25c2b483a052,1,other,100.38000000000001,100.38,10,105.0,False,,,True,D_CORE,True,1.1498940455432396,0.9580330601767617,0.0,True,True,True,False,False
1738,n10ma21,N10MA21,fam_9ef22cb36715,1,singleton,family_fam_9ef22cb36715,1,other,99.72000000000001,99.72,10,105.0,False,,,True,D_CORE,True,0.6734282762850343,0.5921848873614517,0.0,True,True,True,False,False
1739,n10ma23,N10MA23,fam_df26e138462f,1,singleton,family_fam_df26e138462f,1,other,100.14,100.14,10,105.0,False,,,True,A_SHOT_VAL,True,0.9916428503314936,0.8738294608677586,0.0,True,True,True,False,False
1740,n10ma24,N10MA24,fam_e0e9cc288792,1,singleton,family_fam_e0e9cc288792,1,other,100.12000000000002,100.12,10,105.0,False,,,True,D_CORE,True,1.008954258947829,0.8902907649154135,0.0,True,True,True,False,False
1741,n10ma26,N10MA26,fam_3e31acdf1d16,1,singleton,family_fam_3e31acdf1d16,1,other,100.35,100.35,10,105.0,False,,,True,D_CORE,True,1.0961558087267271,0.926715337051692,0.0,True,True,True,False,False
1742,n10ma28a,N10MA28A,fam_895ae8462d97,1,singleton,family_fam_895ae8462d97,1,other,99.86,99.86,10,105.0,False,,,True,T_IN,True,0.4925986336762165,0.3881474446971703,0.5202811503316798,True,True,True,False,False
1743,n10ma29,N10MA29,fam_761f435e64fb,1,singleton,family_fam_761f435e64fb,1,other,99.72,99.72,10,105.0,False,,,True,D_CORE,True,0.6876308130235621,0.6173709538789941,0.0,True,True,True,False,False
1744,nbs1cma,NBS1CMA,fam_0fd27a38f6f0,4,name_alias,family_fam_0fd27a38f6f0,4,other,59.85,59.85,10,105.0,False,,,True,D_CORE,False,,,,True,True,True,False,False
1745,nbs1cmb,NBS1CMB,fam_0fd27a38f6f0,4,name_alias,family_fam_0fd27a38f6f0,4,other,59.85,59.85,10,105.0,False,,,True,D_CORE,False,,,,True,True,True,False,False
1746,nbs1cmc,NBS1CMC,fam_0fd27a38f6f0,4,name_alias,family_fam_0fd27a38f6f0,4,other,59.85,59.85,10,105.0,False,,,True,D_CORE,False,,,,True,True,True,False,False
1747,nbs1cmd,NBS1CMD,fam_0fd27a38f6f0,4,name_alias,family_fam_0fd27a38f6f0,4,other,59.85,59.85,10,105.0,False,,,True,D_CORE,False,,,,True,True,True,False,False
1748,near164a,NEAR164A,fam_fab88cc1f92b,1,singleton,family_fam_fab88cc1f92b,1,other,99.47999999999999,99.48,10,105.0,False,,,True,D_CORE,True,,,,False,True,True,False,False
1749,ner02204,NER02204,fam_168ee1d66593,1,singleton,family_fam_168ee1d66593,1,other,99.79,99.79,10,105.0,False,,,True,D_CORE,True,,,,True,False,True,True,True
1750,ner02206,NER02206,fam_5bc9e3ffe9d1,1,singleton,family_fam_5bc9e3ffe9d1,1,other,99.53,99.53,10,105.0,False,,,True,D_CORE,True,,,,True,False,True,True,True
1751,ner1115,NER1115,fam_ff2348fe64d5,1,singleton,family_fam_ff2348fe64d5,1,other,100.3,100.3,10,105.0,False,,,True,D_CORE,True,,,,True,False,True,True,True
1752,ner133,NER133,fam_528a7b52b16d,1,singleton,family_fam_528a7b52b16d,1,other,100.23000000000002,100.23,10,105.0,False,,,True,D_CORE,True,,,,True,False,True,True,True
1753,ner1432,NER1432,fam_30199dccda0a,1,singleton,family_fam_30199dccda0a,1,other,100.02000000000001,100.02,10,105.0,False,,,True,D_CORE,True,,,,True,False,True,True,True
1754,ner1482,NER1482,fam_0988a6b95c8c,1,singleton,family_fam_0988a6b95c8c,1,other,100.35000000000001,100.35,10,105.0,False,,,True,D_CORE,True,,,,True,False,True,True,True
1755,ner1511,NER1511,fam_ee77c95a02eb,1,singleton,family_fam_ee77c95a02eb,1,other,100.32000000000001,100.32,10,105.0,False,,,True,D_CORE,True,,,,True,False,True,True,True
1756,ner157,NER157,fam_5346b2ee0560,1,singleton,family_fam_5346b2ee0560,1,other,100.19,100.19,10,105.0,False,,,True,D_CORE,True,,,,True,False,True,True,True
1757,ner1621,NER1621,fam_255f1e7eef98,1,singleton,family_fam_255f1e7eef98,1,other,100.19000000000001,100.19,10,105.0,False,,,True,D_CORE,True,,,,True,False,True,True,True
1758,ner1631c,NER1631C,fam_7947b1ea51af,1,singleton,family_fam_7947b1ea51af,1,other,100.18,100.18,10,105.0,False,,,True,D_CORE,True,,,,True,False,True,True,True
1759,ner1745,NER1745,fam_4d45d123f347,1,singleton,family_fam_4d45d123f347,1,other,100.29,100.29,10,105.0,False,,,True,D_CORE,True,,,,True,False,True,True,True
1760,ner177,NER177,fam_2743ba6d169a,1,singleton,family_fam_2743ba6d169a,1,other,100.19999999999999,100.2,10,105.0,False,,,True,D_CORE,True,,,,True,False,True,True,True
1761,ner1810,NER1810,fam_0cba5b747699,1,singleton,family_fam_0cba5b747699,1,other,99.07,99.07,10,105.0,False,,,True,D_CORE,True,,,,False,False,False,True,True
1762,ner186,NER186,fam_af77bff7fc38,1,singleton,family_fam_af77bff7fc38,1,other,99.08,99.08,10,105.0,False,,,True,D_CORE,True,,,,True,False,True,True,True
1763,ner21,NER21,fam_ae191b19ed3e,1,singleton,family_fam_ae191b19ed3e,1,other,99.89,99.89,10,105.0,False,,,True,D_CORE,True,,,,True,False,True,False,False
1764,ner2215,NER2215,fam_e021a7f5341d,1,singleton,family_fam_e021a7f5341d,1,other,100.18,100.18,10,105.0,False,,,True,D_CORE,True,,,,True,False,True,True,False
1765,ner2237,NER2237,fam_04b2a30b2b65,1,singleton,family_fam_04b2a30b2b65,1,other,99.71,99.71,10,105.0,False,,,True,D_CORE,True,,,,True,False,True,True,True
1766,ner2242c,NER2242C,fam_e2f7ec396b3b,1,singleton,family_fam_e2f7ec396b3b,1,other,99.59,99.59,10,105.0,False,,,True,D_CORE,True,,,,True,False,True,True,True
1767,ner242,NER242,fam_a87addbd96bd,1,singleton,family_fam_a87addbd96bd,1,other,99.57000000000002,99.57,10,105.0,False,,,True,D_CORE,True,,,,True,False,True,True,True
1768,ner2461,NER2461,fam_a1cad8bdf679,1,singleton,family_fam_a1cad8bdf679,1,other,99.47999999999999,99.48,10,105.0,False,,,True,D_CORE,True,,,,True,False,True,True,True
1769,ner2530,NER2530,fam_fcd0178df7ac,1,singleton,family_fam_fcd0178df7ac,1,other,100.12000000000002,100.12,10,105.0,False,,,True,D_CORE,True,,,,True,False,True,True,True
1770,ner2533,NER2533,fam_aa43b0f4d380,1,singleton,family_fam_aa43b0f4d380,1,other,100.10000000000001,100.1,10,105.0,False,,,True,D_CORE,True,,,,True,False,True,True,True
1771,ner265,NER265,fam_b1625c2ac694,1,singleton,family_fam_b1625c2ac694,1,other,100.21999999999998,100.22,10,105.0,False,,,True,D_CORE,True,,,,True,False,True,True,True
1772,ner271,NER271,fam_0f8576b90cfb,1,singleton,family_fam_0f8576b90cfb,1,other,100.30000000000001,100.3,10,105.0,False,,,True,D_CORE,True,,,,True,False,True,True,True
1773,ner276,NER276,fam_679cbaffea3b,1,singleton,family_fam_679cbaffea3b,1,other,98.82,98.82,10,105.0,False,,,True,D_CORE,False,,,,True,False,True,True,True
1774,ner28,NER28,fam_e299456cfb0f,1,singleton,family_fam_e299456cfb0f,1,other,100.08,100.08,10,105.0,False,,,True,D_CORE,True,,,,True,False,True,False,True
1775,ner2830,NER2830,fam_f7bacd20f775,1,singleton,family_fam_f7bacd20f775,1,other,100.37000000000002,100.37,10,105.0,False,,,True,D_CORE,True,,,,True,False,True,True,True
1776,ner2842,NER2842,fam_eaf7f481e358,1,singleton,family_fam_eaf7f481e358,1,other,99.73000000000002,99.73,10,105.0,False,,,True,D_CORE,True,,,,True,False,True,True,True
1777,ner2846,NER2846,fam_424d01a53863,1,singleton,family_fam_424d01a53863,1,other,100.17,100.17,10,105.0,False,,,True,D_CORE,True,,,,True,False,True,True,True
1778,ner29,NER29,fam_5fd9995880fa,1,singleton,family_fam_5fd9995880fa,1,other,100.39,100.39,10,105.0,False,,,True,D_CORE,True,,,,True,False,True,True,True
1779,ner305,NER305,fam_b823bef22c1f,1,singleton,family_fam_b823bef22c1f,1,other,99.73000000000002,99.73,10,105.0,False,,,True,D_CORE,True,,,,True,False,True,False,True
1780,ner309,NER309,fam_d91b209dcc84,1,singleton,family_fam_d91b209dcc84,1,other,99.93,99.93,10,105.0,False,,,True,D_CORE,True,,,,True,False,True,True,True
1781,ner311,NER311,fam_bc9f9f75ffc9,1,singleton,family_fam_bc9f9f75ffc9,1,other,100.12,100.12,10,105.0,False,,,True,D_CORE,True,,,,True,False,True,True,True
1782,ner313,NER313,fam_fd0960c02e16,1,singleton,family_fam_fd0960c02e16,1,other,99.69,99.69,10,105.0,False,,,True,D_CORE,True,,,,True,False,True,True,True
1783,ner321,NER321,fam_6878e6450ce9,1,singleton,family_fam_6878e6450ce9,1,other,99.87999999999998,99.88,10,105.0,False,,,True,D_CORE,True,,,,True,False,True,True,True
1784,ner3245,NER3245,fam_e29306ebaae0,1,singleton,family_fam_e29306ebaae0,1,other,99.67,99.67,10,105.0,False,,,True,D_CORE,True,,,,True,False,True,True,True
1785,ner3316,NER3316,fam_edaf04e96c0e,1,singleton,family_fam_edaf04e96c0e,1,other,99.69999999999997,99.7,10,105.0,False,,,True,D_CORE,True,,,,True,False,True,True,True
1786,ner339,NER339,fam_64284c9e1593,1,singleton,family_fam_64284c9e1593,1,other,99.74000000000001,99.74,10,105.0,False,,,True,D_CORE,True,,,,True,False,True,True,True
1787,ner45,NER45,fam_c7af8e0acb3e,1,singleton,family_fam_c7af8e0acb3e,1,other,99.88,99.88,10,105.0,False,,,True,D_CORE,True,,,,True,False,True,True,True
1788,nha,NHA,fam_a26ddc5afeca,1,singleton,family_fam_a26ddc5afeca,1,other,94.74999999999999,94.75,10,105.0,False,,,True,T_IN,True,1.0208029082106491,0.7300513546396683,0.6238059869840261,True,True,True,False,False
1789,nuuk,NUUK,fam_fe6a9ead1a1b,1,singleton,family_fam_fe6a9ead1a1b,1,other,100.12,100.12,10,105.0,False,,,True,D_CORE,True,0.8373033891838986,0.6253356226476654,0.0,True,True,True,False,False
1790,or9725,OR9725,fam_2b660f600741,1,singleton,family_fam_2b660f600741,1,other,99.67000000000002,99.67,10,105.0,False,,,True,T_IN,True,0.6207224172856934,0.5239911208416005,0.5550539194011965,True,True,True,False,False
1791,or9739,OR9739,fam_64eed34578ff,1,singleton,family_fam_64eed34578ff,1,other,99.89999999999998,99.9,10,105.0,False,,,True,D_CORE,True,0.6754430334984725,0.5668863371610829,0.0,True,True,True,False,False
1792,ow1483,OW1483,fam_b69d88601cee,1,singleton,family_fam_b69d88601cee,1,other,99.94,99.94,10,105.0,False,,,True,D_CORE,True,0.5414959302289993,0.36746243273045454,0.0,True,True,True,False,False
1793,ow1505,OW1505,fam_4ca1ad30160b,1,singleton,family_fam_4ca1ad30160b,1,other,100.10000000000001,100.1,10,105.0,False,,,True,T_IN,True,0.5215793067487087,0.35206356129275407,0.11129227472297926,True,True,True,False,False
1794,ow1519,OW1519,fam_ab121b872eb0,1,singleton,family_fam_ab121b872eb0,1,other,99.94999999999999,99.95,10,105.0,False,,,True,D_CORE,True,0.5223258910357809,0.3447019682884553,0.0,True,True,True,False,False
1795,ow2376p5,OW2376P5,fam_e8a7f6aa4663,1,singleton,family_fam_e8a7f6aa4663,1,other,100.01999999999998,100.02,10,105.0,False,,,True,D_CORE,True,0.5495944954416333,0.3749164335402866,0.0,True,True,True,False,False
1796,ow2409,OW2409,fam_bd7bdea978fe,1,singleton,family_fam_bd7bdea978fe,1,other,99.90999999999998,99.91,10,105.0,False,,,True,D_CORE,True,0.559561659973023,0.37059150150534587,0.0,True,True,True,False,False
1797,ow2418,OW2418,fam_06b91f4e4209,1,singleton,family_fam_06b91f4e4209,1,other,99.84000000000002,99.84,10,105.0,False,,,True,D_CORE,True,0.5721932986391917,0.3788154109122079,0.0,True,True,True,False,False
1798,ow2429,OW2429,fam_324768cf8bee,1,singleton,family_fam_324768cf8bee,1,other,99.73999999999998,99.74,10,105.0,False,,,True,D_CORE,True,0.5451783569939477,0.36646212638017694,0.0,True,True,True,False,False
1799,ow2442,OW2442,fam_b5e7888b74e8,1,singleton,family_fam_b5e7888b74e8,1,other,99.85,99.85,10,105.0,False,,,True,D_CORE,True,0.5485937264463183,0.3667601031903941,0.0,True,True,True,False,False
1800,ow2456p5,OW2456P5,fam_8808440650b8,1,singleton,family_fam_8808440650b8,1,other,100.29,100.29,10,105.0,False,,,True,D_CORE,True,0.5486051086596011,0.3717340520196439,0.0,True,True,True,False,False
1801,ow2486,OW2486,fam_8f855072a472,1,singleton,family_fam_8f855072a472,1,other,99.93,99.93,10,105.0,False,,,True,D_CORE,True,0.547113037270474,0.36943855757483285,0.0,True,True,True,False,False
1802,ow2500,OW2500,fam_a823e10c406c,1,singleton,family_fam_a823e10c406c,1,other,99.95,99.95,10,105.0,False,,,True,D_CORE,True,0.5509722961399979,0.3704194411806702,0.0,True,True,True,False,False
1803,ow2521,OW2521,fam_b93423ae3fd2,1,singleton,family_fam_b93423ae3fd2,1,other,99.63000000000001,99.63,10,105.0,False,,,True,D_CORE,True,0.5389032109058458,0.356808055475405,0.0,True,True,True,False,False
1804,ow2544,OW2544,fam_f2fbf546cc04,1,singleton,family_fam_f2fbf546cc04,1,other,99.71999999999998,99.72,10,105.0,False,,,True,D_CORE,True,0.5420673220665955,0.3650004990743443,0.0,True,True,True,False,False
1805,ow2596,OW2596,fam_b56ec4b87ce9,1,singleton,family_fam_b56ec4b87ce9,1,other,99.49,99.49,10,105.0,False,,,True,A_SHOT_VAL,True,0.5476820251807435,0.3703139235906321,0.0,True,True,True,False,False
1806,ow9902,OW9902,fam_1f5dc88d64d5,1,singleton,family_fam_1f5dc88d64d5,1,other,100.09999999999998,100.1,10,105.0,False,,,True,D_CORE,True,0.5438931593733616,0.361176576178081,0.0,True,True,True,False,False
1807,ow9911,OW9911,fam_9f4a93774077,1,singleton,family_fam_9f4a93774077,1,other,100.22999999999999,100.23,10,105.0,False,,,True,V_IN,True,0.7291704045573202,0.49800595117774,0.43293572642263556,True,True,True,False,False
1808,p10mt,P10MT,fam_76abd4f2fef1,1,singleton,family_fam_76abd4f2fef1,1,other,96.43999999999997,96.44,10,105.0,False,,,True,V_IN,True,0.8747145530515597,0.6534951166537224,0.6943125346956824,True,True,True,False,False
1809,p11mt,P11MT,fam_1530e620e287,1,singleton,family_fam_1530e620e287,1,other,95.82,95.82,10,105.0,False,,,True,T_OOD,True,1.4883409166912076,0.923954420198787,0.598343817339803,True,True,True,False,False
1810,p133409,P133409,fam_36969a854111,1,singleton,family_fam_36969a854111,1,other,53.05,53.05,8,105.0,False,,,True,D_CORE,False,,,,True,True,True,False,False
1811,p13mt,P13MT,fam_b5d51b625aaf,1,singleton,family_fam_b5d51b625aaf,1,other,96.54,96.54,10,105.0,False,,,True,T_OOD,True,1.417751248062002,0.9394763111482133,0.6096024122514229,True,True,True,False,False
1812,p1mt,P1MT,fam_4ac2b9742d88,1,singleton,family_fam_4ac2b9742d88,1,other,96.97000000000001,96.97,10,105.0,False,,,True,A_SEEN_TEST,True,1.2392268690744666,0.9263620841958947,0.0,True,True,True,False,False
1813,p2mt,P2MT,fam_c381e8124c90,1,singleton,family_fam_c381e8124c90,1,other,95.24,95.24,10,105.0,False,,,True,D_CORE,True,1.3099260534486956,0.8864539283016348,0.0,True,True,True,False,False
1814,p3mt,P3MT,fam_69f962d1207d,1,singleton,family_fam_69f962d1207d,1,other,96.73,96.73,10,105.0,False,,,True,T_IN,True,1.0905169956429193,0.8232849927171682,0.44997096840517176,True,True,True,False,False
1815,p4mt,P4MT,fam_7dc8386ac48a,1,singleton,family_fam_7dc8386ac48a,1,other,95.63999999999999,95.64,10,105.0,False,,,True,V_IN,True,0.7807690991153826,0.5924854741343869,0.4774213529642062,True,True,True,False,False
1816,p5mt,P5MT,fam_ad94d4bc2067,1,singleton,family_fam_ad94d4bc2067,1,other,95.32000000000002,95.32,10,105.0,False,,,True,V_IN,True,0.7798552390650608,0.5827590669914245,0.5230976550648715,True,True,True,False,False
1817,p6mt,P6MT,fam_ab8e9cf7d35a,1,singleton,family_fam_ab8e9cf7d35a,1,other,95.7,95.7,10,105.0,False,,,True,T_IN,True,0.6634034212129079,0.5161602281356401,0.591576992982213,True,True,True,False,False
1818,p7mt,P7MT,fam_085cc6df69c5,1,singleton,family_fam_085cc6df69c5,1,other,96.19,96.19,10,105.0,False,,,True,D_CORE,True,1.219221199481614,0.7628933533132004,0.0,True,True,True,False,False
1819,p8mt,P8MT,fam_ea01f8071efb,1,singleton,family_fam_ea01f8071efb,1,other,96.11,96.11,10,105.0,False,,,True,T_IN,True,0.6907657046296414,0.5019758888061148,0.485231729454475,True,True,True,False,False
1820,p9mt,P9MT,fam_b3646f1a779e,1,singleton,family_fam_b3646f1a779e,1,other,97.49000000000001,97.49,10,105.0,False,,,True,D_CORE,True,0.7935800119995726,0.6120105623742095,0.0,True,True,True,False,False
1821,pbm3,PBM3,fam_461f784a1ad9,1,singleton,family_fam_461f784a1ad9,1,other,96.75,96.75,9,105.0,False,,,True,D_CORE,False,,,,True,True,True,False,False
1822,pbsg,PBSG,fam_e6bdc26d0f61,1,singleton,family_fam_e6bdc26d0f61,1,other,99.99,99.99,10,105.0,False,,,True,D_CORE,True,,,,True,False,True,True,True
1823,pbsgnp,PBSGNP,fam_340847911336,1,singleton,family_fam_340847911336,1,other,99.58,99.58,10,105.0,False,,,True,D_CORE,True,,,,True,False,True,True,True
1824,pcc1,PCC1,fam_00928f5890be,3,name_alias,family_fam_00928f5890be,3,other,89.22,89.22,10,105.0,False,,,True,D_CORE,False,,,,True,False,True,True,True
1825,pcc1ma,PCC1MA,fam_00928f5890be,3,name_alias,family_fam_00928f5890be,3,other,94.74999999999999,94.75,9,105.0,False,,,True,D_CORE,False,,,,True,True,True,False,False
1826,pcc1mb,PCC1MB,fam_00928f5890be,3,name_alias,family_fam_00928f5890be,3,other,94.74999999999999,94.75,9,105.0,False,,,True,D_CORE,False,,,,True,True,True,False,False
1827,pg1,PG1,fam_cf43645051df,1,singleton,family_fam_cf43645051df,1,other,95.35000000000001,95.35,9,105.0,False,,,True,V_OOD,True,1.8235005223780827,1.365346797107839,1.4431570241152114,True,True,True,False,False
1828,pg2,PG2,fam_8f504cc74f41,1,singleton,family_fam_8f504cc74f41,1,other,95.05,95.05,9,105.0,False,,,True,V_OOD,True,1.9645234809918013,1.39340168308761,1.577697914138494,True,True,True,False,False
1829,pg3,PG3,fam_9cfbd716ecce,1,singleton,family_fam_9cfbd716ecce,1,other,94.73000000000002,94.73,9,105.0,False,,,True,V_OOD,True,1.956645079687636,1.389448395698031,1.5756752589826817,True,True,True,False,False
1830,pg4,PG4,fam_732c2df035ff,1,singleton,family_fam_732c2df035ff,1,other,95.03,95.03,9,105.0,False,,,True,V_OOD,True,1.5116365285423576,1.1554103726654934,0.8390928155020695,True,True,True,False,False
1831,pg5,PG5,fam_edd0e7eec7ac,1,singleton,family_fam_edd0e7eec7ac,1,other,94.85,94.85,9,105.0,False,,,True,T_OOD,True,1.7583479134390405,1.3326180952887792,1.40031175682095,True,True,True,False,False
1832,pg6,PG6,fam_f852f285cc6c,1,singleton,family_fam_f852f285cc6c,1,other,95.03000000000002,95.03,9,105.0,False,,,True,T_OOD,True,1.641397872608204,1.1826326501714681,1.1508017924779188,True,True,True,False,False
1833,phb,PHB,fam_cea584625761,1,singleton,family_fam_cea584625761,1,other,99.27000000000001,99.27,10,105.0,False,,,True,D_CORE,True,,,,True,False,True,True,True
1834,pl1,PL1,fam_8c07002c1bcb,2,name_alias,family_fam_8c07002c1bcb,2,other,97.06,97.06,10,105.0,False,,,True,D_CORE,True,1.1912048080755684,0.816457589345511,0.0,True,True,True,False,False
1835,pl1b,PL1B,fam_8c07002c1bcb,2,name_alias,family_fam_8c07002c1bcb,2,other,94.51000000000002,94.51,10,105.0,False,,,True,D_CORE,False,,,,True,True,True,False,False
1836,pl3,PL3,fam_6a50aa86a3a3,1,singleton,family_fam_6a50aa86a3a3,1,other,95.58000000000001,95.58,10,105.0,False,,,True,T_OOD,True,1.579202770051718,1.11710254098241,0.7929281107625719,True,True,True,False,False
1837,pl5,PL5,fam_d5b6cd346003,1,singleton,family_fam_d5b6cd346003,1,other,96.1,96.1,10,105.0,False,,,True,V_IN,True,0.9900523176056527,0.8090403549383265,0.5878672156219862,True,True,True,False,False
1838,pl6,PL6,fam_75aff0cdcee7,1,singleton,family_fam_75aff0cdcee7,1,other,92.50999999999999,92.51,10,105.0,False,,,True,D_CORE,False,,,,True,True,True,False,False
1839,pl7,PL7,fam_baa0fcebcf9e,1,singleton,family_fam_baa0fcebcf9e,1,other,95.72000000000003,95.72,10,105.0,False,,,True,D_CORE,False,,,,True,True,True,False,False
1840,pms,PMS,fam_63e8a2741c79,1,singleton,family_fam_63e8a2741c79,1,other,90.91000000000001,90.91,10,105.0,False,,,True,A_SEEN_TEST,True,0.7641018971102426,0.5802460084120539,0.0,True,True,True,False,False
1841,ps1,PS1,fam_c01e011e7cbf,1,singleton,family_fam_c01e011e7cbf,1,other,92.88999999999999,92.89,10,105.0,False,,,True,T_OOD,True,1.635065030856531,1.2129461924263159,1.154661553105486,True,True,True,False,False
1842,pv1,PV1,fam_557b7d42395d,1,singleton,family_fam_557b7d42395d,1,other,99.48,99.48,10,105.0,False,,,True,D_CORE,True,,,,True,False,True,True,True
1843,pw1,PW1,fam_02c593fd9af8,1,singleton,family_fam_02c593fd9af8,1,other,94.14,94.14,10,105.0,False,,,True,D_CORE,False,,,,True,True,True,False,False
1844,pw3,PW3,fam_67fab92a16d6,1,singleton,family_fam_67fab92a16d6,1,other,95.36,95.36,10,105.0,False,,,True,D_CORE,False,,,,True,True,True,False,False
1845,pw6,PW6,fam_5f7ad8780fc1,1,singleton,family_fam_5f7ad8780fc1,1,other,94.92000000000002,94.92,10,105.0,False,,,True,D_CORE,False,,,,True,True,True,False,False
1846,pw7,PW7,fam_132ecca866a3,1,singleton,family_fam_132ecca866a3,1,other,96.16000000000001,96.16,10,105.0,False,,,True,D_CORE,False,,,,True,True,True,False,False
1847,pyrrhotite,PYRRHOTITE,fam_33203ef4a7b5,1,singleton,family_fam_33203ef4a7b5,1,other,88.19,88.19,10,105.0,False,,,True,D_CORE,False,,,,True,True,True,False,False
1848,qlo1,QLO1,fam_23f4705a4c93,3,name_alias,family_fam_23f4705a4c93,3,other,98.84,98.84,10,105.0,False,,,True,D_CORE,True,0.7197106570540241,0.626683791175115,0.0,True,True,True,False,False
1849,qlo1mc,QLO1MC,fam_23f4705a4c93,3,name_alias,family_fam_23f4705a4c93,3,other,98.99,98.99,9,105.0,False,,,True,D_CORE,False,,,,True,True,True,False,False
1850,qlo1md,QLO1MD,fam_23f4705a4c93,3,name_alias,family_fam_23f4705a4c93,3,other,98.99,98.99,9,105.0,False,,,True,D_CORE,False,,,,True,True,True,False,False
1851,r103,R103,fam_8584170b9cc0,1,singleton,family_fam_8584170b9cc0,1,other,100.06,100.06,10,105.0,False,,,True,A_SHOT_VAL,True,1.0154176875006977,0.7079148496066201,0.0,True,True,True,False,False
1852,r108,R108,fam_d5ae5a316557,1,singleton,family_fam_d5ae5a316557,1,other,100.20000000000002,100.2,10,105.0,False,,,True,D_CORE,True,0.4756415985138505,0.3831436108596085,0.0,True,True,True,False,False
1853,r10ma02,R10MA02,fam_8102c4de35ed,1,singleton,family_fam_8102c4de35ed,1,other,99.55000000000001,99.55,10,105.0,False,,,True,D_CORE,True,0.7780374774746723,0.6705700378318336,0.0,True,True,True,False,False
1854,r10ma03,R10MA03,fam_17cd2c4dbe4a,1,singleton,family_fam_17cd2c4dbe4a,1,other,99.95999999999998,99.96,10,105.0,False,,,True,A_SEEN_TEST,True,0.686508911992223,0.5974160712020518,0.0,True,True,True,False,False
1855,r10ma04,R10MA04,fam_039e13364d19,1,singleton,family_fam_039e13364d19,1,other,99.58000000000001,99.58,10,105.0,False,,,True,A_SEEN_TEST,True,1.364354761504817,0.99387908720884,0.0,True,True,True,False,False
1856,r10ma05,R10MA05,fam_574cc420d26f,1,singleton,family_fam_574cc420d26f,1,other,99.52000000000001,99.52,10,105.0,False,,,True,D_CORE,True,,,,False,True,True,False,False
1857,r10ma08,R10MA08,fam_cb15cdcc547d,1,singleton,family_fam_cb15cdcc547d,1,other,99.58,99.58,10,105.0,False,,,True,D_CORE,True,0.9733690693772881,0.6233736434245574,0.0,True,True,True,False,False
1858,r10ma09,R10MA09,fam_b4f07ac70602,1,singleton,family_fam_b4f07ac70602,1,other,99.46000000000001,99.46,10,105.0,False,,,True,D_CORE,True,0.8611329134284013,0.6210723394413882,0.0,True,True,True,False,False
1859,r10ma10,R10MA10,fam_b73b3554ed86,1,singleton,family_fam_b73b3554ed86,1,other,99.62,99.62,10,105.0,False,,,True,D_CORE,True,0.8736164555065097,0.7080007849021314,0.0,True,True,True,False,False
1860,r11,R11,fam_ad950a963113,1,singleton,family_fam_ad950a963113,1,other,98.0,98.0,10,105.0,False,,,True,V_IN,True,0.9532743628659086,0.7330474178657633,0.3835564496761582,True,True,True,False,False
1861,r111,R111,fam_51b29cd0b6c2,1,singleton,family_fam_51b29cd0b6c2,1,other,99.95000000000003,99.95,10,105.0,False,,,True,V_IN,True,0.4023037588072189,0.3346860195576135,0.16594626797102432,True,True,True,False,False
1862,r114,R114,fam_519310cc0eda,1,singleton,family_fam_519310cc0eda,1,other,99.87,99.87,10,105.0,False,,,True,D_CORE,True,0.5090346831781681,0.4258382138590922,0.0,True,True,True,False,False
1863,r117,R117,fam_1a68fa06c7c0,1,singleton,family_fam_1a68fa06c7c0,1,other,100.1,100.1,10,105.0,False,,,True,D_CORE,True,0.4709305962497561,0.35319002719144366,0.0,True,True,True,False,False
1864,r121,R121,fam_c2df51122e6e,1,singleton,family_fam_c2df51122e6e,1,other,99.92000000000002,99.92,10,105.0,False,,,True,D_CORE,True,0.678837631983207,0.5275803184903947,0.0,True,True,True,False,False
1865,r126,R126,fam_5136c6387811,1,singleton,family_fam_5136c6387811,1,other,99.94000000000001,99.94,10,105.0,False,,,True,D_CORE,True,0.7369198270617476,0.5623818125203774,0.0,True,True,True,False,False
1866,r128,R128,fam_2b3a45c5855e,1,singleton,family_fam_2b3a45c5855e,1,other,99.71,99.71,10,105.0,False,,,True,T_OOD,True,1.6299251032137871,1.0633180967216143,0.5614850631831434,True,True,True,False,False
1867,r129,R129,fam_d0cf161fb1dc,1,singleton,family_fam_d0cf161fb1dc,1,other,99.81,99.81,10,105.0,False,,,True,D_CORE,True,1.150005521926809,0.7951098153276573,0.0,True,True,True,False,False
1868,r12ct01,R12CT01,fam_5668a0229f9d,1,singleton,family_fam_5668a0229f9d,1,other,99.42999999999998,99.43,10,105.0,False,,,True,T_IN,True,0.9920309774449518,0.7324291872523495,1.3081073254312034,True,True,True,False,False
1869,r133,R133,fam_0e4f005fc633,1,singleton,family_fam_0e4f005fc633,1,other,100.08999999999999,100.09,10,105.0,False,,,True,D_CORE,True,0.7859220843633693,0.5937871460556191,0.0,True,True,True,False,False
1870,r135,R135,fam_503b5ca844c1,1,singleton,family_fam_503b5ca844c1,1,other,100.09,100.09,10,105.0,False,,,True,D_CORE,True,0.799782738596821,0.6197747584853212,0.0,True,True,True,False,False
1871,r142,R142,fam_e76e611fd08b,1,singleton,family_fam_e76e611fd08b,1,other,100.08000000000001,100.08,10,105.0,False,,,True,D_CORE,True,0.5840602790553011,0.4502153961614522,0.0,True,True,True,False,False
1872,r153,R153,fam_42290df16ea7,1,singleton,family_fam_42290df16ea7,1,other,100.27000000000002,100.27,10,105.0,False,,,True,D_CORE,True,0.6676478721715581,0.5283091416684631,0.0,True,True,True,False,False
1873,r170,R170,fam_04b9b46d9353,2,exact_chemistry,family_fam_04b9b46d9353,2,other,99.70000000000002,99.7,10,105.0,False,,,True,D_CORE,True,1.0062874130316142,0.7318349340772616,0.0,True,True,True,False,False
1874,r2098m,R2098M,fam_bf9950f24559,1,singleton,family_fam_bf9950f24559,1,other,98.69000000000001,98.69,9,105.0,False,,,True,D_CORE,False,,,,True,True,True,False,False
1875,r21,R21,fam_fda189156150,1,singleton,family_fam_fda189156150,1,other,99.28,99.28,10,105.0,False,,,True,D_CORE,True,,,,True,False,True,False,False
1876,r2100m,R2100M,fam_b657fce4978d,1,singleton,family_fam_b657fce4978d,1,other,96.78999999999998,96.79,9,105.0,False,,,True,D_CORE,False,,,,True,True,True,False,False
1877,r219,R219,fam_3f6ddf16d9df,2,exact_chemistry,family_fam_3f6ddf16d9df,2,other,100.01,100.01,10,105.0,False,,,True,D_CORE,True,0.48994640250496,0.38522813097022507,0.0,True,True,True,False,False
1878,r22,R22,fam_18876281362e,1,singleton,family_fam_18876281362e,1,other,96.27000000000002,96.27,10,105.0,False,,,True,T_OOD,True,1.6942490333877935,1.2121155850488379,1.120041822859586,True,True,True,False,False
1879,r23,R23,fam_1cf2ac703b5e,1,singleton,family_fam_1cf2ac703b5e,1,other,96.53,96.53,10,105.0,False,,,True,A_SEEN_TEST,True,1.3195628638721284,0.920107778327445,0.0,True,True,True,False,False
1880,r24,R24,fam_0df34959ef62,1,singleton,family_fam_0df34959ef62,1,other,99.59,99.59,10,105.0,False,,,True,D_CORE,True,0.9148081938915298,0.6880918769350959,0.0,True,True,True,False,False
1881,r269,R269,fam_2c5149e216ff,1,singleton,family_fam_2c5149e216ff,1,other,100.02,100.02,10,105.0,False,,,True,D_CORE,True,1.3019942473105655,0.8754774495699534,0.0,True,True,True,False,False
1882,r407,R407,fam_e3d87959f617,1,singleton,family_fam_e3d87959f617,1,other,99.61999999999999,99.62,10,105.0,False,,,True,D_CORE,True,1.0835591320684193,0.7638801817071587,0.0,True,True,True,False,False
1883,r41,R41,fam_6768cab18b15,1,singleton,family_fam_6768cab18b15,1,other,97.29,97.29,10,105.0,False,,,True,V_OOD,True,1.6199365630812177,1.185462102495052,0.8995913545395128,True,True,True,False,False
1884,r42,R42,fam_e5d7aa88730b,1,singleton,family_fam_e5d7aa88730b,1,other,95.46999999999998,95.47,10,105.0,False,,,True,D_CORE,True,1.352570370615606,0.9537041376391406,0.0,True,True,True,False,False
1885,r427,R427,fam_5b94198e846e,1,singleton,family_fam_5b94198e846e,1,other,99.61,99.61,10,105.0,False,,,True,D_CORE,True,0.5294364301046124,0.3710375152884623,0.0,True,True,True,False,False
1886,r43,R43,fam_a0d7eda95039,1,singleton,family_fam_a0d7eda95039,1,other,95.32,95.32,10,105.0,False,,,True,V_OOD,True,1.4498600751795832,1.0323358110403986,0.5587252477681943,True,True,True,False,False
1887,r44,R44,fam_965fc956ac4e,1,singleton,family_fam_965fc956ac4e,1,other,96.22,96.22,10,105.0,False,,,True,D_CORE,True,1.3266985821539938,0.9976883890388701,0.0,True,True,True,False,False
1888,r45,R45,fam_b50ffdda85af,1,singleton,family_fam_b50ffdda85af,1,other,96.94999999999997,96.95,10,105.0,False,,,True,T_OOD,True,1.5273221952457632,1.0471879837943654,0.5746872748540182,True,True,True,False,False
1889,r451,R451,fam_3a3d10cc75ba,1,singleton,family_fam_3a3d10cc75ba,1,other,99.57000000000002,99.57,10,105.0,False,,,True,D_CORE,True,1.1031715463347886,0.775824737236498,0.0,True,True,True,False,False
1890,r502,R502,fam_40e525aff4aa,1,singleton,family_fam_40e525aff4aa,1,other,99.53,99.53,10,105.0,False,,,True,D_CORE,True,,,,True,False,True,False,False
1891,r55,R55,fam_bb47adc41e84,1,singleton,family_fam_bb47adc41e84,1,other,100.22,100.22,10,105.0,False,,,True,D_CORE,True,0.5541699348918133,0.42658301546195015,0.0,True,True,True,False,False
1892,r594,R594,fam_3a9d0555ed1c,1,singleton,family_fam_3a9d0555ed1c,1,other,99.8,99.8,10,105.0,False,,,True,D_CORE,True,1.0855124711353836,0.7668853187332576,0.0,True,True,True,False,False
1893,r61,R61,fam_4b1035b7e786,1,singleton,family_fam_4b1035b7e786,1,other,97.1,97.1,10,105.0,False,,,True,D_CORE,True,1.2157065299318832,0.9360264872338507,0.0,True,True,True,False,False
1894,r62,R62,fam_1beb263f8813,1,singleton,family_fam_1beb263f8813,1,other,95.71,95.71,10,105.0,False,,,True,V_OOD,True,1.5322286965303853,1.064565083024115,0.827269457660894,True,True,True,False,False
1895,r63,R63,fam_8a1058c26d3f,1,singleton,family_fam_8a1058c26d3f,1,other,97.09000000000003,97.09,10,105.0,False,,,True,D_CORE,True,,,,True,False,False,False,False
1896,r65,R65,fam_7d6c158b02d2,1,singleton,family_fam_7d6c158b02d2,1,other,98.62000000000002,98.62,10,105.0,False,,,True,D_CORE,True,1.216557733212427,0.9332523992549913,0.0,True,True,True,False,False
1897,r68,R68,fam_962e0404a29e,1,singleton,family_fam_962e0404a29e,1,other,99.48,99.48,10,105.0,False,,,True,T_OOD,True,2.3586286910676293,1.458267885044422,0.48626767728573705,True,True,True,False,False
1898,r694,R694,fam_45416fe1e4ac,1,singleton,family_fam_45416fe1e4ac,1,other,100.07,100.07,10,105.0,False,,,True,D_CORE,True,0.5481267499815625,0.45240327658039586,0.0,True,True,True,False,False
1899,r734,R734,fam_07b1d83fc0eb,1,singleton,family_fam_07b1d83fc0eb,1,other,100.12,100.12,10,105.0,False,,,True,D_CORE,True,0.707654105511131,0.5831421717377373,0.0,True,True,True,False,False
1900,r75,R75,fam_e4c8561f2bf0,1,singleton,family_fam_e4c8561f2bf0,1,other,100.26,100.26,10,105.0,False,,,True,D_CORE,True,0.5146757854730531,0.4082597260283639,0.0,True,True,True,False,False
1901,r83,R83,fam_e9e230f2d525,1,singleton,family_fam_e9e230f2d525,1,other,99.96000000000002,99.96,10,105.0,False,,,True,D_CORE,True,0.9413791063003791,0.6545032316453144,0.0,True,True,True,False,False
1902,r856,R856,fam_8827fedeae19,1,singleton,family_fam_8827fedeae19,1,other,100.28,100.28,10,105.0,False,,,True,D_CORE,True,0.6309297715393172,0.5223223076753231,0.0,True,True,True,False,False
1903,r865,R865,fam_1eb2965d0ecc,1,singleton,family_fam_1eb2965d0ecc,1,other,100.00999999999999,100.01,10,105.0,False,,,True,D_CORE,True,0.640254356162971,0.5239058765552429,0.0,True,True,True,False,False
1904,r896,R896,fam_250f6a4139a2,1,singleton,family_fam_250f6a4139a2,1,other,100.16,100.16,10,105.0,False,,,True,A_SHOT_VAL,True,0.44346481047861314,0.361777293157658,0.0,True,True,True,False,False
1905,r91,R91,fam_5b59afb1024d,1,singleton,family_fam_5b59afb1024d,1,other,99.69000000000001,99.69,10,105.0,False,,,True,D_CORE,True,1.1086366338184608,0.760614412567612,0.0,True,True,True,False,False
1906,r915,R915,fam_15ca1a5f8992,2,exact_chemistry,family_fam_15ca1a5f8992,2,other,100.21000000000001,100.21,10,105.0,False,,,True,D_CORE,True,0.6250966467874177,0.509706437656961,0.0,True,True,True,False,False
1907,r954,R954,fam_b050c5f4e355,1,singleton,family_fam_b050c5f4e355,1,other,99.87000000000002,99.87,10,105.0,False,,,True,D_CORE,True,1.0232153332725222,0.7224589567966061,0.0,True,True,True,False,False
1908,r96,R96,fam_1f89d5e46e4e,1,singleton,family_fam_1f89d5e46e4e,1,other,99.8,99.8,10,105.0,False,,,True,D_CORE,True,1.0331031149426022,0.7146546626945852,0.0,True,True,True,False,False
1909,rag2,RAG2,fam_07fb6933040e,1,singleton,family_fam_07fb6933040e,1,other,99.88000000000001,99.88,10,105.0,False,,,True,D_CORE,True,0.49513313760487365,0.39514349220428036,0.0,True,True,True,False,False
1910,rag3,RAG3,fam_b28c76139f7f,1,singleton,family_fam_b28c76139f7f,1,other,100.01,100.01,10,105.0,False,,,True,D_CORE,True,0.506673821519999,0.3970202354343917,0.0,True,True,True,False,False
1911,ran7,RAN7,fam_54ef4a6576b0,1,singleton,family_fam_54ef4a6576b0,1,other,100.07,100.07,10,105.0,False,,,True,D_CORE,True,0.5221097883653846,0.34436950264169175,0.0,True,True,True,False,False
1912,rcb1,RCB1,fam_fad62a3950cc,1,singleton,family_fam_fad62a3950cc,1,other,99.87999999999998,99.88,10,105.0,False,,,True,D_CORE,True,0.5282999036483809,0.3454882920182821,0.0,True,True,True,False,False
1913,rco2,RCO2,fam_d104d06e6a6b,1,singleton,family_fam_d104d06e6a6b,1,other,100.15999999999997,100.16,10,105.0,False,,,True,D_CORE,True,0.5348973740812568,0.35064522959142186,0.0,True,True,True,False,False
1914,rcv852,RCV852,fam_c261946a706e,1,singleton,family_fam_c261946a706e,1,other,99.92999999999998,99.93,10,105.0,False,,,True,A_SHOT_VAL,True,0.5240597879793488,0.3593139612742673,0.0,True,True,True,False,False
1915,rde1,RDE1,fam_e294e8adc07c,1,singleton,family_fam_e294e8adc07c,1,other,99.66999999999997,99.67,10,105.0,False,,,True,D_CORE,True,0.5474840454534916,0.35850030105146674,0.0,True,True,True,False,False
1916,rdv1,RDV1,fam_e39d6c2a33cd,1,singleton,family_fam_e39d6c2a33cd,1,other,99.98,99.98,10,105.0,False,,,True,D_CORE,True,0.5384706815490713,0.35780287370557584,0.0,True,True,True,False,False
1917,rdv14,RDV14,fam_eca1e0685272,1,singleton,family_fam_eca1e0685272,1,other,100.06,100.06,10,105.0,False,,,True,D_CORE,True,0.5414645170622159,0.34923948814181177,0.0,True,True,True,False,False
1918,rdv2,RDV2,fam_5f2e8d8195c3,1,singleton,family_fam_5f2e8d8195c3,1,other,99.83999999999999,99.84,10,105.0,False,,,True,D_CORE,True,0.5362798276600449,0.35609666152580505,0.0,True,True,True,False,False
1919,rdv3,RDV3,fam_e1991466e17b,1,singleton,family_fam_e1991466e17b,1,other,100.21000000000001,100.21,10,105.0,False,,,True,D_CORE,True,0.55024444550847,0.37094778561670927,0.0,True,True,True,False,False
1920,rdv4,RDV4,fam_5aa0eca717d2,1,singleton,family_fam_5aa0eca717d2,1,other,99.89999999999999,99.9,10,105.0,False,,,True,D_CORE,True,0.532909074272763,0.34758630680912367,0.0,True,True,True,False,False
1921,rec9,REC9,fam_f04eb949bc61,1,singleton,family_fam_f04eb949bc61,1,other,100.22,100.22,10,105.0,False,,,True,A_SHOT_VAL,True,0.5480841095857064,0.3643319677554024,0.0,True,True,True,False,False
1922,rf25,RF25,fam_a0c212967d40,1,singleton,family_fam_a0c212967d40,1,other,99.42999999999999,99.43,10,105.0,False,,,True,T_IN,True,0.7674009771206517,0.5763792318438857,0.5281617084260006,True,True,True,False,False
1923,rfg1,RFG1,fam_639a6c5264e1,1,singleton,family_fam_639a6c5264e1,1,other,99.72,99.72,10,105.0,False,,,True,D_CORE,True,0.5154094912383872,0.3374525920177677,0.0,True,True,True,False,False
1924,rgc1,RGC1,fam_9bbf0eacfa94,1,singleton,family_fam_9bbf0eacfa94,1,other,100.14000000000001,100.14,10,105.0,False,,,True,D_CORE,True,0.534694519550694,0.35699872399460014,0.0,True,True,True,False,False
1925,rgc2,RGC2,fam_1c090fe8e17b,1,singleton,family_fam_1c090fe8e17b,1,other,99.82000000000001,99.82,10,105.0,False,,,True,A_SHOT_VAL,True,0.510584572967693,0.3351485862450375,0.0,True,True,True,False,False
1926,rgm1mb,RGM1MB,fam_8f867398a213,1,singleton,family_fam_8f867398a213,1,other,99.07000000000001,99.07,9,105.0,False,,,True,D_CORE,False,,,,True,True,True,False,False
1927,rhmp,RHMP,fam_5e01ca8ed76a,1,singleton,family_fam_5e01ca8ed76a,1,other,100.32,100.32,10,105.0,False,,,True,D_CORE,True,,,,True,False,True,True,True
1928,rhp,RHP,fam_45cadae70ff2,1,singleton,family_fam_45cadae70ff2,1,other,99.82999999999998,99.83,10,105.0,False,,,True,D_CORE,True,,,,True,False,True,True,True
1929,rhr1,RHR1,fam_cf2292a0c6eb,1,singleton,family_fam_cf2292a0c6eb,1,other,99.62,99.62,10,105.0,False,,,True,D_CORE,True,0.5414743536196348,0.3558072219185732,0.0,True,True,True,False,False
1930,rhr2,RHR2,fam_557466c2b58f,1,singleton,family_fam_557466c2b58f,1,other,99.83,99.83,10,105.0,False,,,True,D_CORE,True,0.5513256999626971,0.3611578847789331,0.0,True,True,True,False,False
1931,rhr861,RHR861,fam_261532317dd4,1,singleton,family_fam_261532317dd4,1,other,100.03999999999999,100.04,10,105.0,False,,,True,A_SHOT_VAL,True,0.530370117977641,0.3503457984975957,0.0,True,True,True,False,False
1932,rir870,RIR870,fam_3ac7b302d757,1,singleton,family_fam_3ac7b302d757,1,other,99.74000000000001,99.74,10,105.0,False,,,True,A_SHOT_VAL,True,0.5326734106687055,0.3505483276929752,0.0,True,True,True,False,False
1933,rki1,RKI1,fam_746efde876a0,1,singleton,family_fam_746efde876a0,1,other,100.11,100.11,10,105.0,False,,,True,D_CORE,True,0.5412465835939864,0.3521725732272195,0.0,True,True,True,False,False
1934,rki2,RKI2,fam_069f7f865167,1,singleton,family_fam_069f7f865167,1,other,100.36999999999999,100.37,10,105.0,False,,,True,D_CORE,True,0.5356950810303647,0.35187247105158787,0.0,True,True,True,False,False
1935,rlg1,RLG1,fam_3ac1dc71475f,1,singleton,family_fam_3ac1dc71475f,1,other,100.05,100.05,10,105.0,False,,,True,D_CORE,True,0.5189467870756973,0.34459660091249955,0.0,True,True,True,False,False
1936,rli1,RLI1,fam_dfcc29e0a150,1,singleton,family_fam_dfcc29e0a150,1,other,99.44999999999999,99.45,10,105.0,False,,,True,D_CORE,True,0.5899255862266471,0.37354074102554846,0.0,True,True,True,False,False
1937,roza873,ROZA873,fam_032dbff5946d,1,singleton,family_fam_032dbff5946d,1,other,100.07,100.07,10,105.0,False,,,True,D_CORE,True,0.5079380443863558,0.3989651936903254,0.0,True,True,True,False,False
1938,roza8736,ROZA8736,fam_522906777110,1,singleton,family_fam_522906777110,1,other,99.58000000000001,99.58,10,105.0,False,,,True,D_CORE,True,0.5535497771095479,0.3760329111568292,0.0,True,True,True,False,False
1939,roza8763,ROZA8763,fam_f6f7426f8f13,1,singleton,family_fam_f6f7426f8f13,1,other,100.11999999999999,100.12,10,105.0,False,,,True,D_CORE,True,0.5900779996867598,0.41753971644955645,0.0,True,True,True,False,False
1940,roza891,ROZA891,fam_396edb93649c,1,singleton,family_fam_396edb93649c,1,other,100.07999999999998,100.08,10,105.0,False,,,True,D_CORE,True,0.5296430279020878,0.339253296991506,0.0,True,True,True,False,False
1941,rpf1,RPF1,fam_35d9416d837d,1,singleton,family_fam_35d9416d837d,1,other,100.11999999999999,100.12,10,105.0,False,,,True,D_CORE,True,0.5662617647072904,0.3696899740938982,0.0,True,True,True,False,False
1942,rpf2,RPF2,fam_16942302bf45,1,singleton,family_fam_16942302bf45,1,other,99.92000000000002,99.92,10,105.0,False,,,True,D_CORE,True,0.5476363085874237,0.3669352672766381,0.0,True,True,True,False,False
1943,rpo1,RPO1,fam_349dc8734965,1,singleton,family_fam_349dc8734965,1,other,100.22999999999999,100.23,10,105.0,False,,,True,D_CORE,True,0.5619226600767269,0.3630144285084158,0.0,True,True,True,False,False
1944,rr8522,RR8522,fam_985fc989acdc,1,singleton,family_fam_985fc989acdc,1,other,99.78,99.78,10,105.0,False,,,True,V_OOD,True,2.3020090410323064,1.472146022255908,1.2790601894627216,True,True,True,False,False
1945,rr8524,RR8524,fam_8864e18b4628,1,singleton,family_fam_8864e18b4628,1,other,99.59000000000003,99.59,10,105.0,False,,,True,D_CORE,True,0.7946139445039784,0.7350338684876846,0.0,True,True,True,False,False
1946,rr892,RR892,fam_a854d09c6168,1,singleton,family_fam_a854d09c6168,1,other,99.78000000000002,99.78,10,105.0,False,,,True,D_CORE,False,,,,True,True,True,False,False
1947,rr8929,RR8929,fam_e0eb301e7cd0,1,singleton,family_fam_e0eb301e7cd0,1,other,100.37999999999998,100.38,10,105.0,False,,,True,D_CORE,True,0.7498733432138865,0.6763088601217604,0.0,True,True,True,False,False
1948,rr90101,RR90101,fam_de7b54cab053,1,singleton,family_fam_de7b54cab053,1,other,100.46000000000002,100.46,10,105.0,False,,,True,D_CORE,True,1.2546311282096996,0.9762196091799434,0.0,True,True,True,False,False
1949,rr90102,RR90102,fam_9980b49fe720,1,singleton,family_fam_9980b49fe720,1,other,100.59000000000002,100.59,10,105.0,False,,,True,T_OOD,True,1.5056057103524498,1.0871241816729909,0.5628553308760915,True,True,True,False,False
1950,rr9085,RR9085,fam_91e7214612bf,1,singleton,family_fam_91e7214612bf,1,other,100.44000000000001,100.44,10,105.0,False,,,True,D_CORE,True,1.2296589823985271,0.9378009233166011,0.0,True,True,True,False,False
1951,rr9092,RR9092,fam_88088c9afb5f,1,singleton,family_fam_88088c9afb5f,1,other,100.15999999999998,100.16,10,105.0,False,,,True,A_SEEN_TEST,True,1.0754019297297022,0.8435240261850705,0.0,True,True,True,False,False
1952,rr9098,RR9098,fam_e162c0010c60,1,singleton,family_fam_e162c0010c60,1,other,99.72,99.72,10,105.0,False,,,True,D_CORE,True,1.3495757688499905,1.066972389542286,0.0,True,True,True,False,False
1953,rrdh15,RRDH15,fam_a5fc24a7136b,1,singleton,family_fam_a5fc24a7136b,1,other,99.54,99.54,10,105.0,False,,,True,D_CORE,True,,,,True,True,False,False,False
1954,rrdh5,RRDH5,fam_c06b2da77af3,1,singleton,family_fam_c06b2da77af3,1,other,99.91999999999999,99.92,10,105.0,False,,,True,D_CORE,True,1.120403303326837,0.8546621606043672,0.0,True,True,True,False,False
1955,rrdh63,RRDH63,fam_61cb13ba4e67,1,singleton,family_fam_61cb13ba4e67,1,other,99.65000000000002,99.65,10,105.0,False,,,True,V_OOD,True,1.6318520814136508,1.1162851684954174,0.7980840570961739,True,True,True,False,False
1956,rrh4,RRH4,fam_fee903d81750,1,singleton,family_fam_fee903d81750,1,other,99.81,99.81,10,105.0,False,,,True,D_CORE,True,0.5538567699716654,0.4103397941393221,0.0,True,True,True,False,False
1957,rrsa13,RRSA13,fam_53c279e0b43f,1,singleton,family_fam_53c279e0b43f,1,other,99.54,99.54,10,105.0,False,,,True,D_CORE,True,0.9358679730334206,0.7294154028816606,0.0,True,True,True,False,False
1958,rrsa6,RRSA6,fam_414d7a1c01b1,1,singleton,family_fam_414d7a1c01b1,1,other,100.82,100.82,9,105.0,False,,,True,V_OOD,True,1.6760404327789562,1.184267247518964,0.4857826508327569,True,True,True,False,False
1959,rrsa74,RRSA74,fam_8159c9fa7539,1,singleton,family_fam_8159c9fa7539,1,other,99.61999999999999,99.62,10,105.0,False,,,True,T_OOD,True,1.6030009400340695,1.119192996793917,1.4157539044781546,True,True,True,False,False
1960,rsf1,RSF1,fam_0a9423a9d3d5,1,singleton,family_fam_0a9423a9d3d5,1,other,100.12000000000002,100.12,10,105.0,False,,,True,D_CORE,True,0.5528925872061783,0.363568480538135,0.0,True,True,True,False,False
1961,rsh1,RSH1,fam_e4364229a14d,1,singleton,family_fam_e4364229a14d,1,other,99.99999999999999,100.0,10,105.0,False,,,True,A_SHOT_VAL,True,0.5676270701454961,0.37817304534111534,0.0,True,True,True,False,False
1962,rsl2,RSL2,fam_5a6b53b0ed91,1,singleton,family_fam_5a6b53b0ed91,1,other,99.55,99.55,10,105.0,False,,,True,D_CORE,True,0.534672035837038,0.35696413366589863,0.0,True,True,True,False,False
1963,rsl3,RSL3,fam_1945b2e45c0d,1,singleton,family_fam_1945b2e45c0d,1,other,100.10000000000001,100.1,10,105.0,False,,,True,D_CORE,True,0.5396400689548194,0.3596019312528806,0.0,True,True,True,False,False
1964,rsl4,RSL4,fam_e56a196db9aa,1,singleton,family_fam_e56a196db9aa,1,other,99.97999999999999,99.98,10,105.0,False,,,True,D_CORE,True,0.5555912344860362,0.3677202455840702,0.0,True,True,True,False,False
1965,rsl5,RSL5,fam_9a2d0ace64d7,1,singleton,family_fam_9a2d0ace64d7,1,other,100.29,100.29,10,105.0,False,,,True,D_CORE,True,0.575567077301391,0.37768288963329627,0.0,True,True,True,False,False
1966,rsl6,RSL6,fam_67f4cb0031fd,1,singleton,family_fam_67f4cb0031fd,1,other,99.83999999999999,99.84,10,105.0,False,,,True,A_SHOT_VAL,True,0.5538695420252306,0.3618343969702808,0.0,True,True,True,False,False
1967,rsl7,RSL7,fam_3a09558a90bd,1,singleton,family_fam_3a09558a90bd,1,other,100.20000000000002,100.2,10,105.0,False,,,True,D_CORE,True,0.5567698000862085,0.36468357668027684,0.0,True,True,True,False,False
1968,rsl863,RSL863,fam_8cc0e7e6dfce,1,singleton,family_fam_8cc0e7e6dfce,1,other,100.06999999999998,100.07,10,105.0,False,,,True,D_CORE,True,0.535812883503762,0.35871928392239716,0.0,True,True,True,False,False
1969,rtb1,RTB1,fam_6dc261188238,1,singleton,family_fam_6dc261188238,1,other,99.83,99.83,10,105.0,False,,,True,D_CORE,True,0.5415503548193084,0.36088058457303973,0.0,True,True,True,False,False
1970,rwk1,RWK1,fam_0588fc60f63c,1,singleton,family_fam_0588fc60f63c,1,other,99.7,99.7,10,105.0,False,,,True,D_CORE,True,0.5475911366958085,0.347348532341596,0.0,True,True,True,False,False
1971,rwv1,RWV1,fam_e0f5dcace592,1,singleton,family_fam_e0f5dcace592,1,other,99.86999999999999,99.87,10,105.0,False,,,True,D_CORE,True,0.5298536224049656,0.35459382736451217,0.0,True,True,True,False,False
1972,rwv2,RWV2,fam_2a0ae9f9b7b3,1,singleton,family_fam_2a0ae9f9b7b3,1,other,100.13999999999999,100.14,10,105.0,False,,,True,D_CORE,True,0.5399780299926038,0.36345464024016366,0.0,True,True,True,False,False
1973,rwv4,RWV4,fam_01514d90092b,1,singleton,family_fam_01514d90092b,1,other,99.83000000000001,99.83,10,105.0,False,,,True,D_CORE,True,0.5355080260342868,0.3499285103833993,0.0,True,True,True,False,False
1974,rwv861,RWV861,fam_52d634d8d5f0,1,singleton,family_fam_52d634d8d5f0,1,other,99.81,99.81,10,105.0,False,,,True,D_CORE,True,0.5489961680389418,0.36737924410212247,0.0,True,True,True,False,False
1975,rwv862,RWV862,fam_3e6255c34c39,1,singleton,family_fam_3e6255c34c39,1,other,99.56000000000002,99.56,10,105.0,False,,,True,D_CORE,True,0.5357344426374923,0.3585986056665975,0.0,True,True,True,False,False
1976,s10ma001,S10MA001,fam_0995be5af075,1,singleton,family_fam_0995be5af075,1,other,100.17,100.17,10,105.0,False,,,True,D_CORE,True,0.8664228224334602,0.7056818945873651,0.0,True,True,True,False,False
1977,s10ma002,S10MA002,fam_838d4455cb41,1,singleton,family_fam_838d4455cb41,1,other,99.97999999999998,99.98,10,105.0,False,,,True,D_CORE,True,1.2754644074329804,1.0265949737976532,0.0,True,True,True,False,False
1978,s10ma003,S10MA003,fam_4c2855daac91,1,singleton,family_fam_4c2855daac91,1,other,100.61000000000003,100.61,10,105.0,False,,,True,T_OOD,True,1.456367408227667,1.1817181459532557,0.6044712673176914,True,True,True,False,False
1979,s10ma004,S10MA004,fam_9fe6ea42ac00,1,singleton,family_fam_9fe6ea42ac00,1,other,100.0,100.0,10,105.0,False,,,True,D_CORE,True,1.0993151456934533,0.9115455136213688,0.0,True,True,True,False,False
1980,s10ma005,S10MA005,fam_a359e1dc9edd,1,singleton,family_fam_a359e1dc9edd,1,other,100.31000000000002,100.31,10,105.0,False,,,True,D_CORE,True,1.2162972266411416,1.0117403314717468,0.0,True,True,True,False,False
1981,s10ma006a,S10MA006A,fam_d609d9cf3ada,3,name_alias,family_fam_d609d9cf3ada,3,other,100.13,100.13,10,105.0,False,,,True,V_OOD,True,1.09152561358172,0.9545873154654549,0.2519859855361687,True,True,True,False,False
1982,s10ma006b,S10MA006B,fam_d609d9cf3ada,3,name_alias,family_fam_d609d9cf3ada,3,other,100.04999999999998,100.05,10,105.0,False,,,True,V_OOD,True,1.36191146418295,1.1022086366379225,0.4180541652230066,True,True,True,False,False
1983,s10ma006d,S10MA006D,fam_d609d9cf3ada,3,name_alias,family_fam_d609d9cf3ada,3,other,100.36999999999999,100.37,10,105.0,False,,,True,V_OOD,True,2.006587800450177,1.3287915241209778,0.9761846447905254,True,True,True,False,False
1984,s10ma007,S10MA007,fam_897740019c06,1,singleton,family_fam_897740019c06,1,other,99.56000000000002,99.56,10,105.0,False,,,True,D_CORE,True,0.7603063342705225,0.6379830365881135,0.0,True,True,True,False,False
1985,s10ma008,S10MA008,fam_ca3edb82145b,1,singleton,family_fam_ca3edb82145b,1,other,99.63999999999999,99.64,10,105.0,False,,,True,V_IN,True,0.5870567970511414,0.4706086076971915,0.5248579629236485,True,True,True,False,False
1986,s10ma009,S10MA009,fam_dc41de682ad0,1,singleton,family_fam_dc41de682ad0,1,other,100.05000000000001,100.05,10,105.0,False,,,True,D_CORE,True,0.49790109361609247,0.4214517248085728,0.0,True,True,True,False,False
1987,s10ma010a,S10MA010A,fam_ab4a698b6ff7,4,name_alias,family_fam_ab4a698b6ff7,4,other,100.28000000000002,100.28,10,105.0,False,,,True,T_IN,True,1.070316062430642,0.9246646020502363,0.2790722947539022,True,True,True,False,False
1988,s10ma010b,S10MA010B,fam_ab4a698b6ff7,4,name_alias,family_fam_ab4a698b6ff7,4,other,100.19,100.19,10,105.0,False,,,True,T_IN,True,0.8084861295139093,0.670861428726179,0.6083011282941126,True,True,True,False,False
1989,s10ma010c,S10MA010C,fam_ab4a698b6ff7,4,name_alias,family_fam_ab4a698b6ff7,4,other,100.22999999999999,100.23,10,105.0,False,,,True,T_IN,True,1.0289688738956762,0.8683024511177863,0.5653484481966576,True,True,True,False,False
1990,s10ma010d,S10MA010D,fam_ab4a698b6ff7,4,name_alias,family_fam_ab4a698b6ff7,4,other,99.92000000000002,99.92,10,105.0,False,,,True,T_IN,True,1.346885931261308,1.1533246100350083,0.6897255165498566,True,True,True,False,False
1991,s10ma011,S10MA011,fam_f20a62b25aeb,1,singleton,family_fam_f20a62b25aeb,1,other,99.72000000000001,99.72,10,105.0,False,,,True,D_CORE,True,0.9473157800969195,0.825809754570961,0.0,True,True,True,False,False
1992,s10ma012a,S10MA012A,fam_8acd3bcbacca,2,name_alias,family_fam_8acd3bcbacca,2,other,99.96000000000002,99.96,10,105.0,False,,,True,D_CORE,True,0.7405657773781998,0.6667134157235592,0.0,True,True,True,False,False
1993,s10ma012b,S10MA012B,fam_8acd3bcbacca,2,name_alias,family_fam_8acd3bcbacca,2,other,100.17,100.17,10,105.0,False,,,True,D_CORE,True,0.7479361465840924,0.6475346833759624,0.0,True,True,True,False,False
1994,s10ma013,S10MA013,fam_fc402cf70351,1,singleton,family_fam_fc402cf70351,1,other,100.28,100.28,10,105.0,False,,,True,D_CORE,True,1.2083778542266823,0.9795631008247953,0.0,True,True,True,False,False
1995,s10ma014,S10MA014,fam_1b0025595d88,1,singleton,family_fam_1b0025595d88,1,other,100.14999999999998,100.15,10,105.0,False,,,True,A_SEEN_TEST,True,1.2597598362773326,1.0230159182062657,0.0,True,True,True,False,False
1996,s10ma015,S10MA015,fam_924f988a287c,1,singleton,family_fam_924f988a287c,1,other,100.62,100.62,10,105.0,False,,,True,A_SHOT_VAL,True,1.0069127898709633,0.8565521092711653,0.0,True,True,True,False,False
1997,s10ma016,S10MA016,fam_7eb8d24af471,1,singleton,family_fam_7eb8d24af471,1,other,100.30999999999997,100.31,10,105.0,False,,,True,D_CORE,True,1.2038567833845644,1.05127448642345,0.0,True,True,True,False,False
1998,s10ma017,S10MA017,fam_b3130616f170,1,singleton,family_fam_b3130616f170,1,other,100.08,100.08,10,105.0,False,,,True,D_CORE,True,0.9042604856772619,0.8077519764285067,0.0,True,True,True,False,False
1999,s10ma018,S10MA018,fam_cf0a8045afa2,1,singleton,family_fam_cf0a8045afa2,1,other,99.85,99.85,10,105.0,False,,,True,A_SEEN_TEST,True,1.4000264684741905,1.093426063660589,0.0,True,True,True,False,False
2000,s10ma020,S10MA020,fam_43cd3db433ac,1,singleton,family_fam_43cd3db433ac,1,other,100.23000000000003,100.23,10,105.0,False,,,True,D_CORE,True,1.084517045703417,0.8758327966311251,0.0,True,True,True,False,False
2001,s10ma021,S10MA021,fam_c50f938ba894,1,singleton,family_fam_c50f938ba894,1,other,100.12000000000002,100.12,10,105.0,False,,,True,T_OOD,True,1.617586113020511,1.1579984355393924,0.8007334955521727,True,True,True,False,False
2002,s10ma022a,S10MA022A,fam_6a9284247c87,2,name_alias,family_fam_6a9284247c87,2,other,100.01,100.01,10,105.0,False,,,True,T_OOD,True,1.1754737479172626,0.9489349795888559,0.3191608504126329,True,True,True,False,False
2003,s10ma022b,S10MA022B,fam_6a9284247c87,2,name_alias,family_fam_6a9284247c87,2,other,100.05,100.05,10,105.0,False,,,True,T_OOD,True,1.593144715430646,1.0795801190765317,0.8460151842273631,True,True,True,False,False
2004,s10ma023,S10MA023,fam_f6c48ebafa03,1,singleton,family_fam_f6c48ebafa03,1,other,100.07000000000001,100.07,10,105.0,False,,,True,T_IN,True,0.9012008800480965,0.7335305533784935,0.5439735785548263,True,True,True,False,False
2005,s10ma024,S10MA024,fam_193f0b36fa97,1,singleton,family_fam_193f0b36fa97,1,other,99.96,99.96,10,105.0,False,,,True,D_CORE,True,0.8097975688616398,0.719110732564764,0.0,True,True,True,False,False
2006,s10ma025,S10MA025,fam_9dee18c10b41,1,singleton,family_fam_9dee18c10b41,1,other,99.77999999999999,99.78,10,105.0,False,,,True,D_CORE,True,0.9338013753299691,0.7749919326191287,0.0,True,True,True,False,False
2007,s10ma026a,S10MA026A,fam_59059576c4cb,2,name_alias,family_fam_59059576c4cb,2,other,99.9,99.9,10,105.0,False,,,True,T_IN,True,0.3611615148141003,0.29350367410303513,0.3854379275799001,True,True,True,False,False
2008,s10ma026b,S10MA026B,fam_59059576c4cb,2,name_alias,family_fam_59059576c4cb,2,other,99.02,99.02,10,105.0,False,,,True,T_IN,True,0.6079667818027334,0.49201309134333243,0.279549346511175,True,True,True,False,False
2009,s10ma027,S10MA027,fam_a74b459ec27b,2,exact_chemistry,family_fam_a74b459ec27b,2,other,99.79999999999997,99.8,10,105.0,False,,,True,V_IN,True,0.6927923068429584,0.6005288843393857,0.30564164313625997,True,True,True,False,False
2010,s10ma030,S10MA030,fam_a74b459ec27b,2,exact_chemistry,family_fam_a74b459ec27b,2,other,99.79999999999997,99.8,10,105.0,False,,,True,V_IN,True,0.6927923068429584,0.6005288843393857,0.30564164313625997,True,True,True,False,False
2011,s10ma031,S10MA031,fam_4e0d3b535352,1,singleton,family_fam_4e0d3b535352,1,other,99.95999999999998,99.96,10,105.0,False,,,True,D_CORE,True,0.979318883739307,0.8635435971114439,0.0,True,True,True,False,False
2012,s10ma032a,S10MA032A,fam_3e44c0178452,2,name_alias,family_fam_3e44c0178452,2,other,100.16,100.16,10,105.0,False,,,True,A_SHOT_VAL,True,1.2290961720917168,1.00613017659839,0.0,True,True,True,False,False
2013,s10ma032b,S10MA032B,fam_3e44c0178452,2,name_alias,family_fam_3e44c0178452,2,other,100.17000000000002,100.17,10,105.0,False,,,True,D_CORE,True,1.266270434849123,1.0124504005917185,0.0,True,True,True,False,False
2014,s10ma033,S10MA033,fam_f4303f2a4779,1,singleton,family_fam_f4303f2a4779,1,other,99.99000000000001,99.99,10,105.0,False,,,True,A_SEEN_TEST,True,1.3537382328549277,1.1815624949195056,0.0,True,True,True,False,False
2015,s10ma034a,S10MA034A,fam_3c31ab1fac9a,2,name_alias,family_fam_3c31ab1fac9a,2,other,100.0,100.0,10,105.0,False,,,True,V_IN,True,1.1448891932230167,0.9365205135919218,0.2699374479501953,True,True,True,False,False
2016,s10ma034b,S10MA034B,fam_3c31ab1fac9a,2,name_alias,family_fam_3c31ab1fac9a,2,other,100.16000000000001,100.16,10,105.0,False,,,True,V_IN,True,0.639812465097348,0.4811905580117403,0.7620183793689271,True,True,True,False,False
2017,s10ma035,S10MA035,fam_e0ee2d3ac781,1,singleton,family_fam_e0ee2d3ac781,1,other,99.91999999999999,99.92,10,105.0,False,,,True,D_CORE,True,1.0785428119925102,0.898014238280239,0.0,True,True,True,False,False
2018,s112566,S112566,fam_10729c4dc20a,1,singleton,family_fam_10729c4dc20a,1,other,70.53999999999999,70.54,8,105.0,False,,,True,D_CORE,False,,,,True,True,True,False,False
2019,s3a,S3A,fam_54603a9b3116,1,singleton,family_fam_54603a9b3116,1,other,95.84999999999998,95.85,10,105.0,False,,,True,V_OOD,True,1.8382606685260328,1.2886496210190925,1.0585194823376964,True,True,True,False,False
2020,s3b,S3B,fam_1106a7c12c34,1,singleton,family_fam_1106a7c12c34,1,other,96.57000000000001,96.57,10,105.0,False,,,True,T_OOD,True,1.717719465991952,1.1154905405088744,0.9947989547395032,True,True,True,False,False
2021,s4,S4,fam_cf02869b109e,1,singleton,family_fam_cf02869b109e,1,other,96.65,96.65,10,105.0,False,,,True,D_CORE,True,1.1601935048043648,0.8728804141843002,0.0,True,True,True,False,False
2022,s80017,S80017,fam_73b19cac6006,1,singleton,family_fam_73b19cac6006,1,other,92.03000000000002,92.03,8,105.0,False,,,True,D_CORE,False,,,,True,True,True,False,False
2023,sarm39,SARM39,fam_fcb98fb4c16d,1,singleton,family_fam_fcb98fb4c16d,1,other,87.69999999999999,87.7,10,105.0,False,,,True,D_CORE,False,,,,True,True,True,False,False
2024,sarm5,SARM5,fam_7fa5f6af7ecf,1,singleton,family_fam_7fa5f6af7ecf,1,other,85.04,85.04,10,105.0,False,,,True,V_OOD,True,3.110807687806485,1.9837926358148938,2.1599177178010236,True,True,True,False,False
2025,sarm6,SARM6,fam_d504b70303f7,1,singleton,family_fam_d504b70303f7,1,other,84.05000000000001,84.05,10,105.0,False,,,True,D_CORE,True,,,,False,True,True,False,False
2026,sc1,SC1,fam_3b10e3187793,1,singleton,family_fam_3b10e3187793,1,other,96.02999999999999,96.03,10,105.0,False,,,True,D_CORE,False,,,,True,True,True,False,False
2027,sc2,SC2,fam_587db024ee9e,1,singleton,family_fam_587db024ee9e,1,other,96.02000000000001,96.02,10,105.0,False,,,True,D_CORE,False,,,,True,True,True,False,False
2028,sc3,SC3,fam_1105c5f96792,1,singleton,family_fam_1105c5f96792,1,other,96.46000000000001,96.46,10,105.0,False,,,True,D_CORE,False,,,,True,True,True,False,False
2029,sc4,SC4,fam_16443c5b905d,1,singleton,family_fam_16443c5b905d,1,other,95.81,95.81,10,105.0,False,,,True,D_CORE,False,,,,True,True,True,False,False
2030,sc5,SC5,fam_0ed3b34226a6,1,singleton,family_fam_0ed3b34226a6,1,other,96.45000000000002,96.45,10,105.0,False,,,True,D_CORE,False,,,,True,True,True,False,False
2031,sc6,SC6,fam_ccd5f517154e,1,singleton,family_fam_ccd5f517154e,1,other,96.32000000000001,96.32,10,105.0,False,,,True,D_CORE,False,,,,True,True,True,False,False
2032,sc7,SC7,fam_0ead1af0d931,1,singleton,family_fam_0ead1af0d931,1,other,96.47,96.47,10,105.0,False,,,True,D_CORE,False,,,,True,True,True,False,False
2033,sc8,SC8,fam_d1b18006ff35,1,singleton,family_fam_d1b18006ff35,1,other,96.42999999999999,96.43,10,105.0,False,,,True,D_CORE,False,,,,True,True,True,False,False
2034,sco1,SCO1,fam_7f7e487273d5,3,name_alias,family_fam_7f7e487273d5,3,other,90.99000000000001,90.99,10,105.0,False,,,True,T_IN,True,1.0171254072241829,0.6305170676835424,0.8497385158943082,True,True,True,False,False
2035,sco1ma,SCO1MA,fam_7f7e487273d5,3,name_alias+exact_chemistry,family_fam_7f7e487273d5,3,other,91.52999999999999,91.53,10,105.0,False,,,True,T_IN,True,0.931534502006525,0.5857243889119299,0.8341603852429591,True,True,True,False,False
2036,sco1mc,SCO1MC,fam_7f7e487273d5,3,name_alias+exact_chemistry,family_fam_7f7e487273d5,3,other,91.52999999999999,91.53,10,105.0,False,,,True,T_IN,True,0.931534502006525,0.5857243889119299,0.8341603852429591,True,True,True,False,False
2037,sdc1,SDC1,fam_1b123017ccbc,3,name_alias,family_fam_1b123017ccbc,3,other,99.07000000000001,99.07,10,105.0,False,,,True,T_IN,True,0.6236001414323166,0.48622888558314425,0.6641855114960259,True,True,True,False,False
2038,sdc1mb,SDC1MB,fam_1b123017ccbc,3,name_alias+exact_chemistry,family_fam_1b123017ccbc,3,other,97.62,97.62,10,105.0,False,,,True,T_IN,True,0.5486296067093486,0.45711308016263047,0.6738633947570248,True,True,True,False,False
2039,sdc1mc,SDC1MC,fam_1b123017ccbc,3,name_alias+exact_chemistry,family_fam_1b123017ccbc,3,other,97.62,97.62,10,105.0,False,,,True,T_IN,True,0.5486296067093486,0.45711308016263047,0.6738633947570248,True,True,True,False,False
2040,sf3p51,SF3P51,fam_822ca6c6890c,1,singleton,family_fam_822ca6c6890c,1,other,90.08999999999997,90.09,10,105.0,False,,,True,D_CORE,False,,,,False,True,False,False,False
2041,sf3p56,SF3P56,fam_d7febc8d17e9,1,singleton,family_fam_d7febc8d17e9,1,other,92.09,92.09,10,105.0,False,,,True,D_CORE,False,,,,False,True,True,False,False
2042,sk138,SK138,fam_f18d4835a772,1,singleton,family_fam_f18d4835a772,1,other,99.56000000000002,99.56,10,105.0,False,,,True,D_CORE,True,,,,True,False,True,True,True
2043,sk140,SK140,fam_96141b408849,1,singleton,family_fam_96141b408849,1,other,99.58,99.58,10,105.0,False,,,True,D_CORE,True,,,,True,True,False,False,False
2044,sk145,SK145,fam_3b4fc61b18ea,1,singleton,family_fam_3b4fc61b18ea,1,other,100.53999999999999,100.54,10,105.0,False,,,True,D_CORE,True,,,,True,False,True,True,True
2045,sk146,SK146,fam_af59d41bcc37,1,singleton,family_fam_af59d41bcc37,1,other,99.37000000000002,99.37,10,105.0,False,,,True,D_CORE,True,,,,True,False,True,True,True
2046,sk172,SK172,fam_30ec3275ebf5,1,singleton,family_fam_30ec3275ebf5,1,other,99.64,99.64,10,105.0,False,,,True,D_CORE,True,,,,True,False,True,True,True
2047,sk173,SK173,fam_08f85da315c6,1,singleton,family_fam_08f85da315c6,1,other,100.67000000000003,100.67,10,105.0,False,,,True,D_CORE,True,,,,True,False,True,True,True
2048,sk174,SK174,fam_d907f0823fc0,1,singleton,family_fam_d907f0823fc0,1,other,99.77999999999999,99.78,10,105.0,False,,,True,A_SEEN_TEST,True,0.7156943122014062,0.5592241138988471,0.0,True,True,True,False,False
2049,sk176,SK176,fam_3556d9fd346f,1,singleton,family_fam_3556d9fd346f,1,other,100.88,100.88,10,105.0,False,,,True,D_CORE,True,,,,True,False,True,True,True
2050,sk177,SK177,fam_fa508f9aa93d,1,singleton,family_fam_fa508f9aa93d,1,other,100.35000000000002,100.35,10,105.0,False,,,True,D_CORE,True,,,,True,False,True,True,True
2051,sk178,SK178,fam_263d05c8c6c5,1,singleton,family_fam_263d05c8c6c5,1,other,99.64999999999999,99.65,10,105.0,False,,,True,D_CORE,True,,,,True,False,True,True,True
2052,sk201,SK201,fam_1cc9d193c676,1,singleton,family_fam_1cc9d193c676,1,other,99.86,99.86,10,105.0,False,,,True,D_CORE,True,,,,True,False,True,True,True
2053,sk202,SK202,fam_cedaa7eb8ff7,1,singleton,family_fam_cedaa7eb8ff7,1,other,99.32000000000002,99.32,10,105.0,False,,,True,A_SHOT_VAL,True,,,,True,False,True,True,True
2054,sk203,SK203,fam_3cb7426cb459,1,singleton,family_fam_3cb7426cb459,1,other,100.47999999999999,100.48,10,105.0,False,,,True,D_CORE,True,,,,True,False,True,True,True
2055,sk204,SK204,fam_b69e93a1247f,1,singleton,family_fam_b69e93a1247f,1,other,100.50000000000001,100.5,10,105.0,False,,,True,D_CORE,True,,,,True,False,True,True,True
2056,sk205,SK205,fam_8f603de9a025,1,singleton,family_fam_8f603de9a025,1,other,100.48999999999998,100.49,10,105.0,False,,,True,D_CORE,True,,,,True,False,True,True,True
2057,sk206,SK206,fam_951cf4e489c4,1,singleton,family_fam_951cf4e489c4,1,other,99.74999999999999,99.75,10,105.0,False,,,True,D_CORE,True,,,,True,False,True,True,True
2058,sk207,SK207,fam_b5f431d0739e,1,singleton,family_fam_b5f431d0739e,1,other,99.48,99.48,10,105.0,False,,,True,D_CORE,True,,,,True,False,True,True,True
2059,sk208,SK208,fam_aab3c9777870,1,singleton,family_fam_aab3c9777870,1,other,100.29000000000002,100.29,10,105.0,False,,,True,D_CORE,True,,,,True,False,True,False,True
2060,sk209,SK209,fam_ffedc362d896,1,singleton,family_fam_ffedc362d896,1,other,100.23,100.23,10,105.0,False,,,True,D_CORE,True,,,,True,False,True,True,True
2061,sk210,SK210,fam_182078ced60d,1,singleton,family_fam_182078ced60d,1,other,100.07999999999998,100.08,10,105.0,False,,,True,D_CORE,True,0.8244141429493456,0.5731031233534282,0.0,True,True,True,False,False
2062,sk213,SK213,fam_2102f31d960a,1,singleton,family_fam_2102f31d960a,1,other,100.55000000000001,100.55,10,105.0,False,,,True,D_CORE,True,,,,True,False,True,True,False
2063,sk214,SK214,fam_355f8b9daa5e,1,singleton,family_fam_355f8b9daa5e,1,other,100.16,100.16,10,105.0,False,,,True,D_CORE,True,,,,True,False,True,True,True
2064,sk215,SK215,fam_2a97070dfa06,1,singleton,family_fam_2a97070dfa06,1,other,100.33999999999999,100.34,10,105.0,False,,,True,A_SHOT_VAL,True,,,,True,False,True,True,True
2065,sk218,SK218,fam_e3a3705b4abf,1,singleton,family_fam_e3a3705b4abf,1,other,100.25000000000003,100.25,10,105.0,False,,,True,D_CORE,True,,,,True,False,True,True,True
2066,sk219,SK219,fam_c05b579cc89a,1,singleton,family_fam_c05b579cc89a,1,other,100.17999999999999,100.18,10,105.0,False,,,True,D_CORE,True,,,,True,False,True,True,True
2067,sk220,SK220,fam_517ff4e1e931,1,singleton,family_fam_517ff4e1e931,1,other,100.61999999999999,100.62,10,105.0,False,,,True,D_CORE,True,,,,True,False,True,True,True
2068,sk222,SK222,fam_cc664165df49,1,singleton,family_fam_cc664165df49,1,other,100.36999999999999,100.37,10,105.0,False,,,True,D_CORE,True,,,,True,False,True,True,True
2069,sk224,SK224,fam_6688bb4a644c,1,singleton,family_fam_6688bb4a644c,1,other,100.27,100.27,10,105.0,False,,,True,A_SHOT_VAL,True,,,,True,False,True,True,True
2070,snp961,SNP961,fam_6b91cc3ad936,1,singleton,family_fam_6b91cc3ad936,1,other,99.68,99.68,10,105.0,False,,,True,D_CORE,True,0.6115450920841543,0.5245694166413211,0.0,True,True,True,False,False
2071,snp964,SNP964,fam_bcfecc4f5bfb,1,singleton,family_fam_bcfecc4f5bfb,1,other,99.57999999999998,99.58,10,105.0,False,,,True,A_SEEN_TEST,True,0.7564704128455231,0.6773060410850926,0.0,True,True,True,False,False
2072,snp966,SNP966,fam_ce66b29cd692,1,singleton,family_fam_ce66b29cd692,1,other,99.75,99.75,10,105.0,False,,,True,D_CORE,True,0.729498650773659,0.6470523489592473,0.0,True,True,True,False,False
2073,snp968,SNP968,fam_ddc381301c8c,1,singleton,family_fam_ddc381301c8c,1,other,99.84,99.84,10,105.0,False,,,True,D_CORE,True,0.6990560916954001,0.6086636426512152,0.0,True,True,True,False,False
2074,snp9739,SNP9739,fam_615e36633c74,1,singleton,family_fam_615e36633c74,1,other,100.66000000000001,100.66,10,105.0,False,,,True,D_CORE,True,0.5465501196873686,0.4583683864611141,0.0,True,True,True,False,False
2075,snp9863,SNP9863,fam_9b2371a95c60,1,singleton,family_fam_9b2371a95c60,1,other,99.88000000000001,99.88,10,105.0,False,,,True,D_CORE,True,0.7184045700850404,0.6147466830364003,0.0,True,True,True,False,False
2076,snp9989,SNP9989,fam_2c74836efcc4,1,singleton,family_fam_2c74836efcc4,1,other,99.52999999999999,99.53,10,105.0,False,,,True,D_CORE,True,,,,False,True,True,False,False
2077,snp9993,SNP9993,fam_e2b83e432856,1,singleton,family_fam_e2b83e432856,1,other,99.82000000000001,99.82,10,105.0,False,,,True,D_CORE,True,0.6317279904555656,0.4931158597393819,0.0,True,True,True,False,False
2078,sphalerite,SPHALERITE,fam_f6350524e1f0,1,singleton,family_fam_f6350524e1f0,1,other,45.16,45.16,10,105.0,False,,,True,D_CORE,False,,,,True,True,True,False,False
2079,srm688,SRM688,fam_241df32e0710,1,singleton,family_fam_241df32e0710,1,other,100.49,100.49,10,105.0,False,,,True,D_CORE,True,,,,True,False,True,True,True
2080,ss12,SS12,fam_480f78ccaffa,1,singleton,family_fam_480f78ccaffa,1,other,94.84,94.84,9,105.0,False,,,True,A_SEEN_TEST,True,0.4864106693231627,0.366010391268412,0.0,True,True,True,False,False
2081,ss13,SS13,fam_c1948fde130f,1,singleton,family_fam_c1948fde130f,1,other,98.25999999999999,98.26,9,105.0,False,,,True,V_IN,True,0.45537266258115866,0.3717114474623477,0.664394472481829,True,True,True,False,False
2082,st44a,ST44A,fam_8ca74fcbd87e,1,singleton,family_fam_8ca74fcbd87e,1,other,99.54,99.54,10,105.0,False,,,True,V_OOD,True,1.8972418933224955,1.3556076546137357,1.3267131888328554,True,True,True,False,False
2083,st891,ST891,fam_e503bf9ec52f,1,singleton,family_fam_e503bf9ec52f,1,other,100.54999999999997,100.55,10,105.0,False,,,True,D_CORE,False,,,,True,True,True,False,False
2084,st892,ST892,fam_9b0cdc98cc2a,1,singleton,family_fam_9b0cdc98cc2a,1,other,99.94000000000001,99.94,10,105.0,False,,,True,D_CORE,False,,,,True,True,True,False,False
2085,stbk0301,STBK0301,fam_b69934d9f75b,1,singleton,family_fam_b69934d9f75b,1,other,99.63999999999999,99.64,10,105.0,False,,,True,D_CORE,True,0.5020270046251185,0.33060169360617286,0.0,True,True,True,False,False
2086,stbk0302,STBK0302,fam_42ee7b26f865,1,singleton,family_fam_42ee7b26f865,1,other,100.09,100.09,10,105.0,False,,,True,D_CORE,True,0.5070974893695801,0.3332181172592386,0.0,True,True,True,False,False
2087,stbk0303,STBK0303,fam_6a92eb69995e,1,singleton,family_fam_6a92eb69995e,1,other,99.88000000000001,99.88,10,105.0,False,,,True,D_CORE,True,0.5186383382543033,0.3289559085938948,0.0,True,True,True,False,False
2088,stbk0304,STBK0304,fam_1ba932cdbb9b,1,singleton,family_fam_1ba932cdbb9b,1,other,100.16,100.16,10,105.0,False,,,True,D_CORE,True,0.5110980429340218,0.3393728150506874,0.0,True,True,True,False,False
2089,stbk0305,STBK0305,fam_83d6867fb9ee,1,singleton,family_fam_83d6867fb9ee,1,other,99.94,99.94,10,105.0,False,,,True,D_CORE,True,0.5005859999219751,0.32665223808440497,0.0,True,True,True,False,False
2090,stbk0306,STBK0306,fam_e66a98a1767b,1,singleton,family_fam_e66a98a1767b,1,other,99.88999999999999,99.89,10,105.0,False,,,True,D_CORE,True,0.5007191844358491,0.3373194704358036,0.0,True,True,True,False,False
2091,suny117a,SUNY117A,fam_caefba88b2ca,1,singleton,family_fam_caefba88b2ca,1,other,98.55999999999999,98.56,10,105.0,False,,,True,D_CORE,True,1.2963924290706963,0.7930524759117941,0.0,True,True,True,False,False
2092,suny130,SUNY130,fam_ddb678e3cdb4,1,singleton,family_fam_ddb678e3cdb4,1,other,97.75,97.75,10,105.0,False,,,True,V_IN,True,0.7450486038318331,0.5517266403889114,0.6564734650712825,True,True,True,False,False
2093,suny132,SUNY132,fam_4caa7c7fe707,1,singleton,family_fam_4caa7c7fe707,1,other,97.92,97.92,10,105.0,False,,,True,T_IN,True,0.8371589363618968,0.5261839858250918,0.753129866851076,True,True,True,False,False
2094,suny135,SUNY135,fam_752b280d9db0,1,singleton,family_fam_752b280d9db0,1,other,98.82,98.82,10,105.0,False,,,True,D_CORE,True,0.9345892418308487,0.6067760631488145,0.0,True,True,True,False,False
2095,suny152769,SUNY152769,fam_7c97d1f8168b,1,singleton,family_fam_7c97d1f8168b,1,other,98.94,98.94,9,105.0,False,,,True,D_CORE,False,,,,False,True,True,False,False
2096,suny201426,SUNY201426,fam_74bb550b9f83,1,singleton,family_fam_74bb550b9f83,1,other,98.64,98.64,9,105.0,False,,,True,D_CORE,False,,,,True,True,True,False,False
2097,suny201428,SUNY201428,fam_08b500b6da84,1,singleton,family_fam_08b500b6da84,1,other,99.46000000000002,99.46,9,105.0,False,,,True,D_CORE,False,,,,True,True,True,False,False
2098,suny201429,SUNY201429,fam_0b03b719d71a,1,singleton,family_fam_0b03b719d71a,1,other,98.92,98.92,9,105.0,False,,,True,D_CORE,False,,,,True,True,False,False,False
2099,suny221123,SUNY221123,fam_b0af61553681,1,singleton,family_fam_b0af61553681,1,other,99.14999999999999,99.15,9,105.0,False,,,True,D_CORE,False,,,,True,True,True,False,False
2100,suny221136,SUNY221136,fam_746e46de6cfc,1,singleton,family_fam_746e46de6cfc,1,other,98.78999999999999,98.79,9,105.0,False,,,True,D_CORE,False,,,,True,True,True,False,False
2101,suny57a,SUNY57A,fam_6a17947cf3f6,1,singleton,family_fam_6a17947cf3f6,1,other,96.71999999999998,96.72,10,105.0,False,,,True,A_SEEN_TEST,True,1.0624558686359018,0.6830514697224773,0.0,True,True,True,False,False
2102,suny67,SUNY67,fam_5cc9b3dee38f,1,singleton,family_fam_5cc9b3dee38f,1,other,97.65999999999998,97.66,10,105.0,False,,,True,D_CORE,True,1.039348350617959,0.7407124405751571,0.0,True,True,True,False,False
2103,suny8005,SUNY8005,fam_c1c6fbe2ea07,1,singleton,family_fam_c1c6fbe2ea07,1,other,95.58000000000001,95.58,9,105.0,False,,,True,T_OOD,True,1.7029639439842108,1.1494010449674084,1.1821000303744464,True,True,True,False,False
2104,suny8006,SUNY8006,fam_c8626ffe1ec2,1,singleton,family_fam_c8626ffe1ec2,1,other,94.1,94.1,9,105.0,False,,,True,D_CORE,True,,,,True,False,True,False,False
2105,suny81,SUNY81,fam_d577a37c451a,1,singleton,family_fam_d577a37c451a,1,other,99.75000000000001,99.75,10,105.0,False,,,True,T_IN,True,0.5857067458283323,0.45457310433389747,0.4575639990477849,True,True,True,False,False
2106,sw10,SW10,fam_7316668dd944,1,singleton,family_fam_7316668dd944,1,other,99.89999999999999,99.9,10,105.0,False,,,True,D_CORE,True,0.38875537354697776,0.2901767957651154,0.0,True,True,True,False,False
2107,sw120,SW120,fam_869f4a208eae,1,singleton,family_fam_869f4a208eae,1,other,100.03000000000002,100.03,10,105.0,False,,,True,D_CORE,True,0.35063428046153655,0.3004656279316706,0.0,True,True,True,False,False
2108,sw36,SW36,fam_6d317681190c,1,singleton,family_fam_6d317681190c,1,other,100.22,100.22,10,105.0,False,,,True,D_CORE,True,0.3707800119000315,0.28618794739270986,0.0,True,True,True,False,False
2109,sw53,SW53,fam_7269a2c01946,1,singleton,family_fam_7269a2c01946,1,other,100.06,100.06,10,105.0,False,,,True,D_CORE,True,0.4523520452060307,0.355008808170207,0.0,True,True,True,False,False
2110,sw56,SW56,fam_fe0fc47d7de3,1,singleton,family_fam_fe0fc47d7de3,1,other,100.11,100.11,10,105.0,False,,,True,D_CORE,True,0.38093271860785277,0.29962154685877257,0.0,True,True,True,False,False
2111,sw91,SW91,fam_81516350118a,1,singleton,family_fam_81516350118a,1,other,99.52999999999997,99.53,10,105.0,False,,,True,D_CORE,True,0.4078011130693111,0.3339140468006471,0.0,True,True,True,False,False
2112,sw95,SW95,fam_253ce2c81d9d,1,singleton,family_fam_253ce2c81d9d,1,other,99.82000000000001,99.82,10,105.0,False,,,True,D_CORE,True,0.4207724398792897,0.33521853794402195,0.0,True,True,True,False,False
2113,sy4,SY4,fam_5d18be9654bc,1,singleton,family_fam_5d18be9654bc,1,other,94.67999999999998,94.68,10,105.0,False,,,True,D_CORE,True,,,,False,True,True,False,False
2114,t10ct001,T10CT001,fam_ebf9c4cb952a,1,singleton,family_fam_ebf9c4cb952a,1,other,99.85999999999999,99.86,10,105.0,False,,,True,D_CORE,True,0.9968846533000497,0.8686263115435047,0.0,True,True,True,False,False
2115,t10ct002,T10CT002,fam_ec05beb6c33c,1,singleton,family_fam_ec05beb6c33c,1,other,99.55000000000001,99.55,10,105.0,False,,,True,A_SEEN_TEST,True,1.180438652997554,0.9630316662483744,0.0,True,True,True,False,False
2116,t10ct003,T10CT003,fam_b81098c12e21,1,singleton,family_fam_b81098c12e21,1,other,99.95999999999998,99.96,10,105.0,False,,,True,D_CORE,True,,,,True,True,False,False,False
2117,t10ct004,T10CT004,fam_e178f659ab90,1,singleton,family_fam_e178f659ab90,1,other,100.23000000000002,100.23,10,105.0,False,,,True,D_CORE,True,1.1794576421170453,0.9741485086944869,0.0,True,True,True,False,False
2118,t10ct005,T10CT005,fam_e632592c66e2,1,singleton,family_fam_e632592c66e2,1,other,99.6,99.6,10,105.0,False,,,True,D_CORE,True,1.1733617634589444,0.9800368560655588,0.0,True,True,True,False,False
2119,t10ct006,T10CT006,fam_c702d7cdbced,1,singleton,family_fam_c702d7cdbced,1,other,99.68,99.68,10,105.0,False,,,True,D_CORE,True,1.1129950925302516,0.9104924915462264,0.0,True,True,True,False,False
2120,t10ct007,T10CT007,fam_c0bfd7fd1a39,1,singleton,family_fam_c0bfd7fd1a39,1,other,99.97999999999999,99.98,10,105.0,False,,,True,D_CORE,True,1.1251255071640043,0.9670966175008674,0.0,True,True,True,False,False
2121,t10ct008,T10CT008,fam_f5e19e26869b,1,singleton,family_fam_f5e19e26869b,1,other,99.72999999999999,99.73,10,105.0,False,,,True,A_SEEN_TEST,True,1.117561341094147,0.9606102501156211,0.0,True,True,True,False,False
2122,t10ct009,T10CT009,fam_7b8181e4e93f,1,singleton,family_fam_7b8181e4e93f,1,other,99.91,99.91,10,105.0,False,,,True,D_CORE,True,1.1956328928938258,0.9520363797663524,0.0,True,True,True,False,False
2123,t10ct010,T10CT010,fam_338c2c28dc9c,1,singleton,family_fam_338c2c28dc9c,1,other,100.12,100.12,10,105.0,False,,,True,D_CORE,True,1.262019287996476,1.0074939212440392,0.0,True,True,True,False,False
2124,t10ct011,T10CT011,fam_4feee5e4d860,1,singleton,family_fam_4feee5e4d860,1,other,99.67,99.67,10,105.0,False,,,True,A_SHOT_VAL,True,1.2191366308723652,1.0645601145292625,0.0,True,True,True,False,False
2125,t10ct012,T10CT012,fam_920e7623be39,1,singleton,family_fam_920e7623be39,1,other,100.16000000000001,100.16,10,105.0,False,,,True,D_CORE,True,1.31115746065433,1.0712653745637333,0.0,True,True,True,False,False
2126,t10ct013,T10CT013,fam_7eb302ce2fe8,1,singleton,family_fam_7eb302ce2fe8,1,other,100.1,100.1,10,105.0,False,,,True,D_CORE,True,0.8609982800383552,0.7720633045729627,0.0,True,True,True,False,False
2127,t10ct014a,T10CT014A,fam_f6cb6443adde,2,name_alias,family_fam_f6cb6443adde,2,other,100.03,100.03,10,105.0,False,,,True,D_CORE,True,0.9260248291214485,0.8205012022069019,0.0,True,True,True,False,False
2128,t10ct014b,T10CT014B,fam_f6cb6443adde,2,name_alias,family_fam_f6cb6443adde,2,other,99.91999999999999,99.92,10,105.0,False,,,True,D_CORE,True,0.8969007301960905,0.8031192315336585,0.0,True,True,True,False,False
2129,t10ct015,T10CT015,fam_4fb7a24bdef5,1,singleton,family_fam_4fb7a24bdef5,1,other,99.72,99.72,10,105.0,False,,,True,D_CORE,True,0.9331566748829945,0.8384991411265805,0.0,True,True,True,False,False
2130,t10ct016,T10CT016,fam_3fa45e0afa92,1,singleton,family_fam_3fa45e0afa92,1,other,100.05999999999999,100.06,10,105.0,False,,,True,D_CORE,True,0.7160579380744021,0.6307845028477903,0.0,True,True,True,False,False
2131,t10ct017,T10CT017,fam_880045d61a66,1,singleton,family_fam_880045d61a66,1,other,99.83999999999999,99.84,10,105.0,False,,,True,D_CORE,True,1.0788570214908721,0.9136722720431122,0.0,True,True,True,False,False
2132,t10ct019,T10CT019,fam_ad89d05d15e8,1,singleton,family_fam_ad89d05d15e8,1,other,99.80999999999999,99.81,10,105.0,False,,,True,T_IN,True,0.9163368135684115,0.7526455335307888,0.5968566069925906,True,True,True,False,False
2133,t10ct020a,T10CT020A,fam_20114afa8563,2,name_alias,family_fam_20114afa8563,2,other,99.56,99.56,10,105.0,False,,,True,D_CORE,True,0.9950628209834587,0.8317104505725436,0.0,True,True,True,False,False
2134,t10ct020b,T10CT020B,fam_20114afa8563,2,name_alias,family_fam_20114afa8563,2,other,99.93999999999997,99.94,10,105.0,False,,,True,A_SHOT_VAL,True,1.0366824867804496,0.8610278938553092,0.0,True,True,True,False,False
2135,t10ct022,T10CT022,fam_6e07b4f06365,1,singleton,family_fam_6e07b4f06365,1,other,99.61,99.61,10,105.0,False,,,True,D_CORE,True,0.8122937470862504,0.7244213614812418,0.0,True,True,True,False,False
2136,t10ct023,T10CT023,fam_0812699a00c3,1,singleton,family_fam_0812699a00c3,1,other,99.72999999999999,99.73,10,105.0,False,,,True,D_CORE,True,0.9834020850439855,0.8354140955029146,0.0,True,True,True,False,False
2137,t10ct024,T10CT024,fam_8438cf361dae,1,singleton,family_fam_8438cf361dae,1,other,99.63,99.63,10,105.0,False,,,True,D_CORE,True,1.193868907051339,0.9829038856426092,0.0,True,True,True,False,False
2138,t10ct025,T10CT025,fam_279adb360993,1,singleton,family_fam_279adb360993,1,other,100.0,100.0,10,105.0,False,,,True,D_CORE,True,1.1843933411977514,0.9754763152109842,0.0,True,True,True,False,False
2139,t10ct026,T10CT026,fam_4ecb714f6844,1,singleton,family_fam_4ecb714f6844,1,other,99.98,99.98,10,105.0,False,,,True,V_OOD,True,1.6102856167182078,1.0831059920408894,0.8849329259429114,True,True,True,False,False
2140,t10ct027,T10CT027,fam_cffeb5f49df3,1,singleton,family_fam_cffeb5f49df3,1,other,99.82,99.82,10,105.0,False,,,True,T_IN,True,0.8145968373981753,0.7120019910862723,0.36717805015057314,True,True,True,False,False
2141,t10ct028,T10CT028,fam_5ca204e35ecb,1,singleton,family_fam_5ca204e35ecb,1,other,100.11000000000001,100.11,10,105.0,False,,,True,V_OOD,True,1.696343638637607,1.2155029488399651,0.45469425660057494,True,True,True,False,False
2142,t10ct029,T10CT029,fam_b267851d69d1,1,singleton,family_fam_b267851d69d1,1,other,99.61,99.61,10,105.0,False,,,True,D_CORE,True,0.8196072854398834,0.7458237157462171,0.0,True,True,True,False,False
2143,t10ct030,T10CT030,fam_055cfede64ea,1,singleton,family_fam_055cfede64ea,1,other,99.47,99.47,10,105.0,False,,,True,D_CORE,True,0.855655840464128,0.7559383616413965,0.0,True,True,True,False,False
2144,t10ct031,T10CT031,fam_16d5c87de462,1,singleton,family_fam_16d5c87de462,1,other,100.05000000000001,100.05,10,105.0,False,,,True,D_CORE,True,0.956855848606614,0.8328541028716376,0.0,True,True,True,False,False
2145,t10ct032,T10CT032,fam_8a9bd1173e7c,1,singleton,family_fam_8a9bd1173e7c,1,other,99.50999999999999,99.51,10,105.0,False,,,True,D_CORE,True,0.8215866417735964,0.731314300201049,0.0,True,True,True,False,False
2146,t10ct033,T10CT033,fam_b50908b61a9e,1,singleton,family_fam_b50908b61a9e,1,other,100.03999999999998,100.04,10,105.0,False,,,True,T_IN,True,0.6771563060578065,0.5386426210278304,0.5529810797703704,True,True,True,False,False
2147,t10ct034,T10CT034,fam_9eecdb7215cf,1,singleton,family_fam_9eecdb7215cf,1,other,99.45999999999998,99.46,10,105.0,False,,,True,D_CORE,True,0.8836679039293043,0.7356944117500234,0.0,True,True,True,False,False
2148,t10ct036,T10CT036,fam_d23bee0fb611,1,singleton,family_fam_d23bee0fb611,1,other,100.02,100.02,10,105.0,False,,,True,A_SEEN_TEST,True,1.0131101303775853,0.8309534805382777,0.0,True,True,True,False,False
2149,t10ct038,T10CT038,fam_7b588bc88615,1,singleton,family_fam_7b588bc88615,1,other,99.74000000000001,99.74,10,105.0,False,,,True,D_CORE,True,0.6038308667535524,0.5183902624302696,0.0,True,True,True,False,False
2150,t10ct039,T10CT039,fam_bc17895cc95a,1,singleton,family_fam_bc17895cc95a,1,other,99.90999999999998,99.91,10,105.0,False,,,True,V_IN,True,0.8102128926706206,0.692362644686699,0.3170537213920428,True,True,True,False,False
2151,t10ct040,T10CT040,fam_71188b79f491,1,singleton,family_fam_71188b79f491,1,other,99.78999999999998,99.79,10,105.0,False,,,True,T_IN,True,0.7083636893985334,0.5866539800135642,0.3710913998739672,True,True,True,False,False
2152,t10ct041,T10CT041,fam_913d5f7319a4,1,singleton,family_fam_913d5f7319a4,1,other,99.46000000000001,99.46,10,105.0,False,,,True,V_IN,True,0.562543186219401,0.4737229516147471,0.21560228681919963,True,True,True,False,False
2153,t10ct042,T10CT042,fam_2430ef13abb7,1,singleton,family_fam_2430ef13abb7,1,other,99.68,99.68,10,105.0,False,,,True,V_IN,True,0.7803116171718744,0.6680036562724975,0.5005703622968676,True,True,True,False,False
2154,t10ct043,T10CT043,fam_3f0563b11fcd,1,singleton,family_fam_3f0563b11fcd,1,other,100.05,100.05,10,105.0,False,,,True,T_IN,True,0.8014336854134991,0.6091802294180153,0.3888029538017388,True,True,True,False,False
2155,t10ct044,T10CT044,fam_c2a8e4fd40d3,1,singleton,family_fam_c2a8e4fd40d3,1,other,99.55,99.55,10,105.0,False,,,True,D_CORE,True,0.6663157480597492,0.5595975767648886,0.0,True,True,True,False,False
2156,t10ct045,T10CT045,fam_5748913b63bd,1,singleton,family_fam_5748913b63bd,1,other,99.56,99.56,10,105.0,False,,,True,T_IN,True,0.8381609589275079,0.6497638403721988,0.35949917581235746,True,True,True,False,False
2157,t10ct046a,T10CT046A,fam_66372e8688c3,2,name_alias,family_fam_66372e8688c3,2,other,99.71,99.71,10,105.0,False,,,True,D_CORE,True,0.9717904122228143,0.7936797589552739,0.0,True,True,True,False,False
2158,t10ct046b,T10CT046B,fam_66372e8688c3,2,name_alias,family_fam_66372e8688c3,2,other,99.6,99.6,10,105.0,False,,,True,D_CORE,True,0.7652595169591416,0.6471179873430853,0.0,True,True,True,False,False
2159,t10ct047,T10CT047,fam_4c9b6f53d2b5,1,singleton,family_fam_4c9b6f53d2b5,1,other,99.58,99.58,10,105.0,False,,,True,A_SEEN_TEST,True,1.0717329820698025,0.779718530242862,0.0,True,True,True,False,False
2160,t10ct048,T10CT048,fam_a35510132e79,1,singleton,family_fam_a35510132e79,1,other,99.78999999999999,99.79,10,105.0,False,,,True,T_IN,True,0.4442651742305054,0.3548408398487263,0.8148394603669572,True,True,True,False,False
2161,t10ct049,T10CT049,fam_a61bf37c84c1,1,singleton,family_fam_a61bf37c84c1,1,other,99.71,99.71,10,105.0,False,,,True,V_IN,True,0.8077395997686541,0.7001407881957457,0.7013400319552189,True,True,True,False,False
2162,t10ct050,T10CT050,fam_dd34ae96b173,1,singleton,family_fam_dd34ae96b173,1,other,99.71,99.71,10,105.0,False,,,True,D_CORE,True,0.685973811406325,0.5920217924116745,0.0,True,True,True,False,False
2163,t10ct051,T10CT051,fam_83438cf22a8d,1,singleton,family_fam_83438cf22a8d,1,other,99.89000000000001,99.89,10,105.0,False,,,True,D_CORE,True,0.8557538227932768,0.7314370598894211,0.0,True,True,True,False,False
2164,t10ct052,T10CT052,fam_2ecdcc366d19,1,singleton,family_fam_2ecdcc366d19,1,other,100.16,100.16,10,105.0,False,,,True,D_CORE,True,1.0507551585278443,0.8421855037561112,0.0,True,True,True,False,False
2165,t10ct053,T10CT053,fam_3c220ff0097f,1,singleton,family_fam_3c220ff0097f,1,other,99.96999999999998,99.97,10,105.0,False,,,True,D_CORE,True,1.2065932834540496,0.9688985190897736,0.0,True,True,True,False,False
2166,t11ct055,T11CT055,fam_3a94166fd6e6,1,singleton,family_fam_3a94166fd6e6,1,other,99.83999999999999,99.84,10,105.0,False,,,True,A_SEEN_TEST,True,0.9816644178474798,0.7155538182271076,0.0,True,True,True,False,False
2167,t11ct056,T11CT056,fam_97a51ab88b24,1,singleton,family_fam_97a51ab88b24,1,other,99.73999999999998,99.74,10,105.0,False,,,True,D_CORE,True,0.9175767355138704,0.7034529187285817,0.0,True,True,True,False,False
2168,t11ct057,T11CT057,fam_7479addb706d,1,singleton,family_fam_7479addb706d,1,other,99.42,99.42,10,105.0,False,,,True,D_CORE,True,0.7369790149749162,0.631535445422893,0.0,True,True,True,False,False
2169,t11ct058,T11CT058,fam_ee1cb043395a,1,singleton,family_fam_ee1cb043395a,1,other,99.52999999999999,99.53,10,105.0,False,,,True,D_CORE,True,0.761841275783602,0.6540776749070323,0.0,True,True,True,False,False
2170,t11ct059,T11CT059,fam_1cefa0f174ef,1,singleton,family_fam_1cefa0f174ef,1,other,99.78000000000003,99.78,10,105.0,False,,,True,D_CORE,True,0.8566275933274882,0.7653391711716288,0.0,True,True,True,False,False
2171,t11ct060,T11CT060,fam_364614620fee,1,singleton,family_fam_364614620fee,1,other,99.87,99.87,10,105.0,False,,,True,D_CORE,True,0.8122908088381682,0.7465418560745407,0.0,True,True,True,False,False
2172,t11ct061,T11CT061,fam_c88c919e95c2,1,singleton,family_fam_c88c919e95c2,1,other,99.75,99.75,10,105.0,False,,,True,A_SEEN_TEST,True,0.8556494649954639,0.7666618819936987,0.0,True,True,True,False,False
2173,t11ct063,T11CT063,fam_4e99a6f05efd,1,singleton,family_fam_4e99a6f05efd,1,other,99.60999999999999,99.61,10,105.0,False,,,True,D_CORE,True,0.743343526675488,0.6566661713744042,0.0,True,True,True,False,False
2174,t11ct065,T11CT065,fam_02d907edff24,1,singleton,family_fam_02d907edff24,1,other,99.6,99.6,10,105.0,False,,,True,D_CORE,True,1.141717797697757,0.9316414435530607,0.0,True,True,True,False,False
2175,t11ct066,T11CT066,fam_7e5e54d19690,1,singleton,family_fam_7e5e54d19690,1,other,99.71000000000001,99.71,10,105.0,False,,,True,V_OOD,True,1.4189847468479875,1.0470662625619929,0.21490484617709515,True,True,True,False,False
2176,t11ct067,T11CT067,fam_a46259cf5725,1,singleton,family_fam_a46259cf5725,1,other,99.80999999999999,99.81,10,105.0,False,,,True,D_CORE,True,1.3154648622882186,1.0098704340476716,0.0,True,True,True,False,False
2177,t11ct068,T11CT068,fam_c397794dac9d,1,singleton,family_fam_c397794dac9d,1,other,99.7,99.7,10,105.0,False,,,True,D_CORE,True,0.8095951637098313,0.7173238170817137,0.0,True,True,True,False,False
2178,t11ct069,T11CT069,fam_053b29259078,1,singleton,family_fam_053b29259078,1,other,99.52,99.52,10,105.0,False,,,True,V_IN,True,0.5284549390050903,0.45439563872411287,0.34051323647694864,True,True,True,False,False
2179,t11ct070,T11CT070,fam_21d4302e7d09,1,singleton,family_fam_21d4302e7d09,1,other,99.41999999999999,99.42,10,105.0,False,,,True,A_SHOT_VAL,True,0.7482889518368502,0.6504959146940559,0.0,True,True,True,False,False
2180,t11ct071,T11CT071,fam_a8871be17065,1,singleton,family_fam_a8871be17065,1,other,99.54,99.54,10,105.0,False,,,True,D_CORE,True,0.595192672195854,0.5254133595829825,0.0,True,True,True,False,False
2181,t11ct072,T11CT072,fam_a8ad494e4bf2,1,singleton,family_fam_a8ad494e4bf2,1,other,99.74000000000001,99.74,10,105.0,False,,,True,D_CORE,True,0.9710555134279755,0.8628814767580267,0.0,True,True,True,False,False
2182,t11ct073,T11CT073,fam_a181e25ab0f8,1,singleton,family_fam_a181e25ab0f8,1,other,100.07000000000002,100.07,10,105.0,False,,,True,D_CORE,True,1.1631150273272504,1.0417003550209605,0.0,True,True,True,False,False
2183,t11ct074,T11CT074,fam_0e05955dc1f9,1,singleton,family_fam_0e05955dc1f9,1,other,99.58000000000001,99.58,10,105.0,False,,,True,D_CORE,True,1.1684464895647113,0.9865752817482565,0.0,True,True,True,False,False
2184,t11ct075,T11CT075,fam_09fc4bb7769e,1,singleton,family_fam_09fc4bb7769e,1,other,99.71000000000002,99.71,10,105.0,False,,,True,D_CORE,True,0.5666646013120099,0.4462643683080235,0.0,True,True,True,False,False
2185,t11ct076,T11CT076,fam_f3095a505e87,1,singleton,family_fam_f3095a505e87,1,other,99.49,99.49,10,105.0,False,,,True,D_CORE,True,0.8385340426822803,0.7507986353537417,0.0,True,True,True,False,False
2186,t11ct078,T11CT078,fam_f233224019b1,1,singleton,family_fam_f233224019b1,1,other,100.00000000000001,100.0,10,105.0,False,,,True,V_IN,True,0.7814351068766527,0.6832236077393194,0.25629057959289625,True,True,True,False,False
2187,t11ct079,T11CT079,fam_1302d5078d69,1,singleton,family_fam_1302d5078d69,1,other,99.74999999999997,99.75,10,105.0,False,,,True,D_CORE,True,1.0153002026860383,0.9130282460119211,0.0,True,True,True,False,False
2188,t11ct080,T11CT080,fam_896f9e30669d,1,singleton,family_fam_896f9e30669d,1,other,99.84000000000003,99.84,10,105.0,False,,,True,D_CORE,True,0.923018453125694,0.7690808571669691,0.0,True,True,True,False,False
2189,t11ct081,T11CT081,fam_e90b9d36a023,1,singleton,family_fam_e90b9d36a023,1,other,99.56,99.56,10,105.0,False,,,True,D_CORE,True,0.7128425059483503,0.6191418480419464,0.0,True,True,True,False,False
2190,t11ct082a,T11CT082A,fam_f842441ec66d,3,name_alias,family_fam_f842441ec66d,3,other,99.57000000000001,99.57,10,105.0,False,,,True,D_CORE,True,0.963373934322555,0.846715614377245,0.0,True,True,True,False,False
2191,t11ct082b,T11CT082B,fam_f842441ec66d,3,name_alias,family_fam_f842441ec66d,3,other,99.52,99.52,10,105.0,False,,,True,D_CORE,True,,,,True,True,False,False,False
2192,t11ct082c,T11CT082C,fam_f842441ec66d,3,name_alias,family_fam_f842441ec66d,3,other,99.00999999999999,99.01,10,105.0,False,,,True,A_SHOT_VAL,True,1.2199324791607014,0.9334552294752457,0.0,True,True,True,False,False
2193,t11ct083,T11CT083,fam_d20cf45cd24f,1,singleton,family_fam_d20cf45cd24f,1,other,99.63,99.63,10,105.0,False,,,True,V_IN,True,0.6401215135926838,0.482083042928241,0.7206044130573517,True,True,True,False,False
2194,t11ct084,T11CT084,fam_5bba4d6fd9aa,1,singleton,family_fam_5bba4d6fd9aa,1,other,99.42,99.42,10,105.0,False,,,True,D_CORE,True,0.9152040468490807,0.669764188386965,0.0,True,True,True,False,False
2195,t11ct085,T11CT085,fam_a875f3b238ad,1,singleton,family_fam_a875f3b238ad,1,other,99.42,99.42,10,105.0,False,,,True,D_CORE,True,0.7026608618176913,0.5142348579496102,0.0,True,True,True,False,False
2196,t11ct086,T11CT086,fam_f1a8a045e174,1,singleton,family_fam_f1a8a045e174,1,other,99.57,99.57,10,105.0,False,,,True,V_IN,True,0.711888805217983,0.6439356779055723,0.5676191190165537,True,True,True,False,False
2197,t11ct087b,T11CT087B,fam_a2387a9d1403,1,singleton,family_fam_a2387a9d1403,1,other,100.06,100.06,10,105.0,False,,,True,T_IN,True,0.8104221010171702,0.7050776057877628,0.8537389805002179,True,True,True,False,False
2198,t11ct088,T11CT088,fam_7b65f76e314b,1,singleton,family_fam_7b65f76e314b,1,other,99.82999999999998,99.83,10,105.0,False,,,True,D_CORE,True,0.7439028153487137,0.5194035372204286,0.0,True,True,True,False,False
2199,t11ct089,T11CT089,fam_60c4004fd68a,1,singleton,family_fam_60c4004fd68a,1,other,99.79999999999998,99.8,10,105.0,False,,,True,D_CORE,True,0.7084103680968137,0.5230802522251832,0.0,True,True,True,False,False
2200,t11ct090,T11CT090,fam_0f3d0d735fde,1,singleton,family_fam_0f3d0d735fde,1,other,98.59999999999998,98.6,10,105.0,False,,,True,D_CORE,True,0.788945393586655,0.5519600486014331,0.0,True,True,True,False,False
2201,t11ct091,T11CT091,fam_f23bdd4d3509,1,singleton,family_fam_f23bdd4d3509,1,other,99.44999999999999,99.45,10,105.0,False,,,True,D_CORE,True,0.8814443757004249,0.808054936778924,0.0,True,True,True,False,False
2202,t11ct092,T11CT092,fam_a2cd244d65ed,1,singleton,family_fam_a2cd244d65ed,1,other,99.71000000000001,99.71,10,105.0,False,,,True,D_CORE,True,0.7996490797031901,0.694565721639807,0.0,True,True,True,False,False
2203,t11ct093,T11CT093,fam_e265f5caf2de,1,singleton,family_fam_e265f5caf2de,1,other,100.13,100.13,10,105.0,False,,,True,D_CORE,True,0.6887440385192574,0.5962836802777244,0.0,True,True,True,False,False
2204,t11ct094,T11CT094,fam_071bc55fe138,1,singleton,family_fam_071bc55fe138,1,other,99.61,99.61,10,105.0,False,,,True,D_CORE,True,0.781533419251852,0.6992227951725158,0.0,True,True,True,False,False
2205,t11ct095,T11CT095,fam_0d236e125798,1,singleton,family_fam_0d236e125798,1,other,100.11000000000001,100.11,10,105.0,False,,,True,D_CORE,True,0.7051879331377391,0.6309383146676745,0.0,True,True,True,False,False
2206,t11ct096a,T11CT096A,fam_ccf8943f44b4,2,name_alias,family_fam_ccf8943f44b4,2,other,99.54999999999998,99.55,10,105.0,False,,,True,D_CORE,True,0.9944380983727366,0.8809327009145338,0.0,True,True,True,False,False
2207,t11ct096b,T11CT096B,fam_ccf8943f44b4,2,name_alias,family_fam_ccf8943f44b4,2,other,99.63,99.63,10,105.0,False,,,True,D_CORE,True,1.226100636746628,1.072999319585154,0.0,True,True,True,False,False
2208,t11ct097,T11CT097,fam_980dd1ef90e5,1,singleton,family_fam_980dd1ef90e5,1,other,99.48,99.48,10,105.0,False,,,True,A_SEEN_TEST,True,1.2805872712776654,1.0825277144515275,0.0,True,True,True,False,False
2209,t11ct098,T11CT098,fam_012b470f8702,1,singleton,family_fam_012b470f8702,1,other,99.48,99.48,10,105.0,False,,,True,D_CORE,True,0.7613643606608769,0.655977452515121,0.0,True,True,True,False,False
2210,t11ct099,T11CT099,fam_f2efa3b17900,1,singleton,family_fam_f2efa3b17900,1,other,99.49,99.49,10,105.0,False,,,True,D_CORE,True,0.8507591807056967,0.7674387372423308,0.0,True,True,True,False,False
2211,t11ct100,T11CT100,fam_aeee47694b02,1,singleton,family_fam_aeee47694b02,1,other,99.49,99.49,10,105.0,False,,,True,V_OOD,True,1.7406254509657006,1.1708188616524433,0.9463779155709646,True,True,True,False,False
2212,t11ct101,T11CT101,fam_67c226dae53f,1,singleton,family_fam_67c226dae53f,1,other,99.70999999999998,99.71,10,105.0,False,,,True,D_CORE,True,1.0568312411190373,0.9012113578305585,0.0,True,True,True,False,False
2213,t11ct102,T11CT102,fam_2b352f869e42,1,singleton,family_fam_2b352f869e42,1,other,100.06000000000002,100.06,10,105.0,False,,,True,A_SHOT_VAL,True,1.1237501532869434,0.9178116874747675,0.0,True,True,True,False,False
2214,t11ct103,T11CT103,fam_0669337acfd1,1,singleton,family_fam_0669337acfd1,1,other,99.66999999999999,99.67,10,105.0,False,,,True,D_CORE,True,0.5711868756461229,0.40416032241542404,0.0,True,True,True,False,False
2215,t11ct104,T11CT104,fam_7671514d74cd,1,singleton,family_fam_7671514d74cd,1,other,99.95000000000002,99.95,10,105.0,False,,,True,V_IN,True,0.5218087060341975,0.35964174285401196,0.3735519255857921,True,True,True,False,False
2216,t11ct105,T11CT105,fam_fe8556a9b4a8,1,singleton,family_fam_fe8556a9b4a8,1,other,100.55,100.55,10,105.0,False,,,True,V_OOD,True,1.5876650408854198,1.0156706461937908,0.7117386816103421,True,True,True,False,False
2217,t11ct106,T11CT106,fam_f974df53518f,2,name_alias+exact_chemistry,family_fam_f974df53518f,2,other,100.49000000000001,100.49,10,105.0,False,,,True,D_CORE,True,,,,False,True,False,False,False
2218,t11ct106a,T11CT106A,fam_f974df53518f,2,name_alias+exact_chemistry,family_fam_f974df53518f,2,other,100.49000000000001,100.49,10,105.0,False,,,True,D_CORE,True,1.0498828713717963,0.9047940032739008,0.0,True,True,True,False,False
2219,t11ct107,T11CT107,fam_81cbe5e4120d,1,singleton,family_fam_81cbe5e4120d,1,other,99.89000000000001,99.89,10,105.0,False,,,True,D_CORE,True,0.9135280784715929,0.7661959949716052,0.0,True,True,True,False,False
2220,t11ct110,T11CT110,fam_af8c06ac5f41,1,singleton,family_fam_af8c06ac5f41,1,other,99.93999999999998,99.94,10,105.0,False,,,True,T_IN,True,0.7203478229477532,0.5069672473460894,0.43647953472176126,True,True,True,False,False
2221,t11ct112,T11CT112,fam_7bc9678eee20,1,singleton,family_fam_7bc9678eee20,1,other,99.68999999999998,99.69,10,105.0,False,,,True,V_IN,True,0.6452559723055338,0.5399237907733986,0.6672031049849095,True,True,True,False,False
2222,t11ct113,T11CT113,fam_ad441398591f,1,singleton,family_fam_ad441398591f,1,other,99.94000000000001,99.94,10,105.0,False,,,True,D_CORE,True,1.1935873495062084,0.9989845846386778,0.0,True,True,True,False,False
2223,t11ct114,T11CT114,fam_ee2f4d33051c,1,singleton,family_fam_ee2f4d33051c,1,other,99.69000000000001,99.69,10,105.0,False,,,True,A_SHOT_VAL,True,0.5595634353575598,0.40749990489333177,0.0,True,True,True,False,False
2224,t11ct115,T11CT115,fam_cb25a35ea430,1,singleton,family_fam_cb25a35ea430,1,other,100.04,100.04,10,105.0,False,,,True,D_CORE,True,,,,False,True,True,False,False
2225,t11ct116,T11CT116,fam_1073a1a71d46,1,singleton,family_fam_1073a1a71d46,1,other,99.97,99.97,10,105.0,False,,,True,D_CORE,True,1.224654721651079,0.8966007943577801,0.0,True,True,True,False,False
2226,t11ct117,T11CT117,fam_674d9ecf16aa,1,singleton,family_fam_674d9ecf16aa,1,other,100.28999999999999,100.29,10,105.0,False,,,True,T_IN,True,0.8611914932078104,0.7242852413935174,0.4253450742740541,True,True,True,False,False
2227,t11ct118a,T11CT118A,fam_b9e07851c0da,2,name_alias,family_fam_b9e07851c0da,2,other,99.89,99.89,10,105.0,False,,,True,T_IN,True,0.9662807265127156,0.8153547460627643,0.455652355058048,True,True,True,False,False
2228,t11ct118b,T11CT118B,fam_b9e07851c0da,2,name_alias,family_fam_b9e07851c0da,2,other,99.73,99.73,10,105.0,False,,,True,T_IN,True,0.6869569704304397,0.582139703026892,0.4805029563097183,True,True,True,False,False
2229,t11ct119,T11CT119,fam_2d0c1454f478,1,singleton,family_fam_2d0c1454f478,1,other,100.39000000000001,100.39,10,105.0,False,,,True,D_CORE,True,0.8608624454125361,0.7202513811162675,0.0,True,True,True,False,False
2230,t11ct120,T11CT120,fam_b632db27775b,1,singleton,family_fam_b632db27775b,1,other,99.28999999999998,99.29,10,105.0,False,,,True,D_CORE,True,0.6854858758582854,0.6129033415516738,0.0,True,True,True,False,False
2231,t12ct121,T12CT121,fam_d6c3312de799,1,singleton,family_fam_d6c3312de799,1,other,99.82000000000001,99.82,10,105.0,False,,,True,A_SEEN_TEST,True,0.9852537022377699,0.8919802553015087,0.0,True,True,True,False,False
2232,t12ct122,T12CT122,fam_1d792774302e,1,singleton,family_fam_1d792774302e,1,other,99.55999999999999,99.56,10,105.0,False,,,True,D_CORE,True,0.957140089315837,0.8155928846834013,0.0,True,True,True,False,False
2233,t12ct123,T12CT123,fam_e22eab5b7eb1,1,singleton,family_fam_e22eab5b7eb1,1,other,99.77,99.77,10,105.0,False,,,True,V_IN,True,0.9078694636345375,0.7729275805273051,0.6332284336074103,True,True,True,False,False
2234,t12ct124a,T12CT124A,fam_18cddd64eb55,2,name_alias,family_fam_18cddd64eb55,2,other,99.36,99.36,10,105.0,False,,,True,V_IN,True,0.6217856130684358,0.516432610158489,0.534360699338166,True,True,True,False,False
2235,t12ct124b,T12CT124B,fam_18cddd64eb55,2,name_alias,family_fam_18cddd64eb55,2,other,99.99,99.99,10,105.0,False,,,True,V_IN,True,0.45997399908897396,0.31832758298814845,0.9767441011381225,True,True,True,False,False
2236,t12ct125,T12CT125,fam_6ac55804ce52,1,singleton,family_fam_6ac55804ce52,1,other,99.60000000000001,99.6,10,105.0,False,,,True,T_IN,True,0.935470212802844,0.8153902715554692,0.5030547317162632,True,True,True,False,False
2237,t12ct126,T12CT126,fam_d8caf2a8281b,1,singleton,family_fam_d8caf2a8281b,1,other,99.47000000000001,99.47,10,105.0,False,,,True,A_SHOT_VAL,True,0.6996298468909737,0.5876257256587373,0.0,True,True,True,False,False
2238,t12ct127,T12CT127,fam_8876560486c6,1,singleton,family_fam_8876560486c6,1,other,100.28999999999999,100.29,10,105.0,False,,,True,D_CORE,True,0.717971214157126,0.5832619361701693,0.0,True,True,True,False,False
2239,t12ct129,T12CT129,fam_b9ae25d4f323,1,singleton,family_fam_b9ae25d4f323,1,other,100.28,100.28,10,105.0,False,,,True,D_CORE,True,0.7841340783153781,0.7032238091164021,0.0,True,True,True,False,False
2240,t12ct1302,T12CT1302,fam_cd456855df63,1,singleton,family_fam_cd456855df63,1,other,100.51000000000002,100.51,10,105.0,False,,,True,D_CORE,True,0.7910688435406825,0.7138926786937936,0.0,True,True,True,False,False
2241,t12ct131a,T12CT131A,fam_1529ca23165a,2,name_alias,family_fam_1529ca23165a,2,other,99.66999999999999,99.67,10,105.0,False,,,True,V_IN,True,0.8842955296872488,0.7231440630299137,0.6203763433265037,True,True,True,False,False
2242,t12ct131b,T12CT131B,fam_1529ca23165a,2,name_alias,family_fam_1529ca23165a,2,other,100.01999999999998,100.02,10,105.0,False,,,True,V_IN,True,0.545723611148703,0.4408301499074134,0.5310212640517544,True,True,True,False,False
2243,t12ct132b,T12CT132B,fam_e5d995fa9618,2,name_alias,family_fam_e5d995fa9618,2,other,99.99,99.99,10,105.0,False,,,True,V_IN,True,1.023645717469468,0.8644291511164728,0.4178170234144168,True,True,True,False,False
2244,t12ct132c,T12CT132C,fam_e5d995fa9618,2,name_alias,family_fam_e5d995fa9618,2,other,99.86999999999999,99.87,10,105.0,False,,,True,V_IN,True,0.3862257363417613,0.26751140325643763,0.6027687307467767,True,True,True,False,False
2245,t12ct133,T12CT133,fam_4d10f7e68329,1,singleton,family_fam_4d10f7e68329,1,other,99.87,99.87,10,105.0,False,,,True,D_CORE,True,0.43754784743724706,0.3020042844856852,0.0,True,True,True,False,False
2246,t12ct134,T12CT134,fam_bc1c1a62701c,1,singleton,family_fam_bc1c1a62701c,1,other,99.69999999999999,99.7,10,105.0,False,,,True,A_SEEN_TEST,True,1.4164911863717196,1.112080825538451,0.0,True,True,True,False,False
2247,t12ct135,T12CT135,fam_184578fae1f0,1,singleton,family_fam_184578fae1f0,1,other,100.12,100.12,10,105.0,False,,,True,V_OOD,True,1.5555084819551488,1.284315941886287,0.5008785094534882,True,True,True,False,False
2248,t12ct136,T12CT136,fam_a0fa2f294a71,1,singleton,family_fam_a0fa2f294a71,1,other,100.17,100.17,10,105.0,False,,,True,V_IN,True,0.8439032080255431,0.7277640640504996,0.4240741248525473,True,True,True,False,False
2249,t12ct137a,T12CT137A,fam_7da78a4b8cd9,2,name_alias,family_fam_7da78a4b8cd9,2,other,100.14000000000001,100.14,10,105.0,False,,,True,T_IN,True,0.9541506546258822,0.8441294128216815,0.330260228666934,True,True,True,False,False
2250,t12ct137b,T12CT137B,fam_7da78a4b8cd9,2,name_alias,family_fam_7da78a4b8cd9,2,other,100.32,100.32,10,105.0,False,,,True,T_IN,True,0.9846122951875536,0.8902699038730348,0.2229102366135628,True,True,True,False,False
2251,t12ct138,T12CT138,fam_b9b247edb780,1,singleton,family_fam_b9b247edb780,1,other,100.01,100.01,10,105.0,False,,,True,D_CORE,True,0.8129785939464989,0.7035829664710953,0.0,True,True,True,False,False
2252,t12ct139,T12CT139,fam_7c895efd4c0b,1,singleton,family_fam_7c895efd4c0b,1,other,99.75,99.75,10,105.0,False,,,True,D_CORE,True,,,,True,True,False,False,False
2253,t12ct153,T12CT153,fam_5d1bea185a40,1,singleton,family_fam_5d1bea185a40,1,other,100.60000000000001,100.6,10,105.0,False,,,True,D_CORE,True,1.4143186741383784,1.0671008529374093,0.0,True,True,True,False,False
2254,t12ct154,T12CT154,fam_02a3e660cf42,1,singleton,family_fam_02a3e660cf42,1,other,100.61,100.61,10,105.0,False,,,True,D_CORE,True,0.9475796725802004,0.8678428895651937,0.0,True,True,True,False,False
2255,t12ct155,T12CT155,fam_cfdd5015e44c,1,singleton,family_fam_cfdd5015e44c,1,other,100.29,100.29,10,105.0,False,,,True,D_CORE,True,1.3711249192621737,1.0505758552371123,0.0,True,True,True,False,False
2256,t12ct156,T12CT156,fam_277081e3e0f4,1,singleton,family_fam_277081e3e0f4,1,other,100.44,100.44,10,105.0,False,,,True,D_CORE,True,1.267089170025793,0.995385827358549,0.0,True,True,True,False,False
2257,t12ct157a,T12CT157A,fam_44ee9da12eff,1,singleton,family_fam_44ee9da12eff,1,other,99.99000000000001,99.99,10,105.0,False,,,True,V_OOD,True,1.7235490737157364,1.3046516639964814,1.5437710957981203,True,True,True,False,False
2258,t12ct158,T12CT158,fam_9b3beb61129d,1,singleton,family_fam_9b3beb61129d,1,other,100.18999999999998,100.19,10,105.0,False,,,True,D_CORE,True,0.7697962208485165,0.67105642196814,0.0,True,True,True,False,False
2259,t12ct159,T12CT159,fam_fa01d6dbe6de,1,singleton,family_fam_fa01d6dbe6de,1,other,100.4,100.4,10,105.0,False,,,True,D_CORE,True,0.810645369604066,0.7008164518215081,0.0,True,True,True,False,False
2260,t12ct160,T12CT160,fam_f33e2a563a85,1,singleton,family_fam_f33e2a563a85,1,other,101.23999999999997,101.24,10,105.0,False,,,True,V_OOD,True,1.4544919552841589,1.1289059008539948,0.5463673551149052,True,True,True,False,False
2261,t12ct161,T12CT161,fam_56ada1e0216f,1,singleton,family_fam_56ada1e0216f,1,other,99.55000000000001,99.55,10,105.0,False,,,True,D_CORE,True,0.7793563212600911,0.6895912541350324,0.0,True,True,True,False,False
2262,t12ct162,T12CT162,fam_0b775be7a271,1,singleton,family_fam_0b775be7a271,1,other,100.35,100.35,10,105.0,False,,,True,D_CORE,True,0.8219823616851099,0.6434268198292347,0.0,True,True,True,False,False
2263,t12ct163,T12CT163,fam_953618becfb8,1,singleton,family_fam_953618becfb8,1,other,100.17,100.17,10,105.0,False,,,True,D_CORE,True,,,,True,True,False,False,False
2264,t12ct164,T12CT164,fam_0f6939bf2981,1,singleton,family_fam_0f6939bf2981,1,other,100.57,100.57,10,105.0,False,,,True,D_CORE,True,0.7826341282760644,0.6963763434581894,0.0,True,True,True,False,False
2265,t12ct165,T12CT165,fam_664883976320,1,singleton,family_fam_664883976320,1,other,99.92,99.92,10,105.0,False,,,True,D_CORE,True,1.0798403646021022,0.8895804745590244,0.0,True,True,True,False,False
2266,t12ct166,T12CT166,fam_f47da77769ea,1,singleton,family_fam_f47da77769ea,1,other,99.53,99.53,10,105.0,False,,,True,V_IN,True,0.5424500507484658,0.3827290112639494,0.538609552765942,True,True,True,False,False
2267,t12ct170,T12CT170,fam_7f1dd22d8262,1,singleton,family_fam_7f1dd22d8262,1,other,99.87,99.87,10,105.0,False,,,True,T_IN,True,0.524795463642686,0.4157354108835436,1.0660194108187568,True,True,True,False,False
2268,t12ct171,T12CT171,fam_581760cf5fab,1,singleton,family_fam_581760cf5fab,1,other,99.97000000000003,99.97,10,105.0,False,,,True,V_IN,True,0.7720726250708121,0.6540133030015627,0.6011092286622695,True,True,True,False,False
2269,t12ct173a,T12CT173A,fam_57667d80b652,1,singleton,family_fam_57667d80b652,1,other,100.42,100.42,10,105.0,False,,,True,T_OOD,True,1.6708726456510743,1.1982385880873532,1.0736571318627868,True,True,True,False,False
2270,t12ct174,T12CT174,fam_3b57e91316a4,1,singleton,family_fam_3b57e91316a4,1,other,98.32000000000001,98.32,10,105.0,False,,,True,D_CORE,True,,,,False,True,True,False,False
2271,t12ct176,T12CT176,fam_b1f9418eeb56,1,singleton,family_fam_b1f9418eeb56,1,other,99.75000000000001,99.75,10,105.0,False,,,True,A_SEEN_TEST,True,1.1382528725092587,0.8096224009063078,0.0,True,True,True,False,False
2272,t12ct177b,T12CT177B,fam_4f875e6fc84a,1,singleton,family_fam_4f875e6fc84a,1,other,99.86000000000001,99.86,10,105.0,False,,,True,D_CORE,True,,,,False,True,True,False,False
2273,t12ct179,T12CT179,fam_7356bb9fe69c,1,singleton,family_fam_7356bb9fe69c,1,other,99.41,99.41,10,105.0,False,,,True,V_IN,True,0.7840813060638729,0.5865025190740373,0.8302653595814253,True,True,True,False,False
2274,t12ct180,T12CT180,fam_4c33f8d64ba8,1,singleton,family_fam_4c33f8d64ba8,1,other,100.06,100.06,10,105.0,False,,,True,A_SEEN_TEST,True,0.8448057238869904,0.5980526111399028,0.0,True,True,True,False,False
2275,t12ct182a,T12CT182A,fam_b98b2d0ccfe4,2,name_alias,family_fam_b98b2d0ccfe4,2,other,100.11000000000001,100.11,10,105.0,False,,,True,D_CORE,True,0.8325082272548141,0.7171221613534235,0.0,True,True,True,False,False
2276,t12ct182b,T12CT182B,fam_b98b2d0ccfe4,2,name_alias,family_fam_b98b2d0ccfe4,2,other,100.05000000000001,100.05,10,105.0,False,,,True,D_CORE,True,0.9818961245166926,0.843058896676566,0.0,True,True,True,False,False
2277,t12ct183a,T12CT183A,fam_fd3a3c2d4493,2,name_alias,family_fam_fd3a3c2d4493,2,other,99.86000000000003,99.86,10,105.0,False,,,True,D_CORE,True,0.912525537788395,0.7943853989972939,0.0,True,True,True,False,False
2278,t12ct183b,T12CT183B,fam_fd3a3c2d4493,2,name_alias,family_fam_fd3a3c2d4493,2,other,99.86999999999998,99.87,10,105.0,False,,,True,D_CORE,True,0.7916591622909852,0.6919063904952777,0.0,True,True,True,False,False
2279,t12ct184,T12CT184,fam_2c5385169733,1,singleton,family_fam_2c5385169733,1,other,100.01000000000002,100.01,10,105.0,False,,,True,D_CORE,True,0.9727059789126529,0.8314283509475093,0.0,True,True,True,False,False
2280,t12ct185,T12CT185,fam_b0fe29ad2a78,1,singleton,family_fam_b0fe29ad2a78,1,other,99.86,99.86,10,105.0,False,,,True,D_CORE,True,0.7137509222262706,0.6284201002019271,0.0,True,True,True,False,False
2281,t12ct186,T12CT186,fam_fe7cebf8d28c,1,singleton,family_fam_fe7cebf8d28c,1,other,100.18999999999998,100.19,10,105.0,False,,,True,D_CORE,True,0.7044032038135248,0.5963676289649895,0.0,True,True,True,False,False
2282,t12ct187,T12CT187,fam_4c14d41232b5,1,singleton,family_fam_4c14d41232b5,1,other,99.85000000000001,99.85,10,105.0,False,,,True,D_CORE,True,0.6220304025309203,0.48418706785452487,0.0,True,True,True,False,False
2283,t12ct188,T12CT188,fam_c5ab354061ae,2,name_alias,family_fam_c5ab354061ae,2,other,99.43000000000002,99.43,10,105.0,False,,,True,D_CORE,True,0.7757732373723651,0.7129439842604297,0.0,True,True,True,False,False
2284,t12ct188b,T12CT188B,fam_c5ab354061ae,2,name_alias,family_fam_c5ab354061ae,2,other,99.45000000000002,99.45,10,105.0,False,,,True,D_CORE,True,,,,False,True,True,False,False
2285,t12ct189,T12CT189,fam_16cf8eeda197,1,singleton,family_fam_16cf8eeda197,1,other,99.77,99.77,10,105.0,False,,,True,D_CORE,True,,,,True,True,False,False,False
2286,t12ct190,T12CT190,fam_37d3a1d2781c,1,singleton,family_fam_37d3a1d2781c,1,other,99.8,99.8,10,105.0,False,,,True,D_CORE,True,1.2221583038827573,1.031070401149352,0.0,True,True,True,False,False
2287,t12ct191,T12CT191,fam_4a89044c79a2,1,singleton,family_fam_4a89044c79a2,1,other,100.07000000000001,100.07,10,105.0,False,,,True,A_SHOT_VAL,True,0.980647619925072,0.865958549880999,0.0,True,True,True,False,False
2288,t12ct192,T12CT192,fam_1d7b4587777e,1,singleton,family_fam_1d7b4587777e,1,other,99.78000000000002,99.78,10,105.0,False,,,True,D_CORE,True,0.8724785698038446,0.7915210645809089,0.0,True,True,True,False,False
2289,t12ct193,T12CT193,fam_b61e13c9708d,1,singleton,family_fam_b61e13c9708d,1,other,99.62,99.62,10,105.0,False,,,True,D_CORE,True,0.8633367576490923,0.7834206259785748,0.0,True,True,True,False,False
2290,t12ct194,T12CT194,fam_3ab603921359,2,name_alias,family_fam_3ab603921359,2,other,99.69000000000001,99.69,10,105.0,False,,,True,D_CORE,True,0.8541451526250414,0.7946385919143639,0.0,True,True,True,False,False
2291,t12ct194b,T12CT194B,fam_3ab603921359,2,name_alias,family_fam_3ab603921359,2,other,99.7,99.7,10,105.0,False,,,True,D_CORE,True,1.0738062254285716,0.9412741180226856,0.0,True,True,True,False,False
2292,t12ct195,T12CT195,fam_38d760f2e755,1,singleton,family_fam_38d760f2e755,1,other,99.51999999999998,99.52,10,105.0,False,,,True,D_CORE,True,0.5381492086868721,0.4606545221007003,0.0,True,True,True,False,False
2293,t12ct197,T12CT197,fam_6c0b7bb9cacc,2,name_alias,family_fam_6c0b7bb9cacc,2,other,99.95,99.95,10,105.0,False,,,True,T_IN,True,0.7313864447235848,0.6165004121069378,0.24678480825890467,True,True,True,False,False
2294,t12ct197b,T12CT197B,fam_6c0b7bb9cacc,2,name_alias,family_fam_6c0b7bb9cacc,2,other,99.8,99.8,10,105.0,False,,,True,T_IN,True,0.7896187655192659,0.6715431980812779,0.4362223175960558,True,True,True,False,False
2295,t12ct198,T12CT198,fam_a0eb6532a443,1,singleton,family_fam_a0eb6532a443,1,other,99.83999999999999,99.84,10,105.0,False,,,True,T_IN,True,0.9713160607895384,0.8512315618041076,0.2429123512415952,True,True,True,False,False
2296,t12ct199,T12CT199,fam_d27098a356c7,1,singleton,family_fam_d27098a356c7,1,other,99.59,99.59,10,105.0,False,,,True,T_IN,True,0.8735923458639948,0.7684710919762612,0.8515954158878806,True,True,True,False,False
2297,t12ct200a,T12CT200A,fam_500ed32e2dfc,2,name_alias,family_fam_500ed32e2dfc,2,other,99.88000000000004,99.88,10,105.0,False,,,True,V_OOD,True,3.8952009651690993,2.47653276352483,1.4656166913969766,True,True,True,False,False
2298,t12ct200b,T12CT200B,fam_500ed32e2dfc,2,name_alias,family_fam_500ed32e2dfc,2,other,99.56,99.56,10,105.0,False,,,True,V_OOD,True,3.1614016392788336,2.0876576351693803,1.4022180074991453,True,True,True,False,False
2299,t12ct202,T12CT202,fam_c318c85b5b6f,1,singleton,family_fam_c318c85b5b6f,1,other,100.21,100.21,10,105.0,False,,,True,D_CORE,True,0.8619730936616026,0.763688259831429,0.0,True,True,True,False,False
2300,t12ct203,T12CT203,fam_4af802f18c6b,1,singleton,family_fam_4af802f18c6b,1,other,100.00999999999999,100.01,10,105.0,False,,,True,A_SEEN_TEST,True,1.1618656206367288,0.9312410047999645,0.0,True,True,True,False,False
2301,t12ct204,T12CT204,fam_93b7ecc5dc3c,1,singleton,family_fam_93b7ecc5dc3c,1,other,99.69000000000001,99.69,10,105.0,False,,,True,D_CORE,True,0.8365366822630624,0.7482958243498612,0.0,True,True,True,False,False
2302,t12ct205,T12CT205,fam_60994fbf2fb1,1,singleton,family_fam_60994fbf2fb1,1,other,99.67,99.67,10,105.0,False,,,True,D_CORE,True,0.9046795409522542,0.816005578298369,0.0,True,True,True,False,False
2303,t12ct206,T12CT206,fam_7c4eec00977c,1,singleton,family_fam_7c4eec00977c,1,other,100.34000000000002,100.34,10,105.0,False,,,True,D_CORE,True,1.0298435637695995,0.8940109335524303,0.0,True,True,True,False,False
2304,t12ct207a,T12CT207A,fam_c120edab102e,2,name_alias,family_fam_c120edab102e,2,other,99.80999999999999,99.81,10,105.0,False,,,True,D_CORE,True,1.0639364066352606,0.9232263949345203,0.0,True,True,True,False,False
2305,t12ct207b,T12CT207B,fam_c120edab102e,2,name_alias,family_fam_c120edab102e,2,other,99.91,99.91,10,105.0,False,,,True,D_CORE,True,0.9466930909694533,0.8172190911221597,0.0,True,True,True,False,False
2306,t12ct208,T12CT208,fam_b1709e13f914,1,singleton,family_fam_b1709e13f914,1,other,99.92999999999999,99.93,10,105.0,False,,,True,D_CORE,True,1.1202239333092339,0.9387990413316366,0.0,True,True,True,False,False
2307,t12ct209,T12CT209,fam_4186c5663d29,1,singleton,family_fam_4186c5663d29,1,other,100.13999999999999,100.14,10,105.0,False,,,True,D_CORE,True,1.1289668998407358,0.9648950946737775,0.0,True,True,True,False,False
2308,t12ct210a,T12CT210A,fam_2f8c30361f2a,2,name_alias,family_fam_2f8c30361f2a,2,other,99.72999999999999,99.73,10,105.0,False,,,True,D_CORE,True,1.0149840098582177,0.8818868775176737,0.0,True,True,True,False,False
2309,t12ct210b,T12CT210B,fam_2f8c30361f2a,2,name_alias,family_fam_2f8c30361f2a,2,other,99.90000000000002,99.9,10,105.0,False,,,True,D_CORE,True,0.9975343558612841,0.8918258314045732,0.0,True,True,True,False,False
2310,t12ct211,T12CT211,fam_70cf640af921,1,singleton,family_fam_70cf640af921,1,other,99.94,99.94,10,105.0,False,,,True,D_CORE,True,1.0479951408968264,0.8717965536037167,0.0,True,True,True,False,False
2311,t12ct212a,T12CT212A,fam_e180a15be23c,2,name_alias,family_fam_e180a15be23c,2,other,99.63000000000001,99.63,10,105.0,False,,,True,D_CORE,True,1.021352929296702,0.874051753385715,0.0,True,True,True,False,False
2312,t12ct212b,T12CT212B,fam_e180a15be23c,2,name_alias,family_fam_e180a15be23c,2,other,100.14999999999999,100.15,10,105.0,False,,,True,D_CORE,True,0.9924682069722777,0.863874536264959,0.0,True,True,True,False,False
2313,t12ct213,T12CT213,fam_177fe1135ec7,1,singleton,family_fam_177fe1135ec7,1,other,99.84999999999998,99.85,10,105.0,False,,,True,T_IN,True,0.928413521898501,0.8312019826888982,0.38255059799531965,True,True,True,False,False
2314,te2,TE2,fam_72159a904c67,1,singleton,family_fam_72159a904c67,1,other,91.78999999999999,91.79,9,105.0,False,,,True,D_CORE,True,,,,False,True,False,False,False
2315,te8,TE8,fam_297dd070efce,1,singleton,family_fam_297dd070efce,1,other,94.54000000000002,94.54,9,105.0,False,,,True,T_IN,True,0.6139277289629299,0.4690125704549448,0.8776272534434433,True,True,True,False,False
2316,ti,TI,fam_41c76e521817,1,singleton,family_fam_41c76e521817,1,pure_metal,166.94,166.94,1,105.0,True,pure_metal,pure_metal; element_identity_and_oxide_equivalent:ti:TiO2=166.94;expected=166.849813024; major_oxide_sum_gt_105:166.94,False,STRESS_PURE_METAL,False,,,,True,True,True,False,False
2317,tm,TM,fam_a547db31280d,1,singleton,family_fam_a547db31280d,1,other,96.90000000000002,96.9,9,105.0,False,,,True,D_CORE,False,,,,True,True,True,False,False
2318,tochilinite,TOCHILINITE,fam_8b67812e7ff3,1,singleton,family_fam_8b67812e7ff3,1,other,69.49000000000001,69.49,10,105.0,False,,,True,D_CORE,False,,,,True,True,True,False,False
2319,tr1790b,TR1790B,fam_431531138d92,1,singleton,family_fam_431531138d92,1,other,100.11999999999999,100.12,10,105.0,False,,,True,D_CORE,True,0.6743052051337939,0.5774472928103892,0.0,True,True,True,False,False
2320,tr2107a,TR2107A,fam_ff5f354b0bb1,1,singleton,family_fam_ff5f354b0bb1,1,other,101.4,101.4,10,105.0,False,,,True,D_CORE,False,,,,True,True,True,False,False
2321,tr2506a,TR2506A,fam_c115ea546115,1,singleton,family_fam_c115ea546115,1,other,99.78999999999999,99.79,10,105.0,False,,,True,A_SEEN_TEST,True,0.9786654614985729,0.6149469973837846,0.0,True,True,True,False,False
2322,tr2586b,TR2586B,fam_47f1bf3340f7,1,singleton,family_fam_47f1bf3340f7,1,other,99.9,99.9,10,105.0,False,,,True,D_CORE,False,,,,True,True,True,False,False
2323,tr2601a,TR2601A,fam_b8d9db9b9feb,1,singleton,family_fam_b8d9db9b9feb,1,other,99.87,99.87,10,105.0,False,,,True,D_CORE,False,,,,True,True,True,False,False
2324,tr2640a,TR2640A,fam_ea6ce13e13db,1,singleton,family_fam_ea6ce13e13db,1,other,100.07000000000001,100.07,10,105.0,False,,,True,D_CORE,False,,,,True,True,True,False,False
2325,tr2660a,TR2660A,fam_7d3421d64e3d,1,singleton,family_fam_7d3421d64e3d,1,other,100.67999999999999,100.68,10,105.0,False,,,True,D_CORE,False,,,,True,True,True,False,False
2326,tr2695a,TR2695A,fam_8f3c679cd3ef,1,singleton,family_fam_8f3c679cd3ef,1,other,100.07000000000001,100.07,10,105.0,False,,,True,D_CORE,False,,,,False,True,False,False,False
2327,tr2792a,TR2792A,fam_ff2b20ab00e7,1,singleton,family_fam_ff2b20ab00e7,1,other,99.89999999999998,99.9,10,105.0,False,,,True,D_CORE,False,,,,True,True,True,False,False
2328,tr2844a,TR2844A,fam_fa5c9a50f096,1,singleton,family_fam_fa5c9a50f096,1,other,99.33999999999999,99.34,10,105.0,False,,,True,D_CORE,False,,,,True,True,True,False,False
2329,tr2866a,TR2866A,fam_4a7835912082,1,singleton,family_fam_4a7835912082,1,other,99.69999999999999,99.7,10,105.0,False,,,True,D_CORE,False,,,,True,True,True,False,False
2330,tr2947a,TR2947A,fam_a7d258d34d57,1,singleton,family_fam_a7d258d34d57,1,other,99.94999999999997,99.95,10,105.0,False,,,True,D_CORE,False,,,,True,True,True,False,False
2331,tr2964a,TR2964A,fam_63f155727471,1,singleton,family_fam_63f155727471,1,other,99.77000000000001,99.77,10,105.0,False,,,True,D_CORE,False,,,,True,True,True,False,False
2332,tr3018a,TR3018A,fam_c044a897ff38,1,singleton,family_fam_c044a897ff38,1,other,99.91,99.91,10,105.0,False,,,True,D_CORE,False,,,,True,True,True,False,False
2333,tr3179a,TR3179A,fam_231fd9545a75,1,singleton,family_fam_231fd9545a75,1,other,100.80999999999999,100.81,10,105.0,False,,,True,D_CORE,False,,,,True,True,True,False,False
2334,tr3323a,TR3323A,fam_240545212564,1,singleton,family_fam_240545212564,1,other,99.81999999999998,99.82,10,105.0,False,,,True,D_CORE,False,,,,True,True,True,False,False
2335,tr3491b,TR3491B,fam_30b8bca3825c,1,singleton,family_fam_30b8bca3825c,1,other,100.53999999999999,100.54,10,105.0,False,,,True,D_CORE,False,,,,True,True,True,False,False
2336,tr3500b,TR3500B,fam_7731de6ab31b,1,singleton,family_fam_7731de6ab31b,1,other,100.36,100.36,10,105.0,False,,,True,D_CORE,False,,,,True,True,True,False,False
2337,tr3782a,TR3782A,fam_1a5dbd73f215,1,singleton,family_fam_1a5dbd73f215,1,other,99.84000000000002,99.84,10,105.0,False,,,True,D_CORE,False,,,,True,True,True,False,False
2338,tr3829l,TR3829L,fam_306004270526,1,singleton,family_fam_306004270526,1,other,100.67999999999999,100.68,10,105.0,False,,,True,D_CORE,False,,,,True,True,True,False,False
2339,tr3829r,TR3829R,fam_5449dc7956ed,1,singleton,family_fam_5449dc7956ed,1,other,100.67999999999999,100.68,10,105.0,False,,,True,D_CORE,False,,,,True,True,True,False,False
2340,tr3940a,TR3940A,fam_4c9aa66990d7,1,singleton,family_fam_4c9aa66990d7,1,other,100.01,100.01,9,105.0,False,,,True,D_CORE,False,,,,True,True,True,False,False
2341,tr4450a,TR4450A,fam_d063dc672575,1,singleton,family_fam_d063dc672575,1,other,99.65000000000002,99.65,10,105.0,False,,,True,D_CORE,False,,,,True,True,True,False,False
2342,tr4490bm,TR4490BM,fam_32a5f3bf6d02,1,singleton,family_fam_32a5f3bf6d02,1,other,100.66999999999999,100.67,10,105.0,False,,,True,D_CORE,False,,,,True,True,True,False,False
2343,tr4775a,TR4775A,fam_840d1e8dfdbf,1,singleton,family_fam_840d1e8dfdbf,1,other,99.56,99.56,10,105.0,False,,,True,D_CORE,False,,,,True,True,True,False,False
2344,trodjhemite,TRODJHEMITE,fam_66ebe8bb4b4e,1,singleton,family_fam_66ebe8bb4b4e,1,other,100.21,100.21,10,105.0,False,,,True,D_CORE,True,1.1888582049183978,0.9569437259002789,0.0,True,True,True,False,False
2345,tt153104,TT153104,fam_8e152d83ffc3,1,singleton,family_fam_8e152d83ffc3,1,other,100.06000000000002,100.06,10,105.0,False,,,True,D_CORE,True,0.3836907113273903,0.3082435969591475,0.0,True,True,True,False,False
2346,tt17068d,TT17068D,fam_7cb85d6cd2fd,2,exact_chemistry,family_fam_7cb85d6cd2fd,2,other,99.69000000000003,99.69,10,105.0,False,,,True,D_CORE,True,0.3395880902249472,0.26060203675656757,0.0,True,True,True,False,False
2347,tt1758d11,TT1758D11,fam_c94b1f4d3c84,1,singleton,family_fam_c94b1f4d3c84,1,other,100.11999999999999,100.12,10,105.0,False,,,True,D_CORE,True,0.4856392615683378,0.3196527765554947,0.0,True,True,True,False,False
2348,tt1758d5,TT1758D5,fam_c65bd14a5f2f,1,singleton,family_fam_c65bd14a5f2f,1,other,99.91999999999997,99.92,10,105.0,False,,,True,A_SHOT_VAL,True,0.3848025570681546,0.27472994733763617,0.0,True,True,True,False,False
2349,tt53103,TT53103,fam_8ab5f5e4744a,1,singleton,family_fam_8ab5f5e4744a,1,other,99.32000000000002,99.32,10,105.0,False,,,True,D_CORE,True,0.44424810623224986,0.3277459483631114,0.0,True,True,True,False,False
2350,tt53122,TT53122,fam_a3ddefce6198,1,singleton,family_fam_a3ddefce6198,1,other,99.74999999999999,99.75,10,105.0,False,,,True,D_CORE,False,,,,True,True,True,False,False
2351,tt53129,TT53129,fam_925d564d08b7,1,singleton,family_fam_925d564d08b7,1,other,99.78999999999999,99.79,10,105.0,False,,,True,D_CORE,False,,,,True,True,True,False,False
2352,tt63297,TT63297,fam_4f155e07991d,1,singleton,family_fam_4f155e07991d,1,other,100.20000000000002,100.2,10,105.0,False,,,True,D_CORE,False,,,,True,True,True,False,False
2353,tt632982,TT632982,fam_67bcac052fcf,1,singleton,family_fam_67bcac052fcf,1,other,100.13,100.13,10,105.0,False,,,True,D_CORE,True,0.6802962292252095,0.4513142116658491,0.0,True,True,True,False,False
2354,tt63301,TT63301,fam_da4eca4a3511,1,singleton,family_fam_da4eca4a3511,1,other,100.38000000000001,100.38,9,105.0,False,,,True,D_CORE,False,,,,True,True,True,False,False
2355,tt63306,TT63306,fam_82f5ac90145a,1,singleton,family_fam_82f5ac90145a,1,other,99.33000000000001,99.33,10,105.0,False,,,True,D_CORE,False,,,,True,True,True,False,False
2356,tt63307,TT63307,fam_4b114c310c4f,1,singleton,family_fam_4b114c310c4f,1,other,99.48000000000002,99.48,10,105.0,False,,,True,D_CORE,False,,,,True,True,True,False,False
2357,twfsg1,TWFSG1,fam_b1ebf9b59e49,1,singleton,family_fam_b1ebf9b59e49,1,other,99.99000000000001,99.99,10,105.0,False,,,True,D_CORE,True,0.32697710554179105,0.26173300910644237,0.0,True,True,True,False,False
2358,ubn,UBN,fam_94740d614f4b,1,singleton,family_fam_94740d614f4b,1,other,84.49,84.49,10,105.0,False,,,True,D_CORE,True,,,,True,True,False,False,False
2359,uh02182,UH02182,fam_6513bac173f5,1,singleton,family_fam_6513bac173f5,1,other,99.46,99.46,10,105.0,False,,,True,D_CORE,True,,,,True,False,True,True,True
2360,uh02186d,UH02186D,fam_d1499c450601,1,singleton,family_fam_d1499c450601,1,other,100.06,100.06,10,105.0,False,,,True,D_CORE,True,,,,True,False,True,True,True
2361,uh02192,UH02192,fam_37e0281c1f5a,1,singleton,family_fam_37e0281c1f5a,1,other,99.21,99.21,10,105.0,False,,,True,D_CORE,True,,,,True,False,True,True,True
2362,uh02193a,UH02193A,fam_c61fb4810afa,2,name_alias,family_fam_c61fb4810afa,2,other,100.28,100.28,10,105.0,False,,,True,D_CORE,True,,,,True,False,True,True,True
2363,uh02193b,UH02193B,fam_c61fb4810afa,2,name_alias,family_fam_c61fb4810afa,2,other,99.64999999999998,99.65,10,105.0,False,,,True,D_CORE,True,,,,True,False,True,True,True
2364,uh02211,UH02211,fam_bc955aa81e70,1,singleton,family_fam_bc955aa81e70,1,other,99.74,99.74,10,105.0,False,,,True,D_CORE,True,,,,True,False,True,True,True
2365,uh02213,UH02213,fam_c2afad2034c9,1,singleton,family_fam_c2afad2034c9,1,other,100.08000000000001,100.08,10,105.0,False,,,True,D_CORE,True,,,,True,False,True,True,True
2366,uh02214,UH02214,fam_52c8a81303b8,1,singleton,family_fam_52c8a81303b8,1,other,99.67999999999999,99.68,10,105.0,False,,,True,D_CORE,True,,,,True,False,True,True,True
2367,uh02221b,UH02221B,fam_9871c4228780,1,singleton,family_fam_9871c4228780,1,other,99.66000000000001,99.66,10,105.0,False,,,True,D_CORE,True,,,,True,False,True,True,True
2368,uh02222s,UH02222S,fam_6799f8622bdc,1,singleton,family_fam_6799f8622bdc,1,other,99.43999999999998,99.44,10,105.0,False,,,True,D_CORE,True,,,,True,False,True,True,True
2369,uh02252,UH02252,fam_15dd03e8919a,1,singleton,family_fam_15dd03e8919a,1,other,99.46,99.46,10,105.0,False,,,True,D_CORE,True,,,,True,False,True,True,True
2370,uh02282,UH02282,fam_71b39baf549b,1,singleton,family_fam_71b39baf549b,1,other,99.85999999999999,99.86,10,105.0,False,,,True,D_CORE,True,,,,True,False,True,True,True
2371,uh03011,UH03011,fam_d16584d0afe1,1,singleton,family_fam_d16584d0afe1,1,other,99.84999999999998,99.85,10,105.0,False,,,True,D_CORE,True,,,,True,False,True,True,True
2372,uh03019,UH03019,fam_358c69e2dc00,1,singleton,family_fam_358c69e2dc00,1,other,99.34000000000002,99.34,10,105.0,False,,,True,D_CORE,True,,,,True,False,True,True,True
2373,uh06233,UH06233,fam_7a0ba137aae8,1,singleton,family_fam_7a0ba137aae8,1,other,99.8,99.8,10,105.0,False,,,True,D_CORE,True,,,,True,False,True,True,True
2374,uh06261,UH06261,fam_5787a94990a8,1,singleton,family_fam_5787a94990a8,1,other,99.78000000000002,99.78,10,105.0,False,,,True,D_CORE,True,,,,True,False,True,True,True
2375,uh07095,UH07095,fam_d1c1a639dddd,1,singleton,family_fam_d1c1a639dddd,1,other,99.68,99.68,10,105.0,False,,,True,A_SHOT_VAL,True,,,,True,False,True,True,True
2376,uh07134,UH07134,fam_73d200e79364,1,singleton,family_fam_73d200e79364,1,other,99.72000000000001,99.72,10,105.0,False,,,True,D_CORE,True,,,,True,False,True,True,True
2377,ultramafic,ULTRAMAFIC,fam_603137abf659,1,singleton,family_fam_603137abf659,1,other,99.60000000000001,99.6,10,105.0,False,,,True,D_CORE,True,,,,False,True,True,False,False
2378,umass1821,UMASS1821,fam_5c6d89699c91,1,singleton,family_fam_5c6d89699c91,1,other,99.75,99.75,10,105.0,False,,,True,D_CORE,True,1.2993387222841364,0.8629203895048763,0.0,True,True,True,False,False
2379,umass1823a,UMASS1823A,fam_88b897eb3bfc,1,singleton,family_fam_88b897eb3bfc,1,other,100.03,100.03,10,105.0,False,,,True,D_CORE,True,0.7719889567352073,0.5746843329271569,0.0,True,True,True,False,False
2380,umass1824,UMASS1824,fam_f571f4986f41,1,singleton,family_fam_f571f4986f41,1,other,99.42,99.42,10,105.0,False,,,True,T_OOD,True,2.628610823261312,1.6220018315213056,0.8540438653128097,True,True,True,False,False
2381,umass1825,UMASS1825,fam_920bd3dfc7c6,1,singleton,family_fam_920bd3dfc7c6,1,other,100.05000000000001,100.05,10,105.0,False,,,True,D_CORE,True,0.4647131888151968,0.3734711598313952,0.0,True,True,True,False,False
2382,umass1826a,UMASS1826A,fam_42fae1ab2355,2,name_alias,family_fam_42fae1ab2355,2,other,99.66000000000001,99.66,10,105.0,False,,,True,T_OOD,True,1.9880745590264042,1.2556798244736038,0.5245304248355394,True,True,True,False,False
2383,umass1826b,UMASS1826B,fam_42fae1ab2355,2,name_alias,family_fam_42fae1ab2355,2,other,99.96999999999998,99.97,10,105.0,False,,,True,T_OOD,True,1.9833207093538439,1.251981299757311,0.5428781407480188,True,True,True,False,False
2384,umass1827,UMASS1827,fam_c36054ff6df0,1,singleton,family_fam_c36054ff6df0,1,other,99.61,99.61,10,105.0,False,,,True,T_OOD,True,2.648856679807159,1.6349033777737572,0.8827395423494993,True,True,True,False,False
2385,umass1828,UMASS1828,fam_359697c9be12,1,singleton,family_fam_359697c9be12,1,other,99.74000000000001,99.74,10,105.0,False,,,True,V_OOD,True,2.6504975199645004,1.6971424255447836,3.5400591540686372,True,True,True,False,False
2386,umass18310,UMASS18310,fam_8f4b085e39db,1,singleton,family_fam_8f4b085e39db,1,other,100.18000000000002,100.18,10,105.0,False,,,True,D_CORE,True,0.42328611467964106,0.33066557465971336,0.0,True,True,True,False,False
2387,umass18311,UMASS18311,fam_8582871013f9,1,singleton,family_fam_8582871013f9,1,other,100.37,100.37,10,105.0,False,,,True,D_CORE,True,0.6693573762296656,0.5152447989140367,0.0,True,True,True,False,False
2388,umass18312,UMASS18312,fam_1f4f512f2775,1,singleton,family_fam_1f4f512f2775,1,other,100.22000000000001,100.22,10,105.0,False,,,True,D_CORE,True,0.6767100009531104,0.5198024509543289,0.0,True,True,True,False,False
2389,umass18313,UMASS18313,fam_8398e80d016b,1,singleton,family_fam_8398e80d016b,1,other,100.48000000000002,100.48,10,105.0,False,,,True,V_IN,True,0.6127763507230333,0.47891059288774657,0.13472544144498408,True,True,True,False,False
2390,umass18314,UMASS18314,fam_c9fd05fcc88a,1,singleton,family_fam_c9fd05fcc88a,1,other,100.50000000000001,100.5,10,105.0,False,,,True,D_CORE,True,0.5934396337030838,0.4532498104129306,0.0,True,True,True,False,False
2391,umass18315,UMASS18315,fam_a27b32860bbb,1,singleton,family_fam_a27b32860bbb,1,other,100.09,100.09,10,105.0,False,,,True,V_IN,True,0.9026018964191342,0.6393462324443557,0.23702444505582718,True,True,True,False,False
2392,umass1831a,UMASS1831A,fam_d3410e0ea361,2,name_alias,family_fam_d3410e0ea361,2,other,99.81,99.81,10,105.0,False,,,True,T_OOD,True,2.335534015074119,1.4556803869708739,0.44547719806694697,True,True,True,False,False
2393,umass1831b,UMASS1831B,fam_d3410e0ea361,2,name_alias,family_fam_d3410e0ea361,2,other,99.63000000000001,99.63,10,105.0,False,,,True,T_OOD,True,2.2229870258215327,1.3829692723931921,0.5535053143998616,True,True,True,False,False
2394,umass1832,UMASS1832,fam_a0ca324a3a09,1,singleton,family_fam_a0ca324a3a09,1,other,100.08999999999999,100.09,10,105.0,False,,,True,T_OOD,True,2.610474858540268,1.6355691002767343,3.624592274269213,True,True,True,False,False
2395,umass1833,UMASS1833,fam_2a7687e410aa,1,singleton,family_fam_2a7687e410aa,1,other,99.86999999999999,99.87,10,105.0,False,,,True,V_OOD,True,2.6136482518572146,1.6404512438412668,3.629417040072853,True,True,True,False,False
2396,umass1834,UMASS1834,fam_b04978ea6ee4,1,singleton,family_fam_b04978ea6ee4,1,other,99.64000000000001,99.64,10,105.0,False,,,True,V_OOD,True,2.47755339289888,1.4310745377515217,2.9481871326682985,True,True,True,False,False
2397,umass1836,UMASS1836,fam_6e6be5d78d00,1,singleton,family_fam_6e6be5d78d00,1,other,100.46,100.46,10,105.0,False,,,True,D_CORE,True,0.5459768298988441,0.4106624579655464,0.0,True,True,True,False,False
2398,umass1837,UMASS1837,fam_87b775ef73e3,1,singleton,family_fam_87b775ef73e3,1,other,100.32,100.32,10,105.0,False,,,True,D_CORE,True,0.564542651500727,0.4242843062378539,0.0,True,True,True,False,False
2399,umass1838,UMASS1838,fam_ceb6683508f6,1,singleton,family_fam_ceb6683508f6,1,other,100.27000000000001,100.27,10,105.0,False,,,True,D_CORE,True,1.000134526708112,0.6945788686690267,0.0,True,True,True,False,False
2400,umass1841,UMASS1841,fam_71cd82ad1515,1,singleton,family_fam_71cd82ad1515,1,other,99.36999999999999,99.37,10,105.0,False,,,True,D_CORE,True,0.5168701894170389,0.40329530011378933,0.0,True,True,True,False,False
2401,umass18412,UMASS18412,fam_b33453c82f19,1,singleton,family_fam_b33453c82f19,1,other,100.3,100.3,10,105.0,False,,,True,D_CORE,True,0.5751196604683986,0.4390559872485784,0.0,True,True,True,False,False
2402,umass18413,UMASS18413,fam_0fb9e85505f7,1,singleton,family_fam_0fb9e85505f7,1,other,100.37000000000003,100.37,10,105.0,False,,,True,D_CORE,True,0.699710080285088,0.5393618887199717,0.0,True,True,True,False,False
2403,umass1842,UMASS1842,fam_10d11faaceee,1,singleton,family_fam_10d11faaceee,1,other,99.78999999999999,99.79,10,105.0,False,,,True,D_CORE,True,0.6932524974764795,0.531693569889303,0.0,True,True,True,False,False
2404,umass1845,UMASS1845,fam_80747ae04320,1,singleton,family_fam_80747ae04320,1,other,100.01,100.01,10,105.0,False,,,True,D_CORE,True,0.6812295028683364,0.5267555308239072,0.0,True,True,True,False,False
2405,umass1849,UMASS1849,fam_ace6cec9ac33,1,singleton,family_fam_ace6cec9ac33,1,other,100.67000000000002,100.67,10,105.0,False,,,True,D_CORE,True,0.6767882395491891,0.524427407053444,0.0,True,True,True,False,False
2406,umass18510,UMASS18510,fam_6b0422314ab1,1,singleton,family_fam_6b0422314ab1,1,other,99.67,99.67,10,105.0,False,,,True,D_CORE,True,0.4546186018409637,0.3545739342487991,0.0,True,True,True,False,False
2407,umass18511,UMASS18511,fam_54041faa4ac2,1,singleton,family_fam_54041faa4ac2,1,other,100.02000000000001,100.02,10,105.0,False,,,True,D_CORE,True,0.46317733241595244,0.3657517822038108,0.0,True,True,True,False,False
2408,umass1853,UMASS1853,fam_8f423631b72c,1,singleton,family_fam_8f423631b72c,1,other,99.83000000000001,99.83,10,105.0,False,,,True,D_CORE,True,0.47769088595671305,0.38481431628437884,0.0,True,True,True,False,False
2409,umass1854,UMASS1854,fam_7e071522bd3a,1,singleton,family_fam_7e071522bd3a,1,other,100.14000000000003,100.14,10,105.0,False,,,True,D_CORE,True,0.5071734258277453,0.4010426571797366,0.0,True,True,True,False,False
2410,umass1855,UMASS1855,fam_c11ea1cc8474,1,singleton,family_fam_c11ea1cc8474,1,other,99.86,99.86,10,105.0,False,,,True,D_CORE,True,0.49522268387378965,0.39338116992467265,0.0,True,True,True,False,False
2411,umass1856a,UMASS1856A,fam_4e7916ae159a,2,name_alias,family_fam_4e7916ae159a,2,other,99.82000000000001,99.82,10,105.0,False,,,True,D_CORE,True,0.5221128583598333,0.4118706762422839,0.0,True,True,True,False,False
2412,umass1856b,UMASS1856B,fam_4e7916ae159a,2,name_alias,family_fam_4e7916ae159a,2,other,99.85000000000002,99.85,10,105.0,False,,,True,D_CORE,True,0.41491831923661593,0.3321732353200486,0.0,True,True,True,False,False
2413,umass1857a,UMASS1857A,fam_116510dbf794,1,singleton,family_fam_116510dbf794,1,other,99.85999999999999,99.86,10,105.0,False,,,True,D_CORE,True,0.4224354566403674,0.3348092733101472,0.0,True,True,True,False,False
2414,umass1858,UMASS1858,fam_a6f3c58c80e3,1,singleton,family_fam_a6f3c58c80e3,1,other,100.23000000000002,100.23,10,105.0,False,,,True,D_CORE,True,0.5260799114380736,0.42002781992231847,0.0,True,True,True,False,False
2415,umass1859a,UMASS1859A,fam_c183da40e462,1,singleton,family_fam_c183da40e462,1,other,100.22000000000001,100.22,10,105.0,False,,,True,D_CORE,True,0.8184298697524452,0.5967169714748846,0.0,True,True,True,False,False
2416,usagv2,USAGV2,fam_aa5f9e3fa900,1,singleton,family_fam_aa5f9e3fa900,1,other,98.58999999999999,98.59,10,105.0,False,,,True,D_CORE,True,,,,True,False,True,True,True
2417,usbcr2,USBCR2,fam_5690084ef848,1,singleton,family_fam_5690084ef848,1,other,99.87,99.87,10,105.0,False,,,True,A_SHOT_VAL,True,,,,True,False,True,True,True
2418,vh100pi,VH100PI,fam_5845a439d17f,1,singleton,family_fam_5845a439d17f,1,other,100.02,100.02,10,105.0,False,,,True,D_CORE,True,0.5602439814886304,0.3903199975561097,0.0,True,True,True,False,False
2419,vh100po,VH100PO,fam_9c90ea4f4c97,1,singleton,family_fam_9c90ea4f4c97,1,other,100.44,100.44,10,105.0,False,,,True,D_CORE,True,0.5756480705223542,0.3906807284747692,0.0,True,True,True,False,False
2420,vh101p,VH101P,fam_9334bda69568,1,singleton,family_fam_9334bda69568,1,other,100.37,100.37,10,105.0,False,,,True,D_CORE,True,0.5883035904040266,0.394703113590677,0.0,True,True,True,False,False
2421,vh102,VH102,fam_82f9d2fafa99,1,singleton,family_fam_82f9d2fafa99,1,other,100.3,100.3,10,105.0,False,,,True,D_CORE,True,0.917332480694399,0.8043678800280657,0.0,True,True,True,False,False
2422,vh11,VH11,fam_1e69b2e79fe9,1,singleton,family_fam_1e69b2e79fe9,1,other,99.6,99.6,10,105.0,False,,,True,D_CORE,True,0.9171828615744361,0.7954213116611604,0.0,True,True,True,False,False
2423,vh2,VH2,fam_8a4f560497b0,1,singleton,family_fam_8a4f560497b0,1,other,99.50000000000001,99.5,10,105.0,False,,,True,D_CORE,True,0.9005287546346675,0.7785159937823248,0.0,True,True,True,False,False
2424,vh20,VH20,fam_834b28649156,1,singleton,family_fam_834b28649156,1,other,100.72999999999999,100.73,10,105.0,False,,,True,D_CORE,True,0.83606439260247,0.7582938067831856,0.0,True,True,True,False,False
2425,vh200m,VH200M,fam_89e5ede30e00,1,singleton,family_fam_89e5ede30e00,1,other,100.36999999999999,100.37,10,105.0,False,,,True,T_IN,True,0.6415586895948189,0.5527536008663428,0.4920443139784796,True,True,True,False,False
2426,vh200p,VH200P,fam_db0d724b6f68,1,singleton,family_fam_db0d724b6f68,1,other,100.03,100.03,10,105.0,False,,,True,D_CORE,True,0.6043362466958946,0.39941757187878935,0.0,True,True,True,False,False
2427,vh21,VH21,fam_2a9cf2c2bd8a,1,singleton,family_fam_2a9cf2c2bd8a,1,other,99.58,99.58,10,105.0,False,,,True,D_CORE,True,0.7907347720297786,0.7097667910964852,0.0,True,True,True,False,False
2428,vh23,VH23,fam_f77bb999d5a0,1,singleton,family_fam_f77bb999d5a0,1,other,99.63999999999999,99.64,10,105.0,False,,,True,D_CORE,True,0.8583325462814451,0.7702894432831356,0.0,True,True,True,False,False
2429,vh24,VH24,fam_5fbdaae01b47,1,singleton,family_fam_5fbdaae01b47,1,other,100.05999999999997,100.06,10,105.0,False,,,True,D_CORE,True,0.8369575851585389,0.7374048877094338,0.0,True,True,True,False,False
2430,vh26,VH26,fam_b4d1106cf700,1,singleton,family_fam_b4d1106cf700,1,other,100.14000000000001,100.14,10,105.0,False,,,True,D_CORE,True,0.8654497165335688,0.7735655913753765,0.0,True,True,True,False,False
2431,vh27,VH27,fam_ae1ed9974eb4,1,singleton,family_fam_ae1ed9974eb4,1,other,100.36999999999998,100.37,10,105.0,False,,,True,D_CORE,True,0.8473430194400717,0.7724307445193774,0.0,True,True,True,False,False
2432,vh28,VH28,fam_83e7fbb0494a,1,singleton,family_fam_83e7fbb0494a,1,other,100.32999999999998,100.33,10,105.0,False,,,True,D_CORE,True,1.0201184377178272,0.8666310374692614,0.0,True,True,True,False,False
2433,vh4,VH4,fam_fd7498e33232,1,singleton,family_fam_fd7498e33232,1,other,100.02,100.02,10,105.0,False,,,True,D_CORE,True,1.012863595766382,0.8660321054457568,0.0,True,True,True,False,False
2434,vh40,VH40,fam_6ea0485eb822,1,singleton,family_fam_6ea0485eb822,1,other,99.78,99.78,10,105.0,False,,,True,D_CORE,True,0.6560332843850485,0.41996456511408026,0.0,True,True,True,False,False
2435,vh41,VH41,fam_6553d61de565,1,singleton,family_fam_6553d61de565,1,other,100.35000000000001,100.35,10,105.0,False,,,True,D_CORE,True,0.8357247105403922,0.5225739571139517,0.0,True,True,True,False,False
2436,vh42,VH42,fam_017bd531fc40,1,singleton,family_fam_017bd531fc40,1,other,99.78,99.78,10,105.0,False,,,True,D_CORE,True,0.8506057861713503,0.5272879155246777,0.0,True,True,True,False,False
2437,vh43,VH43,fam_07316346564a,1,singleton,family_fam_07316346564a,1,other,100.08,100.08,10,105.0,False,,,True,D_CORE,True,0.5500253127572684,0.37303684146768556,0.0,True,True,True,False,False
2438,vh44,VH44,fam_f673c42322ee,1,singleton,family_fam_f673c42322ee,1,other,100.10999999999999,100.11,10,105.0,False,,,True,D_CORE,True,0.7979551001644967,0.47994579827088735,0.0,True,True,True,False,False
2439,vh45,VH45,fam_59d09326afad,1,singleton,family_fam_59d09326afad,1,other,100.07,100.07,10,105.0,False,,,True,D_CORE,True,0.4843606850133698,0.30342929410761044,0.0,True,True,True,False,False
2440,vh46,VH46,fam_fe13f503ef39,1,singleton,family_fam_fe13f503ef39,1,other,100.14000000000001,100.14,10,105.0,False,,,True,D_CORE,True,0.5508939817178583,0.33869067682200993,0.0,True,True,True,False,False
2441,vh47,VH47,fam_ae07fb77a523,1,singleton,family_fam_ae07fb77a523,1,other,100.38000000000001,100.38,10,105.0,False,,,True,D_CORE,True,1.0261336171564601,0.6389772438912452,0.0,True,True,True,False,False
2442,vh48,VH48,fam_f6e08bd7ad06,1,singleton,family_fam_f6e08bd7ad06,1,other,99.65,99.65,10,105.0,False,,,True,D_CORE,True,0.9489342189657386,0.5921470497521403,0.0,True,True,True,False,False
2443,vh49,VH49,fam_ee74c3427af3,1,singleton,family_fam_ee74c3427af3,1,other,99.99,99.99,10,105.0,False,,,True,D_CORE,True,0.78340640680187,0.5102873694701604,0.0,True,True,True,False,False
2444,vh5,VH5,fam_55ac132b1f5b,1,singleton,family_fam_55ac132b1f5b,1,other,100.06,100.06,10,105.0,False,,,True,T_IN,True,0.9689653864437637,0.8088159274921353,0.09724989627353206,True,True,True,False,False
2445,vh50,VH50,fam_cbfdbf2dadd1,1,singleton,family_fam_cbfdbf2dadd1,1,other,99.82999999999997,99.83,10,105.0,False,,,True,V_IN,True,0.3514568502875095,0.24835552774902703,0.471451997844755,True,True,True,False,False
2446,vh51,VH51,fam_85e3389b7058,1,singleton,family_fam_85e3389b7058,1,other,100.19,100.19,10,105.0,False,,,True,T_IN,True,0.3804962976852241,0.26698115657512717,0.39871834525347655,True,True,True,False,False
2447,vh52,VH52,fam_9184b3b26f4e,1,singleton,family_fam_9184b3b26f4e,1,other,99.68999999999998,99.69,10,105.0,False,,,True,T_IN,True,0.6286369961026275,0.4291687629382855,0.12240035415447131,True,True,True,False,False
2448,vh53,VH53,fam_2ccf359779ab,1,singleton,family_fam_2ccf359779ab,1,other,100.08,100.08,10,105.0,False,,,True,T_IN,True,0.4404250763719991,0.30301741747951744,0.3707936211685266,True,True,True,False,False
2449,vh54,VH54,fam_a07f33a35fd5,1,singleton,family_fam_a07f33a35fd5,1,other,100.25,100.25,10,105.0,False,,,True,D_CORE,True,0.5116363341217399,0.3980363011176519,0.0,True,True,True,False,False
2450,vh56,VH56,fam_0e5909b412cd,1,singleton,family_fam_0e5909b412cd,1,other,99.78000000000002,99.78,10,105.0,False,,,True,T_IN,True,0.44459644271228177,0.3232218188258976,0.6104185315546407,True,True,True,False,False
2451,vh57,VH57,fam_84fe55df84c1,1,singleton,family_fam_84fe55df84c1,1,other,100.17000000000002,100.17,10,105.0,False,,,True,T_IN,True,0.7580508199785851,0.4813700697332086,0.3570714499022505,True,True,True,False,False
2452,vh58,VH58,fam_da8eab43eba2,1,singleton,family_fam_da8eab43eba2,1,other,99.86,99.86,10,105.0,False,,,True,D_CORE,True,0.7973977563096029,0.4946562168752883,0.0,True,True,True,False,False
2453,vh6,VH6,fam_038db71fa82f,1,singleton,family_fam_038db71fa82f,1,other,100.35000000000001,100.35,10,105.0,False,,,True,A_SHOT_VAL,True,0.9230064176008016,0.7771674648499847,0.0,True,True,True,False,False
2454,vh69m,VH69M,fam_a48f0c197524,1,singleton,family_fam_a48f0c197524,1,other,99.64999999999998,99.65,10,105.0,False,,,True,D_CORE,True,0.7869663343279865,0.6827583325147495,0.0,True,True,True,False,False
2455,vh7,VH7,fam_939745b9e3d5,1,singleton,family_fam_939745b9e3d5,1,other,99.61,99.61,10,105.0,False,,,True,D_CORE,True,0.9859195891014956,0.8140174242133665,0.0,True,True,True,False,False
2456,vh80d,VH80D,fam_2738a868c302,1,singleton,family_fam_2738a868c302,1,other,99.75,99.75,10,105.0,False,,,True,D_CORE,True,0.42372361263203007,0.29504549067832897,0.0,True,True,True,False,False
2457,vh86m,VH86M,fam_0816fc6853ee,1,singleton,family_fam_0816fc6853ee,1,other,99.53999999999998,99.54,10,105.0,False,,,True,D_CORE,True,0.7479697001439755,0.6563846567508197,0.0,True,True,True,False,False
2458,vh88u,VH88U,fam_1b48b38fcf86,1,singleton,family_fam_1b48b38fcf86,1,other,100.14000000000001,100.14,10,105.0,False,,,True,V_IN,True,0.6845274989917243,0.428130303553436,0.2374926033758938,True,True,True,False,False
2459,vh91m,VH91M,fam_c1d78e7f997e,1,singleton,family_fam_c1d78e7f997e,1,other,100.42999999999999,100.43,10,105.0,False,,,True,T_IN,True,0.7930263320082652,0.6847823876765909,0.4313008712360576,True,True,True,False,False
2460,vh93d,VH93D,fam_e6e7c96bebac,1,singleton,family_fam_e6e7c96bebac,1,other,100.2,100.2,10,105.0,False,,,True,D_CORE,True,0.43175103686836175,0.29129277704929457,0.0,True,True,True,False,False
2461,vh95m,VH95M,fam_983c1149ea00,1,singleton,family_fam_983c1149ea00,1,other,100.08,100.08,10,105.0,False,,,True,D_CORE,True,0.8568643349631563,0.7525505112915173,0.0,True,True,True,False,False
2462,vh95p,VH95P,fam_3d9cfaeb93d8,1,singleton,family_fam_3d9cfaeb93d8,1,other,99.56,99.56,10,105.0,False,,,True,V_IN,True,0.4591085634518819,0.305971545887258,0.21112728510560505,True,True,True,False,False
2463,vh96p,VH96P,fam_a97dd659bf21,1,singleton,family_fam_a97dd659bf21,1,other,100.21000000000002,100.21,10,105.0,False,,,True,D_CORE,True,0.5725250346735041,0.38897618376414944,0.0,True,True,True,False,False
2464,vh97,VH97,fam_39c8d1b84b34,1,singleton,family_fam_39c8d1b84b34,1,other,100.14000000000004,100.14,10,105.0,False,,,True,D_CORE,True,0.9833538124308197,0.879265190781516,0.0,True,True,True,False,False
2465,vh98m,VH98M,fam_a604bfb7b815,1,singleton,family_fam_a604bfb7b815,1,other,99.99,99.99,10,105.0,False,,,True,T_IN,True,0.5739563630262969,0.46074529121593794,0.5804292353271616,True,True,True,False,False
2466,vh98pi,VH98PI,fam_0a7bfcd70b30,1,singleton,family_fam_0a7bfcd70b30,1,other,99.98999999999998,99.99,10,105.0,False,,,True,D_CORE,True,0.42158651292918314,0.32306245977512854,0.0,True,True,True,False,False
2467,vh98po,VH98PO,fam_d1483df236c1,1,singleton,family_fam_d1483df236c1,1,other,99.93,99.93,10,105.0,False,,,True,T_IN,True,0.44261492707747296,0.3278315908323067,0.12811397366577437,True,True,True,False,False
2468,vh99m,VH99M,fam_df3db7995cbb,1,singleton,family_fam_df3db7995cbb,1,other,100.02999999999999,100.03,10,105.0,False,,,True,T_IN,True,0.587123568229811,0.5192123999319458,0.4811469112052692,True,True,True,False,False
2469,vh99pi,VH99PI,fam_069e8b62b072,1,singleton,family_fam_069e8b62b072,1,other,100.37,100.37,10,105.0,False,,,True,D_CORE,True,0.5727128494999985,0.36302643727616707,0.0,True,True,True,False,False
2470,vh99pm,VH99PM,fam_6d0126909f56,1,singleton,family_fam_6d0126909f56,1,other,100.08999999999999,100.09,10,105.0,False,,,True,D_CORE,True,0.5347789716480531,0.36367260618260766,0.0,True,True,True,False,False
2471,vh99po,VH99PO,fam_aaf9c93a347c,1,singleton,family_fam_aaf9c93a347c,1,other,99.81000000000002,99.81,10,105.0,False,,,True,D_CORE,True,0.5551073895413589,0.36839071979037213,0.0,True,True,True,False,False
2472,vs211381,VS211381,fam_7644091b491f,1,singleton,family_fam_7644091b491f,1,other,87.96,87.96,9,105.0,False,,,True,D_CORE,False,,,,True,True,True,False,False
2473,vs211881,VS211881,fam_cdf87ec6d0fd,1,singleton,family_fam_cdf87ec6d0fd,1,other,92.11,92.11,10,105.0,False,,,True,D_CORE,False,,,,True,True,True,False,False
2474,vsmo14,VSMO14,fam_bf6c5eb4267f,1,singleton,family_fam_bf6c5eb4267f,1,other,90.44,90.44,10,105.0,False,,,True,V_IN,True,0.7161352933066132,0.5199202404013702,0.748989034538062,True,True,True,False,False
2475,vsmo15,VSMO15,fam_b464aa76acca,1,singleton,family_fam_b464aa76acca,1,other,82.67,82.67,10,105.0,False,,,True,D_CORE,True,,,,True,False,False,False,True
2476,w1,W1,fam_2927b4649cf4,1,singleton,family_fam_2927b4649cf4,1,other,90.72,90.72,10,105.0,False,,,True,T_IN,True,0.6476313158834925,0.4162961737224787,0.19527689356718037,True,True,True,False,False
2477,w10,W10,fam_513ab39fca23,1,singleton,family_fam_513ab39fca23,1,other,99.81,99.81,10,105.0,False,,,True,D_CORE,True,0.46422441991808266,0.3773131208349127,0.0,True,True,True,False,False
2478,w11,W11,fam_e3a5ccfe1004,1,singleton,family_fam_e3a5ccfe1004,1,other,99.87999999999998,99.88,10,105.0,False,,,True,D_CORE,True,0.441163808997707,0.3540993530595851,0.0,True,True,True,False,False
2479,w12,W12,fam_c9f0ec5c99dd,1,singleton,family_fam_c9f0ec5c99dd,1,other,100.02999999999999,100.03,10,105.0,False,,,True,D_CORE,True,0.5560302874303272,0.43595182415392575,0.0,True,True,True,False,False
2480,w13,W13,fam_adc78f784c9d,1,singleton,family_fam_adc78f784c9d,1,other,100.08000000000001,100.08,10,105.0,False,,,True,D_CORE,True,0.41194344137320416,0.33222332767868135,0.0,True,True,True,False,False
2481,w14k,W14K,fam_c6292464cd24,1,singleton,family_fam_c6292464cd24,1,other,99.44,99.44,10,105.0,False,,,True,D_CORE,True,0.7119897046429238,0.49660263075958744,0.0,True,True,True,False,False
2482,w17,W17,fam_5c93e9c9687f,1,singleton,family_fam_5c93e9c9687f,1,other,99.99,99.99,10,105.0,False,,,True,D_CORE,True,0.43468811539472685,0.342077230783086,0.0,True,True,True,False,False
2483,w18,W18,fam_139d013d2034,1,singleton,family_fam_139d013d2034,1,other,100.14000000000001,100.14,10,105.0,False,,,True,D_CORE,True,0.5108509997483204,0.4290876247033909,0.0,True,True,True,False,False
2484,w19,W19,fam_89510a02238e,1,singleton,family_fam_89510a02238e,1,other,100.27000000000001,100.27,10,105.0,False,,,True,D_CORE,True,0.4288940565879741,0.3701566679357017,0.0,True,True,True,False,False
2485,w2,W2,fam_f6e7c3ddf46d,4,name_alias,family_fam_f6e7c3ddf46d,4,other,91.09,91.09,10,105.0,False,,,True,D_CORE,True,,,,True,False,True,False,False
2486,w21,W21,fam_af6ae804b491,1,singleton,family_fam_af6ae804b491,1,other,99.85000000000001,99.85,10,105.0,False,,,True,A_SEEN_TEST,True,0.6622666615970352,0.48258837983381425,0.0,True,True,True,False,False
2487,w22,W22,fam_fd4fdb8e9a85,1,singleton,family_fam_fd4fdb8e9a85,1,other,99.9,99.9,10,105.0,False,,,True,D_CORE,True,0.6577646794968082,0.5085472353036443,0.0,True,True,True,False,False
2488,w23,W23,fam_571a1af6f5ad,1,singleton,family_fam_571a1af6f5ad,1,other,99.83999999999999,99.84,10,105.0,False,,,True,D_CORE,True,0.5730861610388612,0.46726506096378884,0.0,True,True,True,False,False
2489,w24,W24,fam_7ee2007e2b46,1,singleton,family_fam_7ee2007e2b46,1,other,99.61999999999999,99.62,10,105.0,False,,,True,A_SEEN_TEST,True,0.8091868203843156,0.6213908494393239,0.0,True,True,True,False,False
2490,w2ma,W2MA,fam_f6e7c3ddf46d,4,name_alias+exact_chemistry,family_fam_f6e7c3ddf46d,4,other,100.39,100.39,10,105.0,False,,,True,D_CORE,True,0.38193422295729046,0.25876269585267725,0.0,True,True,True,False,False
2491,w2mb,W2MB,fam_f6e7c3ddf46d,4,name_alias+exact_chemistry,family_fam_f6e7c3ddf46d,4,other,100.39,100.39,10,105.0,False,,,True,D_CORE,True,0.38193422295729046,0.25876269585267725,0.0,True,True,True,False,False
2492,w2md,W2MD,fam_f6e7c3ddf46d,4,name_alias+exact_chemistry,family_fam_f6e7c3ddf46d,4,other,100.39,100.39,10,105.0,False,,,True,D_CORE,True,0.38193422295729046,0.25876269585267725,0.0,True,True,True,False,False
2493,w2r,W2R,fam_ec381a00345e,1,singleton,family_fam_ec381a00345e,1,other,100.13000000000001,100.13,10,105.0,False,,,True,A_SHOT_VAL,True,0.5573413997418123,0.4480965284794174,0.0,True,True,True,False,False
2494,w3,W3,fam_2dda784cf25c,1,singleton,family_fam_2dda784cf25c,1,other,99.83000000000001,99.83,10,105.0,False,,,True,D_CORE,True,0.4784192895103979,0.3559943883719603,0.0,True,True,True,False,False
2495,w4,W4,fam_65fe0fa36859,1,singleton,family_fam_65fe0fa36859,1,other,100.07000000000001,100.07,10,105.0,False,,,True,D_CORE,True,0.5271340692215774,0.3965695350910443,0.0,True,True,True,False,False
2496,w5,W5,fam_93a28c3966d6,1,singleton,family_fam_93a28c3966d6,1,other,100.26,100.26,10,105.0,False,,,True,D_CORE,True,0.512932080454552,0.4034136077710784,0.0,True,True,True,False,False
2497,w6,W6,fam_5c7eacca8273,1,singleton,family_fam_5c7eacca8273,1,other,99.61000000000001,99.61,10,105.0,False,,,True,D_CORE,True,0.5096549953509036,0.4136187971538573,0.0,True,True,True,False,False
2498,w7,W7,fam_3caf47a77e98,1,singleton,family_fam_3caf47a77e98,1,other,99.99000000000001,99.99,10,105.0,False,,,True,D_CORE,True,0.5830771979663555,0.4467091663467091,0.0,True,True,True,False,False
2499,w8,W8,fam_04a80b487701,1,singleton,family_fam_04a80b487701,1,other,99.73,99.73,10,105.0,False,,,True,D_CORE,True,0.48882483588370645,0.4031141829332133,0.0,True,True,True,False,False
2500,w9,W9,fam_ed6ee239b862,1,singleton,family_fam_ed6ee239b862,1,other,100.2,100.2,10,105.0,False,,,True,A_SHOT_VAL,True,0.46038757706275957,0.38367438085197364,0.0,True,True,True,False,False
2501,wc1,WC1,fam_93c9fabbb624,1,singleton,family_fam_93c9fabbb624,1,other,95.50999999999999,95.51,9,105.0,False,,,True,D_CORE,False,,,,True,True,True,False,False
2502,wc12530,WC12530,fam_76acbd618942,1,singleton,family_fam_76acbd618942,1,other,99.95,99.95,10,105.0,False,,,True,D_CORE,True,0.9062408217210418,0.6087021588443693,0.0,True,True,True,False,False
2503,wc19500,WC19500,fam_6c3a1b52be62,1,singleton,family_fam_6c3a1b52be62,1,other,100.01,100.01,10,105.0,False,,,True,V_OOD,True,1.8149348899006466,1.2761288648514253,1.238929068839547,True,True,True,False,False
2504,we73,WE73,fam_c553aff374a4,1,singleton,family_fam_c553aff374a4,1,other,99.68999999999998,99.69,10,105.0,False,,,True,A_SEEN_TEST,True,0.9498101729243192,0.5989001786085689,0.0,True,True,True,False,False
2505,whks0305,WHKS0305,fam_78494f0715d7,1,singleton,family_fam_78494f0715d7,1,other,99.89999999999999,99.9,10,105.0,False,,,True,D_CORE,True,0.5467758715968893,0.37224442142864256,0.0,True,True,True,False,False
2506,whks0306,WHKS0306,fam_b02c0f358cab,1,singleton,family_fam_b02c0f358cab,1,other,100.03999999999999,100.04,10,105.0,False,,,True,D_CORE,True,0.5185729306439526,0.34915332568023655,0.0,True,True,True,False,False
2507,whks0307,WHKS0307,fam_f0783f9119ea,1,singleton,family_fam_f0783f9119ea,1,other,100.25,100.25,10,105.0,False,,,True,D_CORE,True,0.5371740610838454,0.35580807298984357,0.0,True,True,True,False,False
2508,wse,WSE,fam_79e9841c585b,1,singleton,family_fam_79e9841c585b,1,other,89.13999999999999,89.14,10,105.0,False,,,True,A_SEEN_TEST,True,0.44954998115786204,0.34269132950883735,0.0,True,True,True,False,False
2509,x208,X208,fam_2db24afd0bb5,1,singleton,family_fam_2db24afd0bb5,1,other,99.84,99.84,10,105.0,False,,,True,D_CORE,True,,,,True,False,True,True,True
2510,zwc,ZWC,fam_602c2e26a927,1,singleton,family_fam_602c2e26a927,1,other,91.53,91.53,10,105.0,False,,,True,D_CORE,False,,,,True,True,True,False,False
